{
 "type": "FeatureCollection",
 "features": [
  {
   "type": "Feature",
   "geometry": {
    "type": "Point",
    "coordinates": [
     -88.773741,
     35.620931
    ]
   },
   "properties": {
    "id": "osm-node-356868964",
    "name": "Kate Campbell Anderson Memorial Park",
    "source": "osm",
    "status": "verified",
    "confidence": null,
    "hoops": null,
    "surface": null,
    "lit": null,
    "address": null,
    "region": "tennessee",
    "osm_id": "node/356868964",
    "updated": "2026-10-08"
   }
  },
  {
   "type": "Feature",
   "geometry": {
    "type": "Point",
    "coordinates": [
     -82.341294,
     36.320732
    ]
   },
   "properties": {
    "id": "osm-node-356885480",
    "name": "Memorial Park",
    "source": "osm",
    "status": "verified",
    "confidence": null,
    "hoops": null,
    "surface": null,
    "lit": null,
    "address": null,
    "region": "tennessee",
    "osm_id": "node/356885480",
    "updated": "2026-10-08"
   }
  },
  {
   "type": "Feature",
   "geometry": {
    "type": "Point",
    "coordinates": [
     -84.199947,
     36.273198
    ]
   },
   "properties": {
    "id": "osm-node-4320830174",
    "name": null,
    "source": "osm",
    "status": "verified",
    "confidence": null,
    "hoops": null,
    "surface": null,
    "lit": null,
    "address": null,
    "region": "tennessee",
    "osm_id": "node/4320830174",
    "updated": "2026-10-08"
   }
  },
  {
   "type": "Feature",
   "geometry": {
    "type": "Point",
    "coordinates": [
     -82.406672,
     36.32084
    ]
   },
   "properties": {
    "id": "osm-node-5074733237",
    "name": null,
    "source": "osm",
    "status": "verified",
    "confidence": null,
    "hoops": 2,
    "surface": null,
    "lit": null,
    "address": null,
    "region": "tennessee",
    "osm_id": "node/5074733237",
    "updated": "2026-10-08"
   }
  },
  {
   "type": "Feature",
   "geometry": {
    "type": "Point",
    "coordinates": [
     -82.839284,
     36.333486
    ]
   },
   "properties": {
    "id": "osm-node-5546507552",
    "name": "Bert Starnes Gymnasium",
    "source": "osm",
    "status": "verified",
    "confidence": null,
    "hoops": 3,
    "surface": "wood",
    "lit": true,
    "address": null,
    "region": "tennessee",
    "osm_id": "node/5546507552",
    "updated": "2026-10-08"
   }
  },
  {
   "type": "Feature",
   "geometry": {
    "type": "Point",
    "coordinates": [
     -86.570389,
     36.321192
    ]
   },
   "properties": {
    "id": "osm-node-6238922082",
    "name": "YMCA",
    "source": "osm",
    "status": "verified",
    "confidence": null,
    "hoops": null,
    "surface": null,
    "lit": null,
    "address": null,
    "region": "tennessee",
    "osm_id": "node/6238922082",
    "updated": "2026-10-08"
   }
  },
  {
   "type": "Feature",
   "geometry": {
    "type": "Point",
    "coordinates": [
     -87.312734,
     36.051751
    ]
   },
   "properties": {
    "id": "osm-node-7237081613",
    "name": null,
    "source": "osm",
    "status": "verified",
    "confidence": null,
    "hoops": null,
    "surface": null,
    "lit": null,
    "address": null,
    "region": "tennessee",
    "osm_id": "node/7237081613",
    "updated": "2026-10-08"
   }
  },
  {
   "type": "Feature",
   "geometry": {
    "type": "Point",
    "coordinates": [
     -84.19986,
     36.27327
    ]
   },
   "properties": {
    "id": "osm-node-8731919756",
    "name": null,
    "source": "osm",
    "status": "verified",
    "confidence": null,
    "hoops": null,
    "surface": null,
    "lit": null,
    "address": null,
    "region": "tennessee",
    "osm_id": "node/8731919756",
    "updated": "2026-10-08"
   }
  },
  {
   "type": "Feature",
   "geometry": {
    "type": "Point",
    "coordinates": [
     -86.121292,
     35.263468
    ]
   },
   "properties": {
    "id": "osm-node-9992030660",
    "name": null,
    "source": "osm",
    "status": "verified",
    "confidence": null,
    "hoops": null,
    "surface": null,
    "lit": null,
    "address": null,
    "region": "tennessee",
    "osm_id": "node/9992030660",
    "updated": "2026-10-08"
   }
  },
  {
   "type": "Feature",
   "geometry": {
    "type": "Point",
    "coordinates": [
     -86.215319,
     35.353693
    ]
   },
   "properties": {
    "id": "osm-node-9992046875",
    "name": null,
    "source": "osm",
    "status": "verified",
    "confidence": null,
    "hoops": null,
    "surface": null,
    "lit": null,
    "address": null,
    "region": "tennessee",
    "osm_id": "node/9992046875",
    "updated": "2026-10-08"
   }
  },
  {
   "type": "Feature",
   "geometry": {
    "type": "Point",
    "coordinates": [
     -84.545736,
     35.933427
    ]
   },
   "properties": {
    "id": "osm-node-10106833167",
    "name": "Cumberland Street Basketball",
    "source": "osm",
    "status": "verified",
    "confidence": null,
    "hoops": null,
    "surface": "paved",
    "lit": false,
    "address": null,
    "region": "tennessee",
    "osm_id": "node/10106833167",
    "updated": "2026-10-08"
   }
  },
  {
   "type": "Feature",
   "geometry": {
    "type": "Point",
    "coordinates": [
     -89.01757,
     35.030765
    ]
   },
   "properties": {
    "id": "osm-node-10119391781",
    "name": "Cherokee Landing Basketball Court #1",
    "source": "osm",
    "status": "verified",
    "confidence": null,
    "hoops": null,
    "surface": null,
    "lit": null,
    "address": null,
    "region": "tennessee",
    "osm_id": "node/10119391781",
    "updated": "2026-10-08"
   }
  },
  {
   "type": "Feature",
   "geometry": {
    "type": "Point",
    "coordinates": [
     -89.019289,
     35.024032
    ]
   },
   "properties": {
    "id": "osm-node-10119391789",
    "name": "Cherokee Landing Basketball Court #2",
    "source": "osm",
    "status": "verified",
    "confidence": null,
    "hoops": 1,
    "surface": "grass",
    "lit": null,
    "address": null,
    "region": "tennessee",
    "osm_id": "node/10119391789",
    "updated": "2026-10-08"
   }
  },
  {
   "type": "Feature",
   "geometry": {
    "type": "Point",
    "coordinates": [
     -89.017565,
     35.030757
    ]
   },
   "properties": {
    "id": "osm-node-10119743543",
    "name": "Cherokee Landing Basketball Court #1",
    "source": "osm",
    "status": "verified",
    "confidence": null,
    "hoops": 1,
    "surface": "asphalt",
    "lit": true,
    "address": null,
    "region": "tennessee",
    "osm_id": "node/10119743543",
    "updated": "2026-10-08"
   }
  },
  {
   "type": "Feature",
   "geometry": {
    "type": "Point",
    "coordinates": [
     -83.456084,
     35.802862
    ]
   },
   "properties": {
    "id": "osm-node-10241276281",
    "name": null,
    "source": "osm",
    "status": "verified",
    "confidence": null,
    "hoops": null,
    "surface": null,
    "lit": null,
    "address": null,
    "region": "tennessee",
    "osm_id": "node/10241276281",
    "updated": "2026-10-08"
   }
  },
  {
   "type": "Feature",
   "geometry": {
    "type": "Point",
    "coordinates": [
     -83.456034,
     35.803003
    ]
   },
   "properties": {
    "id": "osm-node-10241276282",
    "name": null,
    "source": "osm",
    "status": "verified",
    "confidence": null,
    "hoops": null,
    "surface": null,
    "lit": null,
    "address": null,
    "region": "tennessee",
    "osm_id": "node/10241276282",
    "updated": "2026-10-08"
   }
  },
  {
   "type": "Feature",
   "geometry": {
    "type": "Point",
    "coordinates": [
     -86.7722,
     35.993051
    ]
   },
   "properties": {
    "id": "osm-node-10624807898",
    "name": null,
    "source": "osm",
    "status": "verified",
    "confidence": null,
    "hoops": null,
    "surface": null,
    "lit": null,
    "address": null,
    "region": "tennessee",
    "osm_id": "node/10624807898",
    "updated": "2026-10-08"
   }
  },
  {
   "type": "Feature",
   "geometry": {
    "type": "Point",
    "coordinates": [
     -86.506902,
     35.784404
    ]
   },
   "properties": {
    "id": "osm-node-10814743563",
    "name": null,
    "source": "osm",
    "status": "verified",
    "confidence": null,
    "hoops": null,
    "surface": null,
    "lit": null,
    "address": null,
    "region": "tennessee",
    "osm_id": "node/10814743563",
    "updated": "2026-10-08"
   }
  },
  {
   "type": "Feature",
   "geometry": {
    "type": "Point",
    "coordinates": [
     -83.552869,
     35.856781
    ]
   },
   "properties": {
    "id": "osm-node-11076301582",
    "name": null,
    "source": "osm",
    "status": "verified",
    "confidence": null,
    "hoops": null,
    "surface": null,
    "lit": null,
    "address": null,
    "region": "tennessee",
    "osm_id": "node/11076301582",
    "updated": "2026-10-08"
   }
  },
  {
   "type": "Feature",
   "geometry": {
    "type": "Point",
    "coordinates": [
     -84.260546,
     36.013065
    ]
   },
   "properties": {
    "id": "osm-node-11128906710",
    "name": null,
    "source": "osm",
    "status": "verified",
    "confidence": null,
    "hoops": null,
    "surface": null,
    "lit": null,
    "address": null,
    "region": "tennessee",
    "osm_id": "node/11128906710",
    "updated": "2026-10-08"
   }
  },
  {
   "type": "Feature",
   "geometry": {
    "type": "Point",
    "coordinates": [
     -84.220015,
     36.068404
    ]
   },
   "properties": {
    "id": "osm-node-11310154649",
    "name": null,
    "source": "osm",
    "status": "verified",
    "confidence": null,
    "hoops": null,
    "surface": null,
    "lit": null,
    "address": null,
    "region": "tennessee",
    "osm_id": "node/11310154649",
    "updated": "2026-10-08"
   }
  },
  {
   "type": "Feature",
   "geometry": {
    "type": "Point",
    "coordinates": [
     -84.534418,
     35.32777
    ]
   },
   "properties": {
    "id": "osm-node-11329614812",
    "name": null,
    "source": "osm",
    "status": "verified",
    "confidence": null,
    "hoops": null,
    "surface": null,
    "lit": null,
    "address": null,
    "region": "tennessee",
    "osm_id": "node/11329614812",
    "updated": "2026-10-08"
   }
  },
  {
   "type": "Feature",
   "geometry": {
    "type": "Point",
    "coordinates": [
     -84.881657,
     35.158494
    ]
   },
   "properties": {
    "id": "osm-node-11329740739",
    "name": null,
    "source": "osm",
    "status": "verified",
    "confidence": null,
    "hoops": null,
    "surface": null,
    "lit": null,
    "address": null,
    "region": "tennessee",
    "osm_id": "node/11329740739",
    "updated": "2026-10-08"
   }
  },
  {
   "type": "Feature",
   "geometry": {
    "type": "Point",
    "coordinates": [
     -85.708149,
     35.012082
    ]
   },
   "properties": {
    "id": "osm-node-11331891260",
    "name": null,
    "source": "osm",
    "status": "verified",
    "confidence": null,
    "hoops": null,
    "surface": null,
    "lit": null,
    "address": null,
    "region": "tennessee",
    "osm_id": "node/11331891260",
    "updated": "2026-10-08"
   }
  },
  {
   "type": "Feature",
   "geometry": {
    "type": "Point",
    "coordinates": [
     -84.371332,
     35.324909
    ]
   },
   "properties": {
    "id": "osm-node-11346523561",
    "name": null,
    "source": "osm",
    "status": "verified",
    "confidence": null,
    "hoops": null,
    "surface": null,
    "lit": null,
    "address": null,
    "region": "tennessee",
    "osm_id": "node/11346523561",
    "updated": "2026-10-08"
   }
  },
  {
   "type": "Feature",
   "geometry": {
    "type": "Point",
    "coordinates": [
     -84.387002,
     36.340599
    ]
   },
   "properties": {
    "id": "osm-node-11387812852",
    "name": null,
    "source": "osm",
    "status": "verified",
    "confidence": null,
    "hoops": null,
    "surface": null,
    "lit": null,
    "address": null,
    "region": "tennessee",
    "osm_id": "node/11387812852",
    "updated": "2026-10-08"
   }
  },
  {
   "type": "Feature",
   "geometry": {
    "type": "Point",
    "coordinates": [
     -84.518516,
     35.847294
    ]
   },
   "properties": {
    "id": "osm-node-11394587423",
    "name": null,
    "source": "osm",
    "status": "verified",
    "confidence": null,
    "hoops": null,
    "surface": null,
    "lit": null,
    "address": null,
    "region": "tennessee",
    "osm_id": "node/11394587423",
    "updated": "2026-10-08"
   }
  },
  {
   "type": "Feature",
   "geometry": {
    "type": "Point",
    "coordinates": [
     -87.915727,
     36.561346
    ]
   },
   "properties": {
    "id": "osm-node-11420987314",
    "name": null,
    "source": "osm",
    "status": "verified",
    "confidence": null,
    "hoops": null,
    "surface": null,
    "lit": null,
    "address": null,
    "region": "tennessee",
    "osm_id": "node/11420987314",
    "updated": "2026-10-08"
   }
  },
  {
   "type": "Feature",
   "geometry": {
    "type": "Point",
    "coordinates": [
     -87.915823,
     36.561127
    ]
   },
   "properties": {
    "id": "osm-node-11420987315",
    "name": null,
    "source": "osm",
    "status": "verified",
    "confidence": null,
    "hoops": null,
    "surface": null,
    "lit": null,
    "address": null,
    "region": "tennessee",
    "osm_id": "node/11420987315",
    "updated": "2026-10-08"
   }
  },
  {
   "type": "Feature",
   "geometry": {
    "type": "Point",
    "coordinates": [
     -84.574879,
     36.104247
    ]
   },
   "properties": {
    "id": "osm-node-11596901228",
    "name": null,
    "source": "osm",
    "status": "verified",
    "confidence": null,
    "hoops": null,
    "surface": null,
    "lit": null,
    "address": null,
    "region": "tennessee",
    "osm_id": "node/11596901228",
    "updated": "2026-10-08"
   }
  },
  {
   "type": "Feature",
   "geometry": {
    "type": "Point",
    "coordinates": [
     -84.788349,
     35.521716
    ]
   },
   "properties": {
    "id": "osm-node-11631684243",
    "name": null,
    "source": "osm",
    "status": "verified",
    "confidence": null,
    "hoops": null,
    "surface": null,
    "lit": null,
    "address": null,
    "region": "tennessee",
    "osm_id": "node/11631684243",
    "updated": "2026-10-08"
   }
  },
  {
   "type": "Feature",
   "geometry": {
    "type": "Point",
    "coordinates": [
     -84.785542,
     35.519077
    ]
   },
   "properties": {
    "id": "osm-node-11631684267",
    "name": null,
    "source": "osm",
    "status": "verified",
    "confidence": null,
    "hoops": null,
    "surface": null,
    "lit": null,
    "address": null,
    "region": "tennessee",
    "osm_id": "node/11631684267",
    "updated": "2026-10-08"
   }
  },
  {
   "type": "Feature",
   "geometry": {
    "type": "Point",
    "coordinates": [
     -85.400884,
     35.360768
    ]
   },
   "properties": {
    "id": "osm-node-12253355895",
    "name": null,
    "source": "osm",
    "status": "verified",
    "confidence": null,
    "hoops": null,
    "surface": null,
    "lit": null,
    "address": null,
    "region": "tennessee",
    "osm_id": "node/12253355895",
    "updated": "2026-10-08"
   }
  },
  {
   "type": "Feature",
   "geometry": {
    "type": "Point",
    "coordinates": [
     -86.929165,
     36.209312
    ]
   },
   "properties": {
    "id": "osm-node-12342391520",
    "name": null,
    "source": "osm",
    "status": "verified",
    "confidence": null,
    "hoops": null,
    "surface": null,
    "lit": null,
    "address": null,
    "region": "tennessee",
    "osm_id": "node/12342391520",
    "updated": "2026-10-08"
   }
  },
  {
   "type": "Feature",
   "geometry": {
    "type": "Point",
    "coordinates": [
     -84.031416,
     36.287152
    ]
   },
   "properties": {
    "id": "osm-node-12426533011",
    "name": null,
    "source": "osm",
    "status": "verified",
    "confidence": null,
    "hoops": null,
    "surface": null,
    "lit": null,
    "address": null,
    "region": "tennessee",
    "osm_id": "node/12426533011",
    "updated": "2026-10-08"
   }
  },
  {
   "type": "Feature",
   "geometry": {
    "type": "Point",
    "coordinates": [
     -84.070909,
     35.90076
    ]
   },
   "properties": {
    "id": "osm-node-12860783652",
    "name": null,
    "source": "osm",
    "status": "verified",
    "confidence": null,
    "hoops": null,
    "surface": null,
    "lit": null,
    "address": null,
    "region": "tennessee",
    "osm_id": "node/12860783652",
    "updated": "2026-10-08"
   }
  },
  {
   "type": "Feature",
   "geometry": {
    "type": "Point",
    "coordinates": [
     -86.759677,
     35.959305
    ]
   },
   "properties": {
    "id": "osm-node-12993398221",
    "name": null,
    "source": "osm",
    "status": "verified",
    "confidence": null,
    "hoops": null,
    "surface": null,
    "lit": null,
    "address": null,
    "region": "tennessee",
    "osm_id": "node/12993398221",
    "updated": "2026-10-08"
   }
  },
  {
   "type": "Feature",
   "geometry": {
    "type": "Point",
    "coordinates": [
     -86.759988,
     35.959538
    ]
   },
   "properties": {
    "id": "osm-node-12993415468",
    "name": null,
    "source": "osm",
    "status": "verified",
    "confidence": null,
    "hoops": null,
    "surface": null,
    "lit": null,
    "address": null,
    "region": "tennessee",
    "osm_id": "node/12993415468",
    "updated": "2026-10-08"
   }
  },
  {
   "type": "Feature",
   "geometry": {
    "type": "Point",
    "coordinates": [
     -88.858929,
     35.678162
    ]
   },
   "properties": {
    "id": "osm-node-13357765253",
    "name": null,
    "source": "osm",
    "status": "verified",
    "confidence": null,
    "hoops": null,
    "surface": null,
    "lit": null,
    "address": null,
    "region": "tennessee",
    "osm_id": "node/13357765253",
    "updated": "2026-10-08"
   }
  },
  {
   "type": "Feature",
   "geometry": {
    "type": "Point",
    "coordinates": [
     -89.991102,
     35.170725
    ]
   },
   "properties": {
    "id": "osm-node-13363727825",
    "name": null,
    "source": "osm",
    "status": "verified",
    "confidence": null,
    "hoops": null,
    "surface": null,
    "lit": null,
    "address": null,
    "region": "tennessee",
    "osm_id": "node/13363727825",
    "updated": "2026-10-08"
   }
  },
  {
   "type": "Feature",
   "geometry": {
    "type": "Point",
    "coordinates": [
     -85.026911,
     35.968999
    ]
   },
   "properties": {
    "id": "osm-node-13374783414",
    "name": null,
    "source": "osm",
    "status": "verified",
    "confidence": null,
    "hoops": null,
    "surface": null,
    "lit": null,
    "address": null,
    "region": "tennessee",
    "osm_id": "node/13374783414",
    "updated": "2026-10-08"
   }
  },
  {
   "type": "Feature",
   "geometry": {
    "type": "Point",
    "coordinates": [
     -85.027082,
     35.968992
    ]
   },
   "properties": {
    "id": "osm-node-13374783415",
    "name": null,
    "source": "osm",
    "status": "verified",
    "confidence": null,
    "hoops": null,
    "surface": null,
    "lit": null,
    "address": null,
    "region": "tennessee",
    "osm_id": "node/13374783415",
    "updated": "2026-10-08"
   }
  },
  {
   "type": "Feature",
   "geometry": {
    "type": "Point",
    "coordinates": [
     -87.34112,
     36.517741
    ]
   },
   "properties": {
    "id": "osm-node-13410777933",
    "name": null,
    "source": "osm",
    "status": "verified",
    "confidence": null,
    "hoops": null,
    "surface": null,
    "lit": null,
    "address": null,
    "region": "tennessee",
    "osm_id": "node/13410777933",
    "updated": "2026-10-08"
   }
  },
  {
   "type": "Feature",
   "geometry": {
    "type": "Point",
    "coordinates": [
     -87.341011,
     36.517646
    ]
   },
   "properties": {
    "id": "osm-node-13410777934",
    "name": null,
    "source": "osm",
    "status": "verified",
    "confidence": null,
    "hoops": null,
    "surface": null,
    "lit": null,
    "address": null,
    "region": "tennessee",
    "osm_id": "node/13410777934",
    "updated": "2026-10-08"
   }
  },
  {
   "type": "Feature",
   "geometry": {
    "type": "Point",
    "coordinates": [
     -87.528893,
     36.532985
    ]
   },
   "properties": {
    "id": "osm-node-13410777956",
    "name": null,
    "source": "osm",
    "status": "verified",
    "confidence": null,
    "hoops": null,
    "surface": null,
    "lit": null,
    "address": null,
    "region": "tennessee",
    "osm_id": "node/13410777956",
    "updated": "2026-10-08"
   }
  },
  {
   "type": "Feature",
   "geometry": {
    "type": "Point",
    "coordinates": [
     -86.81773,
     36.187469
    ]
   },
   "properties": {
    "id": "osm-node-13410850262",
    "name": null,
    "source": "osm",
    "status": "verified",
    "confidence": null,
    "hoops": null,
    "surface": null,
    "lit": null,
    "address": null,
    "region": "tennessee",
    "osm_id": "node/13410850262",
    "updated": "2026-10-08"
   }
  },
  {
   "type": "Feature",
   "geometry": {
    "type": "Point",
    "coordinates": [
     -86.798769,
     36.173274
    ]
   },
   "properties": {
    "id": "osm-node-13410850288",
    "name": null,
    "source": "osm",
    "status": "verified",
    "confidence": null,
    "hoops": null,
    "surface": null,
    "lit": null,
    "address": null,
    "region": "tennessee",
    "osm_id": "node/13410850288",
    "updated": "2026-10-08"
   }
  },
  {
   "type": "Feature",
   "geometry": {
    "type": "Point",
    "coordinates": [
     -86.759969,
     36.148861
    ]
   },
   "properties": {
    "id": "osm-node-13410947854",
    "name": null,
    "source": "osm",
    "status": "verified",
    "confidence": null,
    "hoops": null,
    "surface": null,
    "lit": null,
    "address": null,
    "region": "tennessee",
    "osm_id": "node/13410947854",
    "updated": "2026-10-08"
   }
  },
  {
   "type": "Feature",
   "geometry": {
    "type": "Point",
    "coordinates": [
     -86.759792,
     36.148839
    ]
   },
   "properties": {
    "id": "osm-node-13410947855",
    "name": null,
    "source": "osm",
    "status": "verified",
    "confidence": null,
    "hoops": null,
    "surface": null,
    "lit": null,
    "address": null,
    "region": "tennessee",
    "osm_id": "node/13410947855",
    "updated": "2026-10-08"
   }
  },
  {
   "type": "Feature",
   "geometry": {
    "type": "Point",
    "coordinates": [
     -86.461707,
     36.397155
    ]
   },
   "properties": {
    "id": "osm-node-13410947941",
    "name": null,
    "source": "osm",
    "status": "verified",
    "confidence": null,
    "hoops": null,
    "surface": null,
    "lit": null,
    "address": null,
    "region": "tennessee",
    "osm_id": "node/13410947941",
    "updated": "2026-10-08"
   }
  },
  {
   "type": "Feature",
   "geometry": {
    "type": "Point",
    "coordinates": [
     -86.461557,
     36.397126
    ]
   },
   "properties": {
    "id": "osm-node-13410947942",
    "name": null,
    "source": "osm",
    "status": "verified",
    "confidence": null,
    "hoops": null,
    "surface": null,
    "lit": null,
    "address": null,
    "region": "tennessee",
    "osm_id": "node/13410947942",
    "updated": "2026-10-08"
   }
  },
  {
   "type": "Feature",
   "geometry": {
    "type": "Point",
    "coordinates": [
     -82.381863,
     36.294731
    ]
   },
   "properties": {
    "id": "osm-node-13704292649",
    "name": null,
    "source": "osm",
    "status": "verified",
    "confidence": null,
    "hoops": null,
    "surface": null,
    "lit": null,
    "address": null,
    "region": "tennessee",
    "osm_id": "node/13704292649",
    "updated": "2026-10-08"
   }
  },
  {
   "type": "Feature",
   "geometry": {
    "type": "Point",
    "coordinates": [
     -89.837005,
     35.340438
    ]
   },
   "properties": {
    "id": "osm-node-13814939854",
    "name": null,
    "source": "osm",
    "status": "verified",
    "confidence": null,
    "hoops": null,
    "surface": null,
    "lit": null,
    "address": null,
    "region": "tennessee",
    "osm_id": "node/13814939854",
    "updated": "2026-10-08"
   }
  },
  {
   "type": "Feature",
   "geometry": {
    "type": "Point",
    "coordinates": [
     -89.836806,
     35.34051
    ]
   },
   "properties": {
    "id": "osm-node-13814939855",
    "name": null,
    "source": "osm",
    "status": "verified",
    "confidence": null,
    "hoops": null,
    "surface": null,
    "lit": null,
    "address": null,
    "region": "tennessee",
    "osm_id": "node/13814939855",
    "updated": "2026-10-08"
   }
  },
  {
   "type": "Feature",
   "geometry": {
    "type": "Point",
    "coordinates": [
     -88.998443,
     35.251784
    ]
   },
   "properties": {
    "id": "osm-node-13873123659",
    "name": null,
    "source": "osm",
    "status": "verified",
    "confidence": null,
    "hoops": null,
    "surface": null,
    "lit": null,
    "address": null,
    "region": "tennessee",
    "osm_id": "node/13873123659",
    "updated": "2026-10-08"
   }
  },
  {
   "type": "Feature",
   "geometry": {
    "type": "Point",
    "coordinates": [
     -88.998462,
     35.251613
    ]
   },
   "properties": {
    "id": "osm-node-13873123660",
    "name": null,
    "source": "osm",
    "status": "verified",
    "confidence": null,
    "hoops": null,
    "surface": null,
    "lit": null,
    "address": null,
    "region": "tennessee",
    "osm_id": "node/13873123660",
    "updated": "2026-10-08"
   }
  },
  {
   "type": "Feature",
   "geometry": {
    "type": "Point",
    "coordinates": [
     -88.99847,
     35.251528
    ]
   },
   "properties": {
    "id": "osm-node-13873123661",
    "name": null,
    "source": "osm",
    "status": "verified",
    "confidence": null,
    "hoops": null,
    "surface": null,
    "lit": null,
    "address": null,
    "region": "tennessee",
    "osm_id": "node/13873123661",
    "updated": "2026-10-08"
   }
  },
  {
   "type": "Feature",
   "geometry": {
    "type": "Point",
    "coordinates": [
     -89.688131,
     35.203101
    ]
   },
   "properties": {
    "id": "osm-node-13950381571",
    "name": null,
    "source": "osm",
    "status": "verified",
    "confidence": null,
    "hoops": null,
    "surface": null,
    "lit": null,
    "address": null,
    "region": "tennessee",
    "osm_id": "node/13950381571",
    "updated": "2026-10-08"
   }
  },
  {
   "type": "Feature",
   "geometry": {
    "type": "Point",
    "coordinates": [
     -90.050802,
     35.138203
    ]
   },
   "properties": {
    "id": "osm-way-25123704",
    "name": "FedExForum",
    "source": "osm",
    "status": "verified",
    "confidence": null,
    "hoops": null,
    "surface": null,
    "lit": null,
    "address": null,
    "region": "tennessee",
    "osm_id": "way/25123704",
    "updated": "2026-10-08"
   }
  },
  {
   "type": "Feature",
   "geometry": {
    "type": "Point",
    "coordinates": [
     -90.112477,
     35.066907
    ]
   },
   "properties": {
    "id": "osm-way-54228679",
    "name": null,
    "source": "osm",
    "status": "verified",
    "confidence": null,
    "hoops": null,
    "surface": null,
    "lit": null,
    "address": null,
    "region": "tennessee",
    "osm_id": "way/54228679",
    "updated": "2026-10-08"
   }
  },
  {
   "type": "Feature",
   "geometry": {
    "type": "Point",
    "coordinates": [
     -86.383298,
     35.839027
    ]
   },
   "properties": {
    "id": "osm-way-114633125",
    "name": null,
    "source": "osm",
    "status": "verified",
    "confidence": null,
    "hoops": null,
    "surface": null,
    "lit": null,
    "address": null,
    "region": "tennessee",
    "osm_id": "way/114633125",
    "updated": "2026-10-08"
   }
  },
  {
   "type": "Feature",
   "geometry": {
    "type": "Point",
    "coordinates": [
     -85.2537,
     35.066201
    ]
   },
   "properties": {
    "id": "osm-way-120307977",
    "name": null,
    "source": "osm",
    "status": "verified",
    "confidence": null,
    "hoops": 4,
    "surface": null,
    "lit": true,
    "address": null,
    "region": "chattanooga",
    "osm_id": "way/120307977",
    "updated": "2026-10-08"
   }
  },
  {
   "type": "Feature",
   "geometry": {
    "type": "Point",
    "coordinates": [
     -82.344226,
     36.333732
    ]
   },
   "properties": {
    "id": "osm-way-123417786",
    "name": "Carnegie Park",
    "source": "osm",
    "status": "verified",
    "confidence": null,
    "hoops": null,
    "surface": null,
    "lit": null,
    "address": null,
    "region": "tennessee",
    "osm_id": "way/123417786",
    "updated": "2026-10-08"
   }
  },
  {
   "type": "Feature",
   "geometry": {
    "type": "Point",
    "coordinates": [
     -82.360675,
     36.317889
    ]
   },
   "properties": {
    "id": "osm-way-123417787",
    "name": "Carver Park",
    "source": "osm",
    "status": "verified",
    "confidence": null,
    "hoops": null,
    "surface": null,
    "lit": null,
    "address": null,
    "region": "tennessee",
    "osm_id": "way/123417787",
    "updated": "2026-10-08"
   }
  },
  {
   "type": "Feature",
   "geometry": {
    "type": "Point",
    "coordinates": [
     -82.371612,
     36.315037
    ]
   },
   "properties": {
    "id": "osm-way-123417811",
    "name": "Kiwanis Park",
    "source": "osm",
    "status": "verified",
    "confidence": null,
    "hoops": null,
    "surface": null,
    "lit": null,
    "address": null,
    "region": "tennessee",
    "osm_id": "way/123417811",
    "updated": "2026-10-08"
   }
  },
  {
   "type": "Feature",
   "geometry": {
    "type": "Point",
    "coordinates": [
     -82.362808,
     36.323642
    ]
   },
   "properties": {
    "id": "osm-way-123417815",
    "name": "Paul Christman Park",
    "source": "osm",
    "status": "verified",
    "confidence": null,
    "hoops": null,
    "surface": null,
    "lit": null,
    "address": null,
    "region": "tennessee",
    "osm_id": "way/123417815",
    "updated": "2026-10-08"
   }
  },
  {
   "type": "Feature",
   "geometry": {
    "type": "Point",
    "coordinates": [
     -85.282272,
     35.00032
    ]
   },
   "properties": {
    "id": "osm-way-133339532",
    "name": "East Lake Basketball Courts",
    "source": "osm",
    "status": "verified",
    "confidence": null,
    "hoops": 4,
    "surface": "asphalt",
    "lit": false,
    "address": null,
    "region": "chattanooga",
    "osm_id": "way/133339532",
    "updated": "2026-10-08"
   }
  },
  {
   "type": "Feature",
   "geometry": {
    "type": "Point",
    "coordinates": [
     -85.30095,
     35.050362
    ]
   },
   "properties": {
    "id": "osm-way-150237505",
    "name": "UTC McKenzie Arena",
    "source": "osm",
    "status": "verified",
    "confidence": null,
    "hoops": null,
    "surface": null,
    "lit": null,
    "address": null,
    "region": "chattanooga",
    "osm_id": "way/150237505",
    "updated": "2026-10-08"
   }
  },
  {
   "type": "Feature",
   "geometry": {
    "type": "Point",
    "coordinates": [
     -84.04597,
     35.930843
    ]
   },
   "properties": {
    "id": "osm-way-174687975",
    "name": null,
    "source": "osm",
    "status": "verified",
    "confidence": null,
    "hoops": null,
    "surface": null,
    "lit": null,
    "address": null,
    "region": "tennessee",
    "osm_id": "way/174687975",
    "updated": "2026-10-08"
   }
  },
  {
   "type": "Feature",
   "geometry": {
    "type": "Point",
    "coordinates": [
     -84.214127,
     36.308762
    ]
   },
   "properties": {
    "id": "osm-way-177659990",
    "name": null,
    "source": "osm",
    "status": "verified",
    "confidence": null,
    "hoops": null,
    "surface": null,
    "lit": null,
    "address": null,
    "region": "tennessee",
    "osm_id": "way/177659990",
    "updated": "2026-10-08"
   }
  },
  {
   "type": "Feature",
   "geometry": {
    "type": "Point",
    "coordinates": [
     -85.222811,
     35.040029
    ]
   },
   "properties": {
    "id": "osm-way-178202248",
    "name": null,
    "source": "osm",
    "status": "verified",
    "confidence": null,
    "hoops": 2,
    "surface": null,
    "lit": null,
    "address": null,
    "region": "chattanooga",
    "osm_id": "way/178202248",
    "updated": "2026-10-08"
   }
  },
  {
   "type": "Feature",
   "geometry": {
    "type": "Point",
    "coordinates": [
     -85.793644,
     35.392694
    ]
   },
   "properties": {
    "id": "osm-way-179066478",
    "name": "private basketball court",
    "source": "osm",
    "status": "verified",
    "confidence": null,
    "hoops": null,
    "surface": null,
    "lit": null,
    "address": null,
    "region": "tennessee",
    "osm_id": "way/179066478",
    "updated": "2026-10-08"
   }
  },
  {
   "type": "Feature",
   "geometry": {
    "type": "Point",
    "coordinates": [
     -85.509821,
     36.178443
    ]
   },
   "properties": {
    "id": "osm-way-188231727",
    "name": "Hooper Eblen Center",
    "source": "osm",
    "status": "verified",
    "confidence": null,
    "hoops": null,
    "surface": null,
    "lit": null,
    "address": null,
    "region": "tennessee",
    "osm_id": "way/188231727",
    "updated": "2026-10-08"
   }
  },
  {
   "type": "Feature",
   "geometry": {
    "type": "Point",
    "coordinates": [
     -86.869943,
     36.153793
    ]
   },
   "properties": {
    "id": "osm-way-192748495",
    "name": null,
    "source": "osm",
    "status": "verified",
    "confidence": null,
    "hoops": null,
    "surface": null,
    "lit": null,
    "address": null,
    "region": "tennessee",
    "osm_id": "way/192748495",
    "updated": "2026-10-08"
   }
  },
  {
   "type": "Feature",
   "geometry": {
    "type": "Point",
    "coordinates": [
     -84.993035,
     35.363106
    ]
   },
   "properties": {
    "id": "osm-way-193677666",
    "name": null,
    "source": "osm",
    "status": "verified",
    "confidence": null,
    "hoops": null,
    "surface": null,
    "lit": null,
    "address": null,
    "region": "tennessee",
    "osm_id": "way/193677666",
    "updated": "2026-10-08"
   }
  },
  {
   "type": "Feature",
   "geometry": {
    "type": "Point",
    "coordinates": [
     -83.965014,
     35.750374
    ]
   },
   "properties": {
    "id": "osm-way-207914553",
    "name": "Maryville College Alumni Gym",
    "source": "osm",
    "status": "verified",
    "confidence": null,
    "hoops": null,
    "surface": null,
    "lit": null,
    "address": null,
    "region": "tennessee",
    "osm_id": "way/207914553",
    "updated": "2026-10-08"
   }
  },
  {
   "type": "Feature",
   "geometry": {
    "type": "Point",
    "coordinates": [
     -84.996744,
     35.498039
    ]
   },
   "properties": {
    "id": "osm-way-208863849",
    "name": "Summers Gymnasium",
    "source": "osm",
    "status": "verified",
    "confidence": null,
    "hoops": null,
    "surface": null,
    "lit": null,
    "address": null,
    "region": "tennessee",
    "osm_id": "way/208863849",
    "updated": "2026-10-08"
   }
  },
  {
   "type": "Feature",
   "geometry": {
    "type": "Point",
    "coordinates": [
     -85.17574,
     35.111394
    ]
   },
   "properties": {
    "id": "osm-way-214769242",
    "name": null,
    "source": "osm",
    "status": "verified",
    "confidence": null,
    "hoops": null,
    "surface": null,
    "lit": null,
    "address": null,
    "region": "chattanooga",
    "osm_id": "way/214769242",
    "updated": "2026-10-08"
   }
  },
  {
   "type": "Feature",
   "geometry": {
    "type": "Point",
    "coordinates": [
     -89.98304,
     35.126791
    ]
   },
   "properties": {
    "id": "osm-way-225349151",
    "name": "Canale Arena",
    "source": "osm",
    "status": "verified",
    "confidence": null,
    "hoops": null,
    "surface": null,
    "lit": null,
    "address": null,
    "region": "tennessee",
    "osm_id": "way/225349151",
    "updated": "2026-10-08"
   }
  },
  {
   "type": "Feature",
   "geometry": {
    "type": "Point",
    "coordinates": [
     -85.157329,
     35.288905
    ]
   },
   "properties": {
    "id": "osm-way-225616414",
    "name": null,
    "source": "osm",
    "status": "verified",
    "confidence": null,
    "hoops": null,
    "surface": null,
    "lit": null,
    "address": null,
    "region": "tennessee",
    "osm_id": "way/225616414",
    "updated": "2026-10-08"
   }
  },
  {
   "type": "Feature",
   "geometry": {
    "type": "Point",
    "coordinates": [
     -86.709461,
     35.985549
    ]
   },
   "properties": {
    "id": "osm-way-235487276",
    "name": null,
    "source": "osm",
    "status": "verified",
    "confidence": null,
    "hoops": null,
    "surface": null,
    "lit": null,
    "address": null,
    "region": "tennessee",
    "osm_id": "way/235487276",
    "updated": "2026-10-08"
   }
  },
  {
   "type": "Feature",
   "geometry": {
    "type": "Point",
    "coordinates": [
     -86.909348,
     35.764629
    ]
   },
   "properties": {
    "id": "osm-way-257723589",
    "name": "Longview Recreation Center",
    "source": "osm",
    "status": "verified",
    "confidence": null,
    "hoops": null,
    "surface": null,
    "lit": null,
    "address": null,
    "region": "tennessee",
    "osm_id": "way/257723589",
    "updated": "2026-10-08"
   }
  },
  {
   "type": "Feature",
   "geometry": {
    "type": "Point",
    "coordinates": [
     -86.584363,
     36.271915
    ]
   },
   "properties": {
    "id": "osm-way-268496417",
    "name": null,
    "source": "osm",
    "status": "verified",
    "confidence": null,
    "hoops": null,
    "surface": null,
    "lit": null,
    "address": null,
    "region": "tennessee",
    "osm_id": "way/268496417",
    "updated": "2026-10-08"
   }
  },
  {
   "type": "Feature",
   "geometry": {
    "type": "Point",
    "coordinates": [
     -86.817567,
     36.020351
    ]
   },
   "properties": {
    "id": "osm-way-270896528",
    "name": null,
    "source": "osm",
    "status": "verified",
    "confidence": null,
    "hoops": null,
    "surface": null,
    "lit": null,
    "address": null,
    "region": "tennessee",
    "osm_id": "way/270896528",
    "updated": "2026-10-08"
   }
  },
  {
   "type": "Feature",
   "geometry": {
    "type": "Point",
    "coordinates": [
     -89.905748,
     35.118573
    ]
   },
   "properties": {
    "id": "osm-way-283196124",
    "name": null,
    "source": "osm",
    "status": "verified",
    "confidence": null,
    "hoops": null,
    "surface": null,
    "lit": null,
    "address": null,
    "region": "tennessee",
    "osm_id": "way/283196124",
    "updated": "2026-10-08"
   }
  },
  {
   "type": "Feature",
   "geometry": {
    "type": "Point",
    "coordinates": [
     -85.791655,
     35.255061
    ]
   },
   "properties": {
    "id": "osm-way-288868093",
    "name": null,
    "source": "osm",
    "status": "verified",
    "confidence": null,
    "hoops": null,
    "surface": null,
    "lit": null,
    "address": null,
    "region": "tennessee",
    "osm_id": "way/288868093",
    "updated": "2026-10-08"
   }
  },
  {
   "type": "Feature",
   "geometry": {
    "type": "Point",
    "coordinates": [
     -86.51603,
     35.995413
    ]
   },
   "properties": {
    "id": "osm-way-293326694",
    "name": null,
    "source": "osm",
    "status": "verified",
    "confidence": null,
    "hoops": null,
    "surface": null,
    "lit": null,
    "address": null,
    "region": "tennessee",
    "osm_id": "way/293326694",
    "updated": "2026-10-08"
   }
  },
  {
   "type": "Feature",
   "geometry": {
    "type": "Point",
    "coordinates": [
     -86.391651,
     35.923642
    ]
   },
   "properties": {
    "id": "osm-way-294859192",
    "name": null,
    "source": "osm",
    "status": "verified",
    "confidence": null,
    "hoops": null,
    "surface": null,
    "lit": null,
    "address": null,
    "region": "tennessee",
    "osm_id": "way/294859192",
    "updated": "2026-10-08"
   }
  },
  {
   "type": "Feature",
   "geometry": {
    "type": "Point",
    "coordinates": [
     -86.385084,
     35.869752
    ]
   },
   "properties": {
    "id": "osm-way-305155086",
    "name": null,
    "source": "osm",
    "status": "verified",
    "confidence": null,
    "hoops": null,
    "surface": null,
    "lit": null,
    "address": null,
    "region": "tennessee",
    "osm_id": "way/305155086",
    "updated": "2026-10-08"
   }
  },
  {
   "type": "Feature",
   "geometry": {
    "type": "Point",
    "coordinates": [
     -83.925296,
     35.951106
    ]
   },
   "properties": {
    "id": "osm-way-310699001",
    "name": "Thompson-Boling Arena",
    "source": "osm",
    "status": "verified",
    "confidence": null,
    "hoops": null,
    "surface": "wood",
    "lit": null,
    "address": null,
    "region": "tennessee",
    "osm_id": "way/310699001",
    "updated": "2026-10-08"
   }
  },
  {
   "type": "Feature",
   "geometry": {
    "type": "Point",
    "coordinates": [
     -83.292521,
     35.858875
    ]
   },
   "properties": {
    "id": "osm-way-312147895",
    "name": null,
    "source": "osm",
    "status": "verified",
    "confidence": null,
    "hoops": 1,
    "surface": null,
    "lit": null,
    "address": null,
    "region": "tennessee",
    "osm_id": "way/312147895",
    "updated": "2026-10-08"
   }
  },
  {
   "type": "Feature",
   "geometry": {
    "type": "Point",
    "coordinates": [
     -86.857187,
     36.193596
    ]
   },
   "properties": {
    "id": "osm-way-316409422",
    "name": null,
    "source": "osm",
    "status": "verified",
    "confidence": null,
    "hoops": null,
    "surface": null,
    "lit": null,
    "address": null,
    "region": "tennessee",
    "osm_id": "way/316409422",
    "updated": "2026-10-08"
   }
  },
  {
   "type": "Feature",
   "geometry": {
    "type": "Point",
    "coordinates": [
     -86.857245,
     36.192926
    ]
   },
   "properties": {
    "id": "osm-way-316409423",
    "name": null,
    "source": "osm",
    "status": "verified",
    "confidence": null,
    "hoops": null,
    "surface": null,
    "lit": null,
    "address": null,
    "region": "tennessee",
    "osm_id": "way/316409423",
    "updated": "2026-10-08"
   }
  },
  {
   "type": "Feature",
   "geometry": {
    "type": "Point",
    "coordinates": [
     -86.902285,
     36.188117
    ]
   },
   "properties": {
    "id": "osm-way-318017385",
    "name": null,
    "source": "osm",
    "status": "verified",
    "confidence": null,
    "hoops": null,
    "surface": null,
    "lit": null,
    "address": null,
    "region": "tennessee",
    "osm_id": "way/318017385",
    "updated": "2026-10-08"
   }
  },
  {
   "type": "Feature",
   "geometry": {
    "type": "Point",
    "coordinates": [
     -86.903895,
     36.186644
    ]
   },
   "properties": {
    "id": "osm-way-318017388",
    "name": null,
    "source": "osm",
    "status": "verified",
    "confidence": null,
    "hoops": null,
    "surface": null,
    "lit": null,
    "address": null,
    "region": "tennessee",
    "osm_id": "way/318017388",
    "updated": "2026-10-08"
   }
  },
  {
   "type": "Feature",
   "geometry": {
    "type": "Point",
    "coordinates": [
     -82.118797,
     36.586109
    ]
   },
   "properties": {
    "id": "osm-way-321389712",
    "name": null,
    "source": "osm",
    "status": "verified",
    "confidence": null,
    "hoops": 2,
    "surface": null,
    "lit": null,
    "address": null,
    "region": "tennessee",
    "osm_id": "way/321389712",
    "updated": "2026-10-08"
   }
  },
  {
   "type": "Feature",
   "geometry": {
    "type": "Point",
    "coordinates": [
     -85.253008,
     35.204411
    ]
   },
   "properties": {
    "id": "osm-way-321639744",
    "name": null,
    "source": "osm",
    "status": "verified",
    "confidence": null,
    "hoops": null,
    "surface": null,
    "lit": null,
    "address": null,
    "region": "chattanooga",
    "osm_id": "way/321639744",
    "updated": "2026-10-08"
   }
  },
  {
   "type": "Feature",
   "geometry": {
    "type": "Point",
    "coordinates": [
     -88.694075,
     36.282173
    ]
   },
   "properties": {
    "id": "osm-way-323919287",
    "name": null,
    "source": "osm",
    "status": "verified",
    "confidence": null,
    "hoops": null,
    "surface": null,
    "lit": null,
    "address": null,
    "region": "tennessee",
    "osm_id": "way/323919287",
    "updated": "2026-10-08"
   }
  },
  {
   "type": "Feature",
   "geometry": {
    "type": "Point",
    "coordinates": [
     -88.694088,
     36.282007
    ]
   },
   "properties": {
    "id": "osm-way-323919288",
    "name": null,
    "source": "osm",
    "status": "verified",
    "confidence": null,
    "hoops": null,
    "surface": null,
    "lit": null,
    "address": null,
    "region": "tennessee",
    "osm_id": "way/323919288",
    "updated": "2026-10-08"
   }
  },
  {
   "type": "Feature",
   "geometry": {
    "type": "Point",
    "coordinates": [
     -88.694092,
     36.281843
    ]
   },
   "properties": {
    "id": "osm-way-323919290",
    "name": null,
    "source": "osm",
    "status": "verified",
    "confidence": null,
    "hoops": null,
    "surface": null,
    "lit": null,
    "address": null,
    "region": "tennessee",
    "osm_id": "way/323919290",
    "updated": "2026-10-08"
   }
  },
  {
   "type": "Feature",
   "geometry": {
    "type": "Point",
    "coordinates": [
     -83.656255,
     36.567753
    ]
   },
   "properties": {
    "id": "osm-way-336427583",
    "name": null,
    "source": "osm",
    "status": "verified",
    "confidence": null,
    "hoops": null,
    "surface": null,
    "lit": null,
    "address": null,
    "region": "tennessee",
    "osm_id": "way/336427583",
    "updated": "2026-10-08"
   }
  },
  {
   "type": "Feature",
   "geometry": {
    "type": "Point",
    "coordinates": [
     -83.57727,
     36.459373
    ]
   },
   "properties": {
    "id": "osm-way-337229261",
    "name": null,
    "source": "osm",
    "status": "verified",
    "confidence": null,
    "hoops": null,
    "surface": null,
    "lit": null,
    "address": null,
    "region": "tennessee",
    "osm_id": "way/337229261",
    "updated": "2026-10-08"
   }
  },
  {
   "type": "Feature",
   "geometry": {
    "type": "Point",
    "coordinates": [
     -83.618769,
     36.429515
    ]
   },
   "properties": {
    "id": "osm-way-337376873",
    "name": null,
    "source": "osm",
    "status": "verified",
    "confidence": null,
    "hoops": null,
    "surface": null,
    "lit": null,
    "address": null,
    "region": "tennessee",
    "osm_id": "way/337376873",
    "updated": "2026-10-08"
   }
  },
  {
   "type": "Feature",
   "geometry": {
    "type": "Point",
    "coordinates": [
     -86.534665,
     35.977046
    ]
   },
   "properties": {
    "id": "osm-way-339256370",
    "name": null,
    "source": "osm",
    "status": "verified",
    "confidence": null,
    "hoops": null,
    "surface": null,
    "lit": null,
    "address": null,
    "region": "tennessee",
    "osm_id": "way/339256370",
    "updated": "2026-10-08"
   }
  },
  {
   "type": "Feature",
   "geometry": {
    "type": "Point",
    "coordinates": [
     -86.845839,
     35.905189
    ]
   },
   "properties": {
    "id": "osm-way-345341665",
    "name": null,
    "source": "osm",
    "status": "verified",
    "confidence": null,
    "hoops": null,
    "surface": null,
    "lit": null,
    "address": null,
    "region": "tennessee",
    "osm_id": "way/345341665",
    "updated": "2026-10-08"
   }
  },
  {
   "type": "Feature",
   "geometry": {
    "type": "Point",
    "coordinates": [
     -83.695234,
     36.381751
    ]
   },
   "properties": {
    "id": "osm-way-352837858",
    "name": null,
    "source": "osm",
    "status": "verified",
    "confidence": null,
    "hoops": null,
    "surface": null,
    "lit": null,
    "address": null,
    "region": "tennessee",
    "osm_id": "way/352837858",
    "updated": "2026-10-08"
   }
  },
  {
   "type": "Feature",
   "geometry": {
    "type": "Point",
    "coordinates": [
     -86.82434,
     36.131289
    ]
   },
   "properties": {
    "id": "osm-way-360926381",
    "name": null,
    "source": "osm",
    "status": "verified",
    "confidence": null,
    "hoops": null,
    "surface": null,
    "lit": null,
    "address": null,
    "region": "tennessee",
    "osm_id": "way/360926381",
    "updated": "2026-10-08"
   }
  },
  {
   "type": "Feature",
   "geometry": {
    "type": "Point",
    "coordinates": [
     -85.242288,
     35.029225
    ]
   },
   "properties": {
    "id": "osm-way-370270420",
    "name": null,
    "source": "osm",
    "status": "verified",
    "confidence": null,
    "hoops": null,
    "surface": null,
    "lit": null,
    "address": null,
    "region": "chattanooga",
    "osm_id": "way/370270420",
    "updated": "2026-10-08"
   }
  },
  {
   "type": "Feature",
   "geometry": {
    "type": "Point",
    "coordinates": [
     -86.715711,
     36.09487
    ]
   },
   "properties": {
    "id": "osm-way-382368099",
    "name": null,
    "source": "osm",
    "status": "verified",
    "confidence": null,
    "hoops": null,
    "surface": null,
    "lit": null,
    "address": null,
    "region": "tennessee",
    "osm_id": "way/382368099",
    "updated": "2026-10-08"
   }
  },
  {
   "type": "Feature",
   "geometry": {
    "type": "Point",
    "coordinates": [
     -85.272093,
     35.044649
    ]
   },
   "properties": {
    "id": "osm-way-390548850",
    "name": null,
    "source": "osm",
    "status": "verified",
    "confidence": null,
    "hoops": null,
    "surface": null,
    "lit": null,
    "address": null,
    "region": "chattanooga",
    "osm_id": "way/390548850",
    "updated": "2026-10-08"
   }
  },
  {
   "type": "Feature",
   "geometry": {
    "type": "Point",
    "coordinates": [
     -84.183398,
     36.177481
    ]
   },
   "properties": {
    "id": "osm-way-399142088",
    "name": null,
    "source": "osm",
    "status": "verified",
    "confidence": null,
    "hoops": null,
    "surface": null,
    "lit": null,
    "address": null,
    "region": "tennessee",
    "osm_id": "way/399142088",
    "updated": "2026-10-08"
   }
  },
  {
   "type": "Feature",
   "geometry": {
    "type": "Point",
    "coordinates": [
     -86.068937,
     35.823324
    ]
   },
   "properties": {
    "id": "osm-way-401548506",
    "name": null,
    "source": "osm",
    "status": "verified",
    "confidence": null,
    "hoops": null,
    "surface": null,
    "lit": null,
    "address": null,
    "region": "tennessee",
    "osm_id": "way/401548506",
    "updated": "2026-10-08"
   }
  },
  {
   "type": "Feature",
   "geometry": {
    "type": "Point",
    "coordinates": [
     -84.111782,
     35.975933
    ]
   },
   "properties": {
    "id": "osm-way-426260623",
    "name": null,
    "source": "osm",
    "status": "verified",
    "confidence": null,
    "hoops": 2,
    "surface": "asphalt",
    "lit": false,
    "address": null,
    "region": "tennessee",
    "osm_id": "way/426260623",
    "updated": "2026-10-08"
   }
  },
  {
   "type": "Feature",
   "geometry": {
    "type": "Point",
    "coordinates": [
     -84.10824,
     36.240862
    ]
   },
   "properties": {
    "id": "osm-way-431677067",
    "name": null,
    "source": "osm",
    "status": "verified",
    "confidence": null,
    "hoops": null,
    "surface": null,
    "lit": null,
    "address": null,
    "region": "tennessee",
    "osm_id": "way/431677067",
    "updated": "2026-10-08"
   }
  },
  {
   "type": "Feature",
   "geometry": {
    "type": "Point",
    "coordinates": [
     -84.156754,
     36.223098
    ]
   },
   "properties": {
    "id": "osm-way-432326551",
    "name": null,
    "source": "osm",
    "status": "verified",
    "confidence": null,
    "hoops": null,
    "surface": null,
    "lit": null,
    "address": null,
    "region": "tennessee",
    "osm_id": "way/432326551",
    "updated": "2026-10-08"
   }
  },
  {
   "type": "Feature",
   "geometry": {
    "type": "Point",
    "coordinates": [
     -84.189621,
     36.333143
    ]
   },
   "properties": {
    "id": "osm-way-434849271",
    "name": null,
    "source": "osm",
    "status": "verified",
    "confidence": null,
    "hoops": null,
    "surface": null,
    "lit": null,
    "address": null,
    "region": "tennessee",
    "osm_id": "way/434849271",
    "updated": "2026-10-08"
   }
  },
  {
   "type": "Feature",
   "geometry": {
    "type": "Point",
    "coordinates": [
     -89.98119,
     35.124856
    ]
   },
   "properties": {
    "id": "osm-way-434934879",
    "name": null,
    "source": "osm",
    "status": "verified",
    "confidence": null,
    "hoops": null,
    "surface": null,
    "lit": null,
    "address": null,
    "region": "tennessee",
    "osm_id": "way/434934879",
    "updated": "2026-10-08"
   }
  },
  {
   "type": "Feature",
   "geometry": {
    "type": "Point",
    "coordinates": [
     -89.673358,
     35.140426
    ]
   },
   "properties": {
    "id": "osm-way-436073427",
    "name": null,
    "source": "osm",
    "status": "verified",
    "confidence": null,
    "hoops": null,
    "surface": null,
    "lit": null,
    "address": null,
    "region": "tennessee",
    "osm_id": "way/436073427",
    "updated": "2026-10-08"
   }
  },
  {
   "type": "Feature",
   "geometry": {
    "type": "Point",
    "coordinates": [
     -84.389071,
     35.497721
    ]
   },
   "properties": {
    "id": "osm-way-440243691",
    "name": null,
    "source": "osm",
    "status": "verified",
    "confidence": null,
    "hoops": null,
    "surface": null,
    "lit": true,
    "address": null,
    "region": "tennessee",
    "osm_id": "way/440243691",
    "updated": "2026-10-08"
   }
  },
  {
   "type": "Feature",
   "geometry": {
    "type": "Point",
    "coordinates": [
     -84.36021,
     35.52176
    ]
   },
   "properties": {
    "id": "osm-way-440244333",
    "name": null,
    "source": "osm",
    "status": "verified",
    "confidence": null,
    "hoops": null,
    "surface": null,
    "lit": null,
    "address": null,
    "region": "tennessee",
    "osm_id": "way/440244333",
    "updated": "2026-10-08"
   }
  },
  {
   "type": "Feature",
   "geometry": {
    "type": "Point",
    "coordinates": [
     -82.405471,
     36.485817
    ]
   },
   "properties": {
    "id": "osm-way-443731670",
    "name": null,
    "source": "osm",
    "status": "verified",
    "confidence": null,
    "hoops": null,
    "surface": null,
    "lit": true,
    "address": null,
    "region": "tennessee",
    "osm_id": "way/443731670",
    "updated": "2026-10-08"
   }
  },
  {
   "type": "Feature",
   "geometry": {
    "type": "Point",
    "coordinates": [
     -84.131694,
     35.915554
    ]
   },
   "properties": {
    "id": "osm-way-447247886",
    "name": null,
    "source": "osm",
    "status": "verified",
    "confidence": null,
    "hoops": null,
    "surface": null,
    "lit": null,
    "address": null,
    "region": "tennessee",
    "osm_id": "way/447247886",
    "updated": "2026-10-08"
   }
  },
  {
   "type": "Feature",
   "geometry": {
    "type": "Point",
    "coordinates": [
     -87.026721,
     35.204865
    ]
   },
   "properties": {
    "id": "osm-way-455146251",
    "name": null,
    "source": "osm",
    "status": "verified",
    "confidence": null,
    "hoops": null,
    "surface": null,
    "lit": null,
    "address": null,
    "region": "tennessee",
    "osm_id": "way/455146251",
    "updated": "2026-10-08"
   }
  },
  {
   "type": "Feature",
   "geometry": {
    "type": "Point",
    "coordinates": [
     -86.356814,
     35.824985
    ]
   },
   "properties": {
    "id": "osm-way-456287531",
    "name": null,
    "source": "osm",
    "status": "verified",
    "confidence": null,
    "hoops": null,
    "surface": null,
    "lit": null,
    "address": null,
    "region": "tennessee",
    "osm_id": "way/456287531",
    "updated": "2026-10-08"
   }
  },
  {
   "type": "Feature",
   "geometry": {
    "type": "Point",
    "coordinates": [
     -84.761238,
     35.281972
    ]
   },
   "properties": {
    "id": "osm-way-457007119",
    "name": null,
    "source": "osm",
    "status": "verified",
    "confidence": null,
    "hoops": null,
    "surface": null,
    "lit": null,
    "address": null,
    "region": "tennessee",
    "osm_id": "way/457007119",
    "updated": "2026-10-08"
   }
  },
  {
   "type": "Feature",
   "geometry": {
    "type": "Point",
    "coordinates": [
     -87.288075,
     36.599441
    ]
   },
   "properties": {
    "id": "osm-way-458368387",
    "name": null,
    "source": "osm",
    "status": "verified",
    "confidence": null,
    "hoops": null,
    "surface": "concrete",
    "lit": null,
    "address": null,
    "region": "tennessee",
    "osm_id": "way/458368387",
    "updated": "2026-10-08"
   }
  },
  {
   "type": "Feature",
   "geometry": {
    "type": "Point",
    "coordinates": [
     -84.156819,
     35.890107
    ]
   },
   "properties": {
    "id": "osm-way-459219021",
    "name": null,
    "source": "osm",
    "status": "verified",
    "confidence": null,
    "hoops": null,
    "surface": "concrete",
    "lit": false,
    "address": null,
    "region": "tennessee",
    "osm_id": "way/459219021",
    "updated": "2026-10-08"
   }
  },
  {
   "type": "Feature",
   "geometry": {
    "type": "Point",
    "coordinates": [
     -88.899448,
     35.822113
    ]
   },
   "properties": {
    "id": "osm-way-466225204",
    "name": null,
    "source": "osm",
    "status": "verified",
    "confidence": null,
    "hoops": null,
    "surface": null,
    "lit": null,
    "address": null,
    "region": "tennessee",
    "osm_id": "way/466225204",
    "updated": "2026-10-08"
   }
  },
  {
   "type": "Feature",
   "geometry": {
    "type": "Point",
    "coordinates": [
     -82.243434,
     36.341295
    ]
   },
   "properties": {
    "id": "osm-way-468542537",
    "name": "Kiwani's Park",
    "source": "osm",
    "status": "verified",
    "confidence": null,
    "hoops": null,
    "surface": null,
    "lit": null,
    "address": null,
    "region": "tennessee",
    "osm_id": "way/468542537",
    "updated": "2026-10-08"
   }
  },
  {
   "type": "Feature",
   "geometry": {
    "type": "Point",
    "coordinates": [
     -89.981109,
     35.12869
    ]
   },
   "properties": {
    "id": "osm-way-468924675",
    "name": null,
    "source": "osm",
    "status": "verified",
    "confidence": null,
    "hoops": null,
    "surface": null,
    "lit": null,
    "address": null,
    "region": "tennessee",
    "osm_id": "way/468924675",
    "updated": "2026-10-08"
   }
  },
  {
   "type": "Feature",
   "geometry": {
    "type": "Point",
    "coordinates": [
     -82.502306,
     36.288314
    ]
   },
   "properties": {
    "id": "osm-way-469252832",
    "name": "Persimmons Ridge Park",
    "source": "osm",
    "status": "verified",
    "confidence": null,
    "hoops": null,
    "surface": null,
    "lit": null,
    "address": null,
    "region": "tennessee",
    "osm_id": "way/469252832",
    "updated": "2026-10-08"
   }
  },
  {
   "type": "Feature",
   "geometry": {
    "type": "Point",
    "coordinates": [
     -85.003125,
     35.901649
    ]
   },
   "properties": {
    "id": "osm-way-469645301",
    "name": null,
    "source": "osm",
    "status": "verified",
    "confidence": null,
    "hoops": 1,
    "surface": "paved",
    "lit": null,
    "address": null,
    "region": "tennessee",
    "osm_id": "way/469645301",
    "updated": "2026-10-08"
   }
  },
  {
   "type": "Feature",
   "geometry": {
    "type": "Point",
    "coordinates": [
     -84.87384,
     35.909156
    ]
   },
   "properties": {
    "id": "osm-way-469808349",
    "name": null,
    "source": "osm",
    "status": "verified",
    "confidence": null,
    "hoops": null,
    "surface": "asphalt",
    "lit": null,
    "address": null,
    "region": "tennessee",
    "osm_id": "way/469808349",
    "updated": "2026-10-08"
   }
  },
  {
   "type": "Feature",
   "geometry": {
    "type": "Point",
    "coordinates": [
     -86.846656,
     34.996043
    ]
   },
   "properties": {
    "id": "osm-way-473833031",
    "name": null,
    "source": "osm",
    "status": "verified",
    "confidence": null,
    "hoops": 4,
    "surface": null,
    "lit": null,
    "address": null,
    "region": "tennessee",
    "osm_id": "way/473833031",
    "updated": "2026-10-08"
   }
  },
  {
   "type": "Feature",
   "geometry": {
    "type": "Point",
    "coordinates": [
     -90.0027,
     35.115748
    ]
   },
   "properties": {
    "id": "osm-way-473880325",
    "name": null,
    "source": "osm",
    "status": "verified",
    "confidence": null,
    "hoops": null,
    "surface": null,
    "lit": null,
    "address": null,
    "region": "tennessee",
    "osm_id": "way/473880325",
    "updated": "2026-10-08"
   }
  },
  {
   "type": "Feature",
   "geometry": {
    "type": "Point",
    "coordinates": [
     -89.962231,
     35.140403
    ]
   },
   "properties": {
    "id": "osm-way-473881949",
    "name": null,
    "source": "osm",
    "status": "verified",
    "confidence": null,
    "hoops": null,
    "surface": null,
    "lit": null,
    "address": null,
    "region": "tennessee",
    "osm_id": "way/473881949",
    "updated": "2026-10-08"
   }
  },
  {
   "type": "Feature",
   "geometry": {
    "type": "Point",
    "coordinates": [
     -89.962351,
     35.139953
    ]
   },
   "properties": {
    "id": "osm-way-473881999",
    "name": null,
    "source": "osm",
    "status": "verified",
    "confidence": null,
    "hoops": null,
    "surface": null,
    "lit": null,
    "address": null,
    "region": "tennessee",
    "osm_id": "way/473881999",
    "updated": "2026-10-08"
   }
  },
  {
   "type": "Feature",
   "geometry": {
    "type": "Point",
    "coordinates": [
     -84.753072,
     35.28177
    ]
   },
   "properties": {
    "id": "osm-way-476101301",
    "name": null,
    "source": "osm",
    "status": "verified",
    "confidence": null,
    "hoops": null,
    "surface": null,
    "lit": null,
    "address": null,
    "region": "tennessee",
    "osm_id": "way/476101301",
    "updated": "2026-10-08"
   }
  },
  {
   "type": "Feature",
   "geometry": {
    "type": "Point",
    "coordinates": [
     -82.552679,
     36.536586
    ]
   },
   "properties": {
    "id": "osm-way-477689859",
    "name": null,
    "source": "osm",
    "status": "verified",
    "confidence": null,
    "hoops": null,
    "surface": "asphalt",
    "lit": true,
    "address": null,
    "region": "tennessee",
    "osm_id": "way/477689859",
    "updated": "2026-10-08"
   }
  },
  {
   "type": "Feature",
   "geometry": {
    "type": "Point",
    "coordinates": [
     -86.584055,
     36.270413
    ]
   },
   "properties": {
    "id": "osm-way-479596908",
    "name": null,
    "source": "osm",
    "status": "verified",
    "confidence": null,
    "hoops": null,
    "surface": null,
    "lit": null,
    "address": null,
    "region": "tennessee",
    "osm_id": "way/479596908",
    "updated": "2026-10-08"
   }
  },
  {
   "type": "Feature",
   "geometry": {
    "type": "Point",
    "coordinates": [
     -86.571313,
     36.286505
    ]
   },
   "properties": {
    "id": "osm-way-479596913",
    "name": null,
    "source": "osm",
    "status": "verified",
    "confidence": null,
    "hoops": null,
    "surface": null,
    "lit": null,
    "address": null,
    "region": "tennessee",
    "osm_id": "way/479596913",
    "updated": "2026-10-08"
   }
  },
  {
   "type": "Feature",
   "geometry": {
    "type": "Point",
    "coordinates": [
     -90.035553,
     35.145543
    ]
   },
   "properties": {
    "id": "osm-way-479628080",
    "name": null,
    "source": "osm",
    "status": "verified",
    "confidence": null,
    "hoops": null,
    "surface": null,
    "lit": null,
    "address": null,
    "region": "tennessee",
    "osm_id": "way/479628080",
    "updated": "2026-10-08"
   }
  },
  {
   "type": "Feature",
   "geometry": {
    "type": "Point",
    "coordinates": [
     -90.035369,
     35.145494
    ]
   },
   "properties": {
    "id": "osm-way-479628081",
    "name": null,
    "source": "osm",
    "status": "verified",
    "confidence": null,
    "hoops": null,
    "surface": null,
    "lit": null,
    "address": null,
    "region": "tennessee",
    "osm_id": "way/479628081",
    "updated": "2026-10-08"
   }
  },
  {
   "type": "Feature",
   "geometry": {
    "type": "Point",
    "coordinates": [
     -84.506224,
     36.499307
    ]
   },
   "properties": {
    "id": "osm-way-479823676",
    "name": null,
    "source": "osm",
    "status": "verified",
    "confidence": null,
    "hoops": null,
    "surface": null,
    "lit": null,
    "address": null,
    "region": "tennessee",
    "osm_id": "way/479823676",
    "updated": "2026-10-08"
   }
  },
  {
   "type": "Feature",
   "geometry": {
    "type": "Point",
    "coordinates": [
     -84.505624,
     36.419186
    ]
   },
   "properties": {
    "id": "osm-way-479908646",
    "name": null,
    "source": "osm",
    "status": "verified",
    "confidence": null,
    "hoops": null,
    "surface": null,
    "lit": null,
    "address": null,
    "region": "tennessee",
    "osm_id": "way/479908646",
    "updated": "2026-10-08"
   }
  },
  {
   "type": "Feature",
   "geometry": {
    "type": "Point",
    "coordinates": [
     -84.587728,
     36.351481
    ]
   },
   "properties": {
    "id": "osm-way-479910702",
    "name": null,
    "source": "osm",
    "status": "verified",
    "confidence": null,
    "hoops": null,
    "surface": null,
    "lit": null,
    "address": null,
    "region": "tennessee",
    "osm_id": "way/479910702",
    "updated": "2026-10-08"
   }
  },
  {
   "type": "Feature",
   "geometry": {
    "type": "Point",
    "coordinates": [
     -84.448932,
     36.552354
    ]
   },
   "properties": {
    "id": "osm-way-479913942",
    "name": null,
    "source": "osm",
    "status": "verified",
    "confidence": null,
    "hoops": null,
    "surface": null,
    "lit": null,
    "address": null,
    "region": "tennessee",
    "osm_id": "way/479913942",
    "updated": "2026-10-08"
   }
  },
  {
   "type": "Feature",
   "geometry": {
    "type": "Point",
    "coordinates": [
     -83.944446,
     35.789938
    ]
   },
   "properties": {
    "id": "osm-way-486904191",
    "name": null,
    "source": "osm",
    "status": "verified",
    "confidence": null,
    "hoops": null,
    "surface": null,
    "lit": null,
    "address": null,
    "region": "tennessee",
    "osm_id": "way/486904191",
    "updated": "2026-10-08"
   }
  },
  {
   "type": "Feature",
   "geometry": {
    "type": "Point",
    "coordinates": [
     -85.191555,
     35.614017
    ]
   },
   "properties": {
    "id": "osm-way-486911298",
    "name": null,
    "source": "osm",
    "status": "verified",
    "confidence": null,
    "hoops": null,
    "surface": null,
    "lit": null,
    "address": null,
    "region": "tennessee",
    "osm_id": "way/486911298",
    "updated": "2026-10-08"
   }
  },
  {
   "type": "Feature",
   "geometry": {
    "type": "Point",
    "coordinates": [
     -86.83197,
     36.158393
    ]
   },
   "properties": {
    "id": "osm-way-487172329",
    "name": null,
    "source": "osm",
    "status": "verified",
    "confidence": null,
    "hoops": null,
    "surface": null,
    "lit": null,
    "address": null,
    "region": "tennessee",
    "osm_id": "way/487172329",
    "updated": "2026-10-08"
   }
  },
  {
   "type": "Feature",
   "geometry": {
    "type": "Point",
    "coordinates": [
     -88.865743,
     35.459643
    ]
   },
   "properties": {
    "id": "osm-way-487455102",
    "name": null,
    "source": "osm",
    "status": "verified",
    "confidence": null,
    "hoops": null,
    "surface": null,
    "lit": null,
    "address": null,
    "region": "tennessee",
    "osm_id": "way/487455102",
    "updated": "2026-10-08"
   }
  },
  {
   "type": "Feature",
   "geometry": {
    "type": "Point",
    "coordinates": [
     -88.770361,
     35.39039
    ]
   },
   "properties": {
    "id": "osm-way-487463765",
    "name": null,
    "source": "osm",
    "status": "verified",
    "confidence": null,
    "hoops": null,
    "surface": null,
    "lit": null,
    "address": null,
    "region": "tennessee",
    "osm_id": "way/487463765",
    "updated": "2026-10-08"
   }
  },
  {
   "type": "Feature",
   "geometry": {
    "type": "Point",
    "coordinates": [
     -86.766333,
     36.18138
    ]
   },
   "properties": {
    "id": "osm-way-487549721",
    "name": null,
    "source": "osm",
    "status": "verified",
    "confidence": null,
    "hoops": null,
    "surface": null,
    "lit": null,
    "address": null,
    "region": "tennessee",
    "osm_id": "way/487549721",
    "updated": "2026-10-08"
   }
  },
  {
   "type": "Feature",
   "geometry": {
    "type": "Point",
    "coordinates": [
     -86.760409,
     36.187479
    ]
   },
   "properties": {
    "id": "osm-way-487549760",
    "name": null,
    "source": "osm",
    "status": "verified",
    "confidence": null,
    "hoops": null,
    "surface": null,
    "lit": null,
    "address": null,
    "region": "tennessee",
    "osm_id": "way/487549760",
    "updated": "2026-10-08"
   }
  },
  {
   "type": "Feature",
   "geometry": {
    "type": "Point",
    "coordinates": [
     -86.73939,
     36.192446
    ]
   },
   "properties": {
    "id": "osm-way-487549769",
    "name": null,
    "source": "osm",
    "status": "verified",
    "confidence": null,
    "hoops": null,
    "surface": null,
    "lit": null,
    "address": null,
    "region": "tennessee",
    "osm_id": "way/487549769",
    "updated": "2026-10-08"
   }
  },
  {
   "type": "Feature",
   "geometry": {
    "type": "Point",
    "coordinates": [
     -86.756531,
     36.168735
    ]
   },
   "properties": {
    "id": "osm-way-487553177",
    "name": null,
    "source": "osm",
    "status": "verified",
    "confidence": null,
    "hoops": null,
    "surface": null,
    "lit": null,
    "address": null,
    "region": "tennessee",
    "osm_id": "way/487553177",
    "updated": "2026-10-08"
   }
  },
  {
   "type": "Feature",
   "geometry": {
    "type": "Point",
    "coordinates": [
     -86.874074,
     35.74756
    ]
   },
   "properties": {
    "id": "osm-way-488165691",
    "name": null,
    "source": "osm",
    "status": "verified",
    "confidence": null,
    "hoops": null,
    "surface": "asphalt",
    "lit": null,
    "address": null,
    "region": "tennessee",
    "osm_id": "way/488165691",
    "updated": "2026-10-08"
   }
  },
  {
   "type": "Feature",
   "geometry": {
    "type": "Point",
    "coordinates": [
     -82.525422,
     36.537777
    ]
   },
   "properties": {
    "id": "osm-way-488332861",
    "name": "Highland Court",
    "source": "osm",
    "status": "verified",
    "confidence": null,
    "hoops": null,
    "surface": null,
    "lit": null,
    "address": null,
    "region": "tennessee",
    "osm_id": "way/488332861",
    "updated": "2026-10-08"
   }
  },
  {
   "type": "Feature",
   "geometry": {
    "type": "Point",
    "coordinates": [
     -86.565,
     36.021678
    ]
   },
   "properties": {
    "id": "osm-way-489350582",
    "name": null,
    "source": "osm",
    "status": "verified",
    "confidence": null,
    "hoops": 4,
    "surface": "concrete",
    "lit": true,
    "address": null,
    "region": "tennessee",
    "osm_id": "way/489350582",
    "updated": "2026-10-08"
   }
  },
  {
   "type": "Feature",
   "geometry": {
    "type": "Point",
    "coordinates": [
     -83.975796,
     35.738898
    ]
   },
   "properties": {
    "id": "osm-way-489653296",
    "name": null,
    "source": "osm",
    "status": "verified",
    "confidence": null,
    "hoops": null,
    "surface": null,
    "lit": null,
    "address": null,
    "region": "tennessee",
    "osm_id": "way/489653296",
    "updated": "2026-10-08"
   }
  },
  {
   "type": "Feature",
   "geometry": {
    "type": "Point",
    "coordinates": [
     -86.692182,
     35.588725
    ]
   },
   "properties": {
    "id": "osm-way-490763682",
    "name": null,
    "source": "osm",
    "status": "verified",
    "confidence": null,
    "hoops": null,
    "surface": null,
    "lit": null,
    "address": null,
    "region": "tennessee",
    "osm_id": "way/490763682",
    "updated": "2026-10-08"
   }
  },
  {
   "type": "Feature",
   "geometry": {
    "type": "Point",
    "coordinates": [
     -87.406981,
     36.591002
    ]
   },
   "properties": {
    "id": "osm-way-491178932",
    "name": null,
    "source": "osm",
    "status": "verified",
    "confidence": null,
    "hoops": null,
    "surface": null,
    "lit": null,
    "address": null,
    "region": "tennessee",
    "osm_id": "way/491178932",
    "updated": "2026-10-08"
   }
  },
  {
   "type": "Feature",
   "geometry": {
    "type": "Point",
    "coordinates": [
     -85.186248,
     35.147186
    ]
   },
   "properties": {
    "id": "osm-way-492223866",
    "name": null,
    "source": "osm",
    "status": "verified",
    "confidence": null,
    "hoops": null,
    "surface": null,
    "lit": true,
    "address": null,
    "region": "chattanooga",
    "osm_id": "way/492223866",
    "updated": "2026-10-08"
   }
  },
  {
   "type": "Feature",
   "geometry": {
    "type": "Point",
    "coordinates": [
     -84.053029,
     35.876052
    ]
   },
   "properties": {
    "id": "osm-way-497732550",
    "name": null,
    "source": "osm",
    "status": "verified",
    "confidence": null,
    "hoops": null,
    "surface": null,
    "lit": null,
    "address": null,
    "region": "tennessee",
    "osm_id": "way/497732550",
    "updated": "2026-10-08"
   }
  },
  {
   "type": "Feature",
   "geometry": {
    "type": "Point",
    "coordinates": [
     -84.454734,
     35.597467
    ]
   },
   "properties": {
    "id": "osm-way-497887942",
    "name": null,
    "source": "osm",
    "status": "verified",
    "confidence": null,
    "hoops": null,
    "surface": null,
    "lit": null,
    "address": null,
    "region": "tennessee",
    "osm_id": "way/497887942",
    "updated": "2026-10-08"
   }
  },
  {
   "type": "Feature",
   "geometry": {
    "type": "Point",
    "coordinates": [
     -84.454728,
     35.597315
    ]
   },
   "properties": {
    "id": "osm-way-497887943",
    "name": null,
    "source": "osm",
    "status": "verified",
    "confidence": null,
    "hoops": null,
    "surface": null,
    "lit": null,
    "address": null,
    "region": "tennessee",
    "osm_id": "way/497887943",
    "updated": "2026-10-08"
   }
  },
  {
   "type": "Feature",
   "geometry": {
    "type": "Point",
    "coordinates": [
     -85.271987,
     35.044534
    ]
   },
   "properties": {
    "id": "osm-way-497969386",
    "name": null,
    "source": "osm",
    "status": "verified",
    "confidence": null,
    "hoops": null,
    "surface": null,
    "lit": null,
    "address": null,
    "region": "chattanooga",
    "osm_id": "way/497969386",
    "updated": "2026-10-08"
   }
  },
  {
   "type": "Feature",
   "geometry": {
    "type": "Point",
    "coordinates": [
     -85.478556,
     35.938721
    ]
   },
   "properties": {
    "id": "osm-way-498592395",
    "name": null,
    "source": "osm",
    "status": "verified",
    "confidence": null,
    "hoops": null,
    "surface": null,
    "lit": null,
    "address": null,
    "region": "tennessee",
    "osm_id": "way/498592395",
    "updated": "2026-10-08"
   }
  },
  {
   "type": "Feature",
   "geometry": {
    "type": "Point",
    "coordinates": [
     -85.478849,
     35.938791
    ]
   },
   "properties": {
    "id": "osm-way-498592396",
    "name": null,
    "source": "osm",
    "status": "verified",
    "confidence": null,
    "hoops": null,
    "surface": null,
    "lit": null,
    "address": null,
    "region": "tennessee",
    "osm_id": "way/498592396",
    "updated": "2026-10-08"
   }
  },
  {
   "type": "Feature",
   "geometry": {
    "type": "Point",
    "coordinates": [
     -85.479145,
     35.938862
    ]
   },
   "properties": {
    "id": "osm-way-498592397",
    "name": null,
    "source": "osm",
    "status": "verified",
    "confidence": null,
    "hoops": null,
    "surface": null,
    "lit": null,
    "address": null,
    "region": "tennessee",
    "osm_id": "way/498592397",
    "updated": "2026-10-08"
   }
  },
  {
   "type": "Feature",
   "geometry": {
    "type": "Point",
    "coordinates": [
     -84.132547,
     36.097555
    ]
   },
   "properties": {
    "id": "osm-way-501981139",
    "name": null,
    "source": "osm",
    "status": "verified",
    "confidence": null,
    "hoops": 2,
    "surface": null,
    "lit": true,
    "address": null,
    "region": "tennessee",
    "osm_id": "way/501981139",
    "updated": "2026-10-08"
   }
  },
  {
   "type": "Feature",
   "geometry": {
    "type": "Point",
    "coordinates": [
     -85.241065,
     35.045932
    ]
   },
   "properties": {
    "id": "osm-way-507866591",
    "name": null,
    "source": "osm",
    "status": "verified",
    "confidence": null,
    "hoops": null,
    "surface": null,
    "lit": null,
    "address": null,
    "region": "chattanooga",
    "osm_id": "way/507866591",
    "updated": "2026-10-08"
   }
  },
  {
   "type": "Feature",
   "geometry": {
    "type": "Point",
    "coordinates": [
     -84.134034,
     36.078269
    ]
   },
   "properties": {
    "id": "osm-way-510327323",
    "name": null,
    "source": "osm",
    "status": "verified",
    "confidence": null,
    "hoops": null,
    "surface": null,
    "lit": null,
    "address": null,
    "region": "tennessee",
    "osm_id": "way/510327323",
    "updated": "2026-10-08"
   }
  },
  {
   "type": "Feature",
   "geometry": {
    "type": "Point",
    "coordinates": [
     -87.03122,
     35.618061
    ]
   },
   "properties": {
    "id": "osm-way-512182043",
    "name": null,
    "source": "osm",
    "status": "verified",
    "confidence": null,
    "hoops": null,
    "surface": "paved",
    "lit": false,
    "address": null,
    "region": "tennessee",
    "osm_id": "way/512182043",
    "updated": "2026-10-08"
   }
  },
  {
   "type": "Feature",
   "geometry": {
    "type": "Point",
    "coordinates": [
     -83.93846,
     35.768855
    ]
   },
   "properties": {
    "id": "osm-way-512933994",
    "name": null,
    "source": "osm",
    "status": "verified",
    "confidence": null,
    "hoops": null,
    "surface": null,
    "lit": null,
    "address": null,
    "region": "tennessee",
    "osm_id": "way/512933994",
    "updated": "2026-10-08"
   }
  },
  {
   "type": "Feature",
   "geometry": {
    "type": "Point",
    "coordinates": [
     -86.782619,
     36.142415
    ]
   },
   "properties": {
    "id": "osm-way-514032636",
    "name": null,
    "source": "osm",
    "status": "verified",
    "confidence": null,
    "hoops": null,
    "surface": null,
    "lit": null,
    "address": null,
    "region": "tennessee",
    "osm_id": "way/514032636",
    "updated": "2026-10-08"
   }
  },
  {
   "type": "Feature",
   "geometry": {
    "type": "Point",
    "coordinates": [
     -86.782411,
     36.142387
    ]
   },
   "properties": {
    "id": "osm-way-514032638",
    "name": null,
    "source": "osm",
    "status": "verified",
    "confidence": null,
    "hoops": null,
    "surface": null,
    "lit": null,
    "address": null,
    "region": "tennessee",
    "osm_id": "way/514032638",
    "updated": "2026-10-08"
   }
  },
  {
   "type": "Feature",
   "geometry": {
    "type": "Point",
    "coordinates": [
     -85.539911,
     36.160168
    ]
   },
   "properties": {
    "id": "osm-way-518701928",
    "name": null,
    "source": "osm",
    "status": "verified",
    "confidence": null,
    "hoops": null,
    "surface": "asphalt",
    "lit": null,
    "address": null,
    "region": "tennessee",
    "osm_id": "way/518701928",
    "updated": "2026-10-08"
   }
  },
  {
   "type": "Feature",
   "geometry": {
    "type": "Point",
    "coordinates": [
     -85.505463,
     36.173592
    ]
   },
   "properties": {
    "id": "osm-way-519588703",
    "name": null,
    "source": "osm",
    "status": "verified",
    "confidence": null,
    "hoops": null,
    "surface": null,
    "lit": null,
    "address": null,
    "region": "tennessee",
    "osm_id": "way/519588703",
    "updated": "2026-10-08"
   }
  },
  {
   "type": "Feature",
   "geometry": {
    "type": "Point",
    "coordinates": [
     -86.766741,
     36.134924
    ]
   },
   "properties": {
    "id": "osm-way-519661463",
    "name": null,
    "source": "osm",
    "status": "verified",
    "confidence": null,
    "hoops": null,
    "surface": null,
    "lit": null,
    "address": null,
    "region": "tennessee",
    "osm_id": "way/519661463",
    "updated": "2026-10-08"
   }
  },
  {
   "type": "Feature",
   "geometry": {
    "type": "Point",
    "coordinates": [
     -86.766581,
     36.13491
    ]
   },
   "properties": {
    "id": "osm-way-519661464",
    "name": null,
    "source": "osm",
    "status": "verified",
    "confidence": null,
    "hoops": null,
    "surface": null,
    "lit": null,
    "address": null,
    "region": "tennessee",
    "osm_id": "way/519661464",
    "updated": "2026-10-08"
   }
  },
  {
   "type": "Feature",
   "geometry": {
    "type": "Point",
    "coordinates": [
     -86.77927,
     36.136789
    ]
   },
   "properties": {
    "id": "osm-way-519676410",
    "name": null,
    "source": "osm",
    "status": "verified",
    "confidence": null,
    "hoops": null,
    "surface": null,
    "lit": null,
    "address": null,
    "region": "tennessee",
    "osm_id": "way/519676410",
    "updated": "2026-10-08"
   }
  },
  {
   "type": "Feature",
   "geometry": {
    "type": "Point",
    "coordinates": [
     -86.765166,
     36.115887
    ]
   },
   "properties": {
    "id": "osm-way-520113562",
    "name": null,
    "source": "osm",
    "status": "verified",
    "confidence": null,
    "hoops": null,
    "surface": null,
    "lit": null,
    "address": null,
    "region": "tennessee",
    "osm_id": "way/520113562",
    "updated": "2026-10-08"
   }
  },
  {
   "type": "Feature",
   "geometry": {
    "type": "Point",
    "coordinates": [
     -85.483458,
     36.159383
    ]
   },
   "properties": {
    "id": "osm-way-520420254",
    "name": null,
    "source": "osm",
    "status": "verified",
    "confidence": null,
    "hoops": null,
    "surface": null,
    "lit": null,
    "address": null,
    "region": "tennessee",
    "osm_id": "way/520420254",
    "updated": "2026-10-08"
   }
  },
  {
   "type": "Feature",
   "geometry": {
    "type": "Point",
    "coordinates": [
     -83.914688,
     35.967289
    ]
   },
   "properties": {
    "id": "osm-way-520660296",
    "name": null,
    "source": "osm",
    "status": "verified",
    "confidence": null,
    "hoops": null,
    "surface": null,
    "lit": null,
    "address": null,
    "region": "tennessee",
    "osm_id": "way/520660296",
    "updated": "2026-10-08"
   }
  },
  {
   "type": "Feature",
   "geometry": {
    "type": "Point",
    "coordinates": [
     -83.914864,
     35.967207
    ]
   },
   "properties": {
    "id": "osm-way-520660298",
    "name": null,
    "source": "osm",
    "status": "verified",
    "confidence": null,
    "hoops": null,
    "surface": null,
    "lit": null,
    "address": null,
    "region": "tennessee",
    "osm_id": "way/520660298",
    "updated": "2026-10-08"
   }
  },
  {
   "type": "Feature",
   "geometry": {
    "type": "Point",
    "coordinates": [
     -86.788787,
     36.14065
    ]
   },
   "properties": {
    "id": "osm-way-530435743",
    "name": null,
    "source": "osm",
    "status": "verified",
    "confidence": null,
    "hoops": null,
    "surface": null,
    "lit": null,
    "address": null,
    "region": "tennessee",
    "osm_id": "way/530435743",
    "updated": "2026-10-08"
   }
  },
  {
   "type": "Feature",
   "geometry": {
    "type": "Point",
    "coordinates": [
     -86.781351,
     36.137375
    ]
   },
   "properties": {
    "id": "osm-way-531366352",
    "name": null,
    "source": "osm",
    "status": "verified",
    "confidence": null,
    "hoops": null,
    "surface": null,
    "lit": null,
    "address": null,
    "region": "tennessee",
    "osm_id": "way/531366352",
    "updated": "2026-10-08"
   }
  },
  {
   "type": "Feature",
   "geometry": {
    "type": "Point",
    "coordinates": [
     -89.838361,
     35.016209
    ]
   },
   "properties": {
    "id": "osm-way-534584236",
    "name": null,
    "source": "osm",
    "status": "verified",
    "confidence": null,
    "hoops": null,
    "surface": null,
    "lit": null,
    "address": null,
    "region": "tennessee",
    "osm_id": "way/534584236",
    "updated": "2026-10-08"
   }
  },
  {
   "type": "Feature",
   "geometry": {
    "type": "Point",
    "coordinates": [
     -87.365622,
     36.609444
    ]
   },
   "properties": {
    "id": "osm-way-534614382",
    "name": null,
    "source": "osm",
    "status": "verified",
    "confidence": null,
    "hoops": null,
    "surface": null,
    "lit": null,
    "address": null,
    "region": "tennessee",
    "osm_id": "way/534614382",
    "updated": "2026-10-08"
   }
  },
  {
   "type": "Feature",
   "geometry": {
    "type": "Point",
    "coordinates": [
     -82.834093,
     36.151087
    ]
   },
   "properties": {
    "id": "osm-way-537815053",
    "name": null,
    "source": "osm",
    "status": "verified",
    "confidence": null,
    "hoops": null,
    "surface": null,
    "lit": null,
    "address": null,
    "region": "tennessee",
    "osm_id": "way/537815053",
    "updated": "2026-10-08"
   }
  },
  {
   "type": "Feature",
   "geometry": {
    "type": "Point",
    "coordinates": [
     -86.91963,
     36.056511
    ]
   },
   "properties": {
    "id": "osm-way-544255856",
    "name": "Elcan Athletics Center",
    "source": "osm",
    "status": "verified",
    "confidence": null,
    "hoops": null,
    "surface": null,
    "lit": null,
    "address": null,
    "region": "tennessee",
    "osm_id": "way/544255856",
    "updated": "2026-10-08"
   }
  },
  {
   "type": "Feature",
   "geometry": {
    "type": "Point",
    "coordinates": [
     -86.866477,
     36.102712
    ]
   },
   "properties": {
    "id": "osm-way-544268936",
    "name": null,
    "source": "osm",
    "status": "verified",
    "confidence": null,
    "hoops": 1,
    "surface": "concrete:plates",
    "lit": null,
    "address": null,
    "region": "tennessee",
    "osm_id": "way/544268936",
    "updated": "2026-10-08"
   }
  },
  {
   "type": "Feature",
   "geometry": {
    "type": "Point",
    "coordinates": [
     -85.489849,
     36.180721
    ]
   },
   "properties": {
    "id": "osm-way-546236153",
    "name": null,
    "source": "osm",
    "status": "verified",
    "confidence": null,
    "hoops": null,
    "surface": null,
    "lit": null,
    "address": null,
    "region": "tennessee",
    "osm_id": "way/546236153",
    "updated": "2026-10-08"
   }
  },
  {
   "type": "Feature",
   "geometry": {
    "type": "Point",
    "coordinates": [
     -89.866971,
     35.112255
    ]
   },
   "properties": {
    "id": "osm-way-546839286",
    "name": null,
    "source": "osm",
    "status": "verified",
    "confidence": null,
    "hoops": null,
    "surface": null,
    "lit": null,
    "address": null,
    "region": "tennessee",
    "osm_id": "way/546839286",
    "updated": "2026-10-08"
   }
  },
  {
   "type": "Feature",
   "geometry": {
    "type": "Point",
    "coordinates": [
     -86.784707,
     36.08425
    ]
   },
   "properties": {
    "id": "osm-way-547174536",
    "name": null,
    "source": "osm",
    "status": "verified",
    "confidence": null,
    "hoops": 2,
    "surface": "paved",
    "lit": false,
    "address": null,
    "region": "tennessee",
    "osm_id": "way/547174536",
    "updated": "2026-10-08"
   }
  },
  {
   "type": "Feature",
   "geometry": {
    "type": "Point",
    "coordinates": [
     -84.13375,
     36.587267
    ]
   },
   "properties": {
    "id": "osm-way-548009633",
    "name": null,
    "source": "osm",
    "status": "verified",
    "confidence": null,
    "hoops": null,
    "surface": null,
    "lit": null,
    "address": null,
    "region": "tennessee",
    "osm_id": "way/548009633",
    "updated": "2026-10-08"
   }
  },
  {
   "type": "Feature",
   "geometry": {
    "type": "Point",
    "coordinates": [
     -86.648652,
     36.171855
    ]
   },
   "properties": {
    "id": "osm-way-549824714",
    "name": "YMCA Donelson-Hermitage",
    "source": "osm",
    "status": "verified",
    "confidence": null,
    "hoops": null,
    "surface": null,
    "lit": null,
    "address": null,
    "region": "tennessee",
    "osm_id": "way/549824714",
    "updated": "2026-10-08"
   }
  },
  {
   "type": "Feature",
   "geometry": {
    "type": "Point",
    "coordinates": [
     -83.978572,
     35.798052
    ]
   },
   "properties": {
    "id": "osm-way-550661666",
    "name": null,
    "source": "osm",
    "status": "verified",
    "confidence": null,
    "hoops": null,
    "surface": null,
    "lit": null,
    "address": null,
    "region": "tennessee",
    "osm_id": "way/550661666",
    "updated": "2026-10-08"
   }
  },
  {
   "type": "Feature",
   "geometry": {
    "type": "Point",
    "coordinates": [
     -85.452719,
     36.193605
    ]
   },
   "properties": {
    "id": "osm-way-552699377",
    "name": null,
    "source": "osm",
    "status": "verified",
    "confidence": null,
    "hoops": null,
    "surface": null,
    "lit": null,
    "address": null,
    "region": "tennessee",
    "osm_id": "way/552699377",
    "updated": "2026-10-08"
   }
  },
  {
   "type": "Feature",
   "geometry": {
    "type": "Point",
    "coordinates": [
     -85.452926,
     36.192581
    ]
   },
   "properties": {
    "id": "osm-way-552885942",
    "name": null,
    "source": "osm",
    "status": "verified",
    "confidence": null,
    "hoops": null,
    "surface": null,
    "lit": null,
    "address": null,
    "region": "tennessee",
    "osm_id": "way/552885942",
    "updated": "2026-10-08"
   }
  },
  {
   "type": "Feature",
   "geometry": {
    "type": "Point",
    "coordinates": [
     -85.453527,
     36.19233
    ]
   },
   "properties": {
    "id": "osm-way-552885949",
    "name": null,
    "source": "osm",
    "status": "verified",
    "confidence": null,
    "hoops": null,
    "surface": null,
    "lit": null,
    "address": null,
    "region": "tennessee",
    "osm_id": "way/552885949",
    "updated": "2026-10-08"
   }
  },
  {
   "type": "Feature",
   "geometry": {
    "type": "Point",
    "coordinates": [
     -85.452612,
     36.175261
    ]
   },
   "properties": {
    "id": "osm-way-553655427",
    "name": null,
    "source": "osm",
    "status": "verified",
    "confidence": null,
    "hoops": null,
    "surface": null,
    "lit": null,
    "address": null,
    "region": "tennessee",
    "osm_id": "way/553655427",
    "updated": "2026-10-08"
   }
  },
  {
   "type": "Feature",
   "geometry": {
    "type": "Point",
    "coordinates": [
     -85.452487,
     36.175232
    ]
   },
   "properties": {
    "id": "osm-way-553655428",
    "name": null,
    "source": "osm",
    "status": "verified",
    "confidence": null,
    "hoops": null,
    "surface": null,
    "lit": null,
    "address": null,
    "region": "tennessee",
    "osm_id": "way/553655428",
    "updated": "2026-10-08"
   }
  },
  {
   "type": "Feature",
   "geometry": {
    "type": "Point",
    "coordinates": [
     -89.834432,
     35.037382
    ]
   },
   "properties": {
    "id": "osm-way-555283926",
    "name": null,
    "source": "osm",
    "status": "verified",
    "confidence": null,
    "hoops": null,
    "surface": null,
    "lit": null,
    "address": null,
    "region": "tennessee",
    "osm_id": "way/555283926",
    "updated": "2026-10-08"
   }
  },
  {
   "type": "Feature",
   "geometry": {
    "type": "Point",
    "coordinates": [
     -86.349693,
     36.225087
    ]
   },
   "properties": {
    "id": "osm-way-555599227",
    "name": null,
    "source": "osm",
    "status": "verified",
    "confidence": null,
    "hoops": 2,
    "surface": "paved",
    "lit": null,
    "address": null,
    "region": "tennessee",
    "osm_id": "way/555599227",
    "updated": "2026-10-08"
   }
  },
  {
   "type": "Feature",
   "geometry": {
    "type": "Point",
    "coordinates": [
     -86.695949,
     36.316067
    ]
   },
   "properties": {
    "id": "osm-way-558090151",
    "name": "Piccidilly basketball court",
    "source": "osm",
    "status": "verified",
    "confidence": null,
    "hoops": 2,
    "surface": null,
    "lit": null,
    "address": null,
    "region": "tennessee",
    "osm_id": "way/558090151",
    "updated": "2026-10-08"
   }
  },
  {
   "type": "Feature",
   "geometry": {
    "type": "Point",
    "coordinates": [
     -85.520635,
     36.165369
    ]
   },
   "properties": {
    "id": "osm-way-558933380",
    "name": null,
    "source": "osm",
    "status": "verified",
    "confidence": null,
    "hoops": null,
    "surface": null,
    "lit": null,
    "address": null,
    "region": "tennessee",
    "osm_id": "way/558933380",
    "updated": "2026-10-08"
   }
  },
  {
   "type": "Feature",
   "geometry": {
    "type": "Point",
    "coordinates": [
     -84.085527,
     35.941593
    ]
   },
   "properties": {
    "id": "osm-way-559806756",
    "name": null,
    "source": "osm",
    "status": "verified",
    "confidence": null,
    "hoops": null,
    "surface": null,
    "lit": null,
    "address": null,
    "region": "tennessee",
    "osm_id": "way/559806756",
    "updated": "2026-10-08"
   }
  },
  {
   "type": "Feature",
   "geometry": {
    "type": "Point",
    "coordinates": [
     -87.386516,
     36.569028
    ]
   },
   "properties": {
    "id": "osm-way-560856051",
    "name": null,
    "source": "osm",
    "status": "verified",
    "confidence": null,
    "hoops": null,
    "surface": "asphalt",
    "lit": null,
    "address": null,
    "region": "tennessee",
    "osm_id": "way/560856051",
    "updated": "2026-10-08"
   }
  },
  {
   "type": "Feature",
   "geometry": {
    "type": "Point",
    "coordinates": [
     -87.386511,
     36.569098
    ]
   },
   "properties": {
    "id": "osm-way-560856053",
    "name": null,
    "source": "osm",
    "status": "verified",
    "confidence": null,
    "hoops": null,
    "surface": "asphalt",
    "lit": null,
    "address": null,
    "region": "tennessee",
    "osm_id": "way/560856053",
    "updated": "2026-10-08"
   }
  },
  {
   "type": "Feature",
   "geometry": {
    "type": "Point",
    "coordinates": [
     -82.222088,
     36.560451
    ]
   },
   "properties": {
    "id": "osm-way-561459570",
    "name": null,
    "source": "osm",
    "status": "verified",
    "confidence": null,
    "hoops": null,
    "surface": null,
    "lit": null,
    "address": null,
    "region": "tennessee",
    "osm_id": "way/561459570",
    "updated": "2026-10-08"
   }
  },
  {
   "type": "Feature",
   "geometry": {
    "type": "Point",
    "coordinates": [
     -89.864581,
     35.059771
    ]
   },
   "properties": {
    "id": "osm-way-562770903",
    "name": null,
    "source": "osm",
    "status": "verified",
    "confidence": null,
    "hoops": null,
    "surface": null,
    "lit": null,
    "address": null,
    "region": "tennessee",
    "osm_id": "way/562770903",
    "updated": "2026-10-08"
   }
  },
  {
   "type": "Feature",
   "geometry": {
    "type": "Point",
    "coordinates": [
     -85.531648,
     36.12912
    ]
   },
   "properties": {
    "id": "osm-way-569672503",
    "name": null,
    "source": "osm",
    "status": "verified",
    "confidence": null,
    "hoops": null,
    "surface": null,
    "lit": null,
    "address": null,
    "region": "tennessee",
    "osm_id": "way/569672503",
    "updated": "2026-10-08"
   }
  },
  {
   "type": "Feature",
   "geometry": {
    "type": "Point",
    "coordinates": [
     -85.526233,
     36.131786
    ]
   },
   "properties": {
    "id": "osm-way-569766793",
    "name": null,
    "source": "osm",
    "status": "verified",
    "confidence": null,
    "hoops": null,
    "surface": null,
    "lit": null,
    "address": null,
    "region": "tennessee",
    "osm_id": "way/569766793",
    "updated": "2026-10-08"
   }
  },
  {
   "type": "Feature",
   "geometry": {
    "type": "Point",
    "coordinates": [
     -85.631805,
     36.1686
    ]
   },
   "properties": {
    "id": "osm-way-576511859",
    "name": null,
    "source": "osm",
    "status": "verified",
    "confidence": null,
    "hoops": null,
    "surface": null,
    "lit": null,
    "address": null,
    "region": "tennessee",
    "osm_id": "way/576511859",
    "updated": "2026-10-08"
   }
  },
  {
   "type": "Feature",
   "geometry": {
    "type": "Point",
    "coordinates": [
     -85.631551,
     36.168625
    ]
   },
   "properties": {
    "id": "osm-way-576511860",
    "name": null,
    "source": "osm",
    "status": "verified",
    "confidence": null,
    "hoops": null,
    "surface": null,
    "lit": null,
    "address": null,
    "region": "tennessee",
    "osm_id": "way/576511860",
    "updated": "2026-10-08"
   }
  },
  {
   "type": "Feature",
   "geometry": {
    "type": "Point",
    "coordinates": [
     -84.869491,
     35.166586
    ]
   },
   "properties": {
    "id": "osm-way-587944799",
    "name": null,
    "source": "osm",
    "status": "verified",
    "confidence": null,
    "hoops": null,
    "surface": "acrylic",
    "lit": true,
    "address": null,
    "region": "tennessee",
    "osm_id": "way/587944799",
    "updated": "2026-10-08"
   }
  },
  {
   "type": "Feature",
   "geometry": {
    "type": "Point",
    "coordinates": [
     -87.42062,
     36.627704
    ]
   },
   "properties": {
    "id": "osm-way-588837857",
    "name": null,
    "source": "osm",
    "status": "verified",
    "confidence": null,
    "hoops": null,
    "surface": null,
    "lit": null,
    "address": null,
    "region": "tennessee",
    "osm_id": "way/588837857",
    "updated": "2026-10-08"
   }
  },
  {
   "type": "Feature",
   "geometry": {
    "type": "Point",
    "coordinates": [
     -89.954113,
     35.04195
    ]
   },
   "properties": {
    "id": "osm-way-590459877",
    "name": null,
    "source": "osm",
    "status": "verified",
    "confidence": null,
    "hoops": null,
    "surface": "concrete",
    "lit": null,
    "address": null,
    "region": "tennessee",
    "osm_id": "way/590459877",
    "updated": "2026-10-08"
   }
  },
  {
   "type": "Feature",
   "geometry": {
    "type": "Point",
    "coordinates": [
     -89.94277,
     35.049618
    ]
   },
   "properties": {
    "id": "osm-way-590569671",
    "name": null,
    "source": "osm",
    "status": "verified",
    "confidence": null,
    "hoops": null,
    "surface": "concrete",
    "lit": null,
    "address": null,
    "region": "tennessee",
    "osm_id": "way/590569671",
    "updated": "2026-10-08"
   }
  },
  {
   "type": "Feature",
   "geometry": {
    "type": "Point",
    "coordinates": [
     -89.991707,
     35.009895
    ]
   },
   "properties": {
    "id": "osm-way-590602767",
    "name": null,
    "source": "osm",
    "status": "verified",
    "confidence": null,
    "hoops": null,
    "surface": null,
    "lit": null,
    "address": null,
    "region": "tennessee",
    "osm_id": "way/590602767",
    "updated": "2026-10-08"
   }
  },
  {
   "type": "Feature",
   "geometry": {
    "type": "Point",
    "coordinates": [
     -83.492707,
     36.131532
    ]
   },
   "properties": {
    "id": "osm-way-598947573",
    "name": "Nelson Merry Courts",
    "source": "osm",
    "status": "verified",
    "confidence": null,
    "hoops": 2,
    "surface": "asphalt",
    "lit": true,
    "address": null,
    "region": "tennessee",
    "osm_id": "way/598947573",
    "updated": "2026-10-08"
   }
  },
  {
   "type": "Feature",
   "geometry": {
    "type": "Point",
    "coordinates": [
     -83.494435,
     36.117159
    ]
   },
   "properties": {
    "id": "osm-way-599403000",
    "name": null,
    "source": "osm",
    "status": "verified",
    "confidence": null,
    "hoops": null,
    "surface": null,
    "lit": null,
    "address": null,
    "region": "tennessee",
    "osm_id": "way/599403000",
    "updated": "2026-10-08"
   }
  },
  {
   "type": "Feature",
   "geometry": {
    "type": "Point",
    "coordinates": [
     -86.78998,
     36.138178
    ]
   },
   "properties": {
    "id": "osm-way-599983718",
    "name": null,
    "source": "osm",
    "status": "verified",
    "confidence": null,
    "hoops": null,
    "surface": null,
    "lit": null,
    "address": null,
    "region": "tennessee",
    "osm_id": "way/599983718",
    "updated": "2026-10-08"
   }
  },
  {
   "type": "Feature",
   "geometry": {
    "type": "Point",
    "coordinates": [
     -82.375198,
     36.324396
    ]
   },
   "properties": {
    "id": "osm-way-605676173",
    "name": "Freedom Hall",
    "source": "osm",
    "status": "verified",
    "confidence": null,
    "hoops": null,
    "surface": null,
    "lit": null,
    "address": null,
    "region": "tennessee",
    "osm_id": "way/605676173",
    "updated": "2026-10-08"
   }
  },
  {
   "type": "Feature",
   "geometry": {
    "type": "Point",
    "coordinates": [
     -82.363795,
     36.303584
    ]
   },
   "properties": {
    "id": "osm-way-613106074",
    "name": null,
    "source": "osm",
    "status": "verified",
    "confidence": null,
    "hoops": null,
    "surface": null,
    "lit": null,
    "address": null,
    "region": "tennessee",
    "osm_id": "way/613106074",
    "updated": "2026-10-08"
   }
  },
  {
   "type": "Feature",
   "geometry": {
    "type": "Point",
    "coordinates": [
     -83.947351,
     35.969983
    ]
   },
   "properties": {
    "id": "osm-way-613136270",
    "name": null,
    "source": "osm",
    "status": "verified",
    "confidence": null,
    "hoops": null,
    "surface": null,
    "lit": null,
    "address": null,
    "region": "tennessee",
    "osm_id": "way/613136270",
    "updated": "2026-10-08"
   }
  },
  {
   "type": "Feature",
   "geometry": {
    "type": "Point",
    "coordinates": [
     -82.165025,
     36.580018
    ]
   },
   "properties": {
    "id": "osm-way-615339884",
    "name": null,
    "source": "osm",
    "status": "verified",
    "confidence": null,
    "hoops": null,
    "surface": null,
    "lit": null,
    "address": null,
    "region": "tennessee",
    "osm_id": "way/615339884",
    "updated": "2026-10-08"
   }
  },
  {
   "type": "Feature",
   "geometry": {
    "type": "Point",
    "coordinates": [
     -89.681204,
     35.036963
    ]
   },
   "properties": {
    "id": "osm-way-615907904",
    "name": null,
    "source": "osm",
    "status": "verified",
    "confidence": null,
    "hoops": null,
    "surface": null,
    "lit": null,
    "address": null,
    "region": "tennessee",
    "osm_id": "way/615907904",
    "updated": "2026-10-08"
   }
  },
  {
   "type": "Feature",
   "geometry": {
    "type": "Point",
    "coordinates": [
     -89.681015,
     35.036964
    ]
   },
   "properties": {
    "id": "osm-way-615908296",
    "name": null,
    "source": "osm",
    "status": "verified",
    "confidence": null,
    "hoops": null,
    "surface": null,
    "lit": null,
    "address": null,
    "region": "tennessee",
    "osm_id": "way/615908296",
    "updated": "2026-10-08"
   }
  },
  {
   "type": "Feature",
   "geometry": {
    "type": "Point",
    "coordinates": [
     -86.557645,
     36.206381
    ]
   },
   "properties": {
    "id": "osm-way-617096714",
    "name": null,
    "source": "osm",
    "status": "verified",
    "confidence": null,
    "hoops": null,
    "surface": null,
    "lit": null,
    "address": null,
    "region": "tennessee",
    "osm_id": "way/617096714",
    "updated": "2026-10-08"
   }
  },
  {
   "type": "Feature",
   "geometry": {
    "type": "Point",
    "coordinates": [
     -84.864458,
     35.155543
    ]
   },
   "properties": {
    "id": "osm-way-617858559",
    "name": null,
    "source": "osm",
    "status": "verified",
    "confidence": null,
    "hoops": null,
    "surface": null,
    "lit": null,
    "address": null,
    "region": "tennessee",
    "osm_id": "way/617858559",
    "updated": "2026-10-08"
   }
  },
  {
   "type": "Feature",
   "geometry": {
    "type": "Point",
    "coordinates": [
     -84.226997,
     36.025127
    ]
   },
   "properties": {
    "id": "osm-way-621318820",
    "name": null,
    "source": "osm",
    "status": "verified",
    "confidence": null,
    "hoops": null,
    "surface": "asphalt",
    "lit": null,
    "address": null,
    "region": "tennessee",
    "osm_id": "way/621318820",
    "updated": "2026-10-08"
   }
  },
  {
   "type": "Feature",
   "geometry": {
    "type": "Point",
    "coordinates": [
     -86.740687,
     36.111519
    ]
   },
   "properties": {
    "id": "osm-way-628085011",
    "name": null,
    "source": "osm",
    "status": "verified",
    "confidence": null,
    "hoops": null,
    "surface": null,
    "lit": null,
    "address": null,
    "region": "tennessee",
    "osm_id": "way/628085011",
    "updated": "2026-10-08"
   }
  },
  {
   "type": "Feature",
   "geometry": {
    "type": "Point",
    "coordinates": [
     -86.739285,
     36.112335
    ]
   },
   "properties": {
    "id": "osm-way-628086050",
    "name": null,
    "source": "osm",
    "status": "verified",
    "confidence": null,
    "hoops": null,
    "surface": null,
    "lit": null,
    "address": null,
    "region": "tennessee",
    "osm_id": "way/628086050",
    "updated": "2026-10-08"
   }
  },
  {
   "type": "Feature",
   "geometry": {
    "type": "Point",
    "coordinates": [
     -86.705957,
     36.058206
    ]
   },
   "properties": {
    "id": "osm-way-629724971",
    "name": null,
    "source": "osm",
    "status": "verified",
    "confidence": null,
    "hoops": null,
    "surface": null,
    "lit": null,
    "address": null,
    "region": "tennessee",
    "osm_id": "way/629724971",
    "updated": "2026-10-08"
   }
  },
  {
   "type": "Feature",
   "geometry": {
    "type": "Point",
    "coordinates": [
     -86.375174,
     35.848012
    ]
   },
   "properties": {
    "id": "osm-way-634242073",
    "name": null,
    "source": "osm",
    "status": "verified",
    "confidence": null,
    "hoops": null,
    "surface": null,
    "lit": null,
    "address": null,
    "region": "tennessee",
    "osm_id": "way/634242073",
    "updated": "2026-10-08"
   }
  },
  {
   "type": "Feature",
   "geometry": {
    "type": "Point",
    "coordinates": [
     -83.907862,
     35.958219
    ]
   },
   "properties": {
    "id": "osm-way-635357210",
    "name": null,
    "source": "osm",
    "status": "verified",
    "confidence": null,
    "hoops": null,
    "surface": null,
    "lit": null,
    "address": null,
    "region": "tennessee",
    "osm_id": "way/635357210",
    "updated": "2026-10-08"
   }
  },
  {
   "type": "Feature",
   "geometry": {
    "type": "Point",
    "coordinates": [
     -90.009177,
     35.051019
    ]
   },
   "properties": {
    "id": "osm-way-639793618",
    "name": null,
    "source": "osm",
    "status": "verified",
    "confidence": null,
    "hoops": null,
    "surface": null,
    "lit": null,
    "address": null,
    "region": "tennessee",
    "osm_id": "way/639793618",
    "updated": "2026-10-08"
   }
  },
  {
   "type": "Feature",
   "geometry": {
    "type": "Point",
    "coordinates": [
     -86.748787,
     36.078197
    ]
   },
   "properties": {
    "id": "osm-way-642792968",
    "name": null,
    "source": "osm",
    "status": "verified",
    "confidence": null,
    "hoops": null,
    "surface": null,
    "lit": null,
    "address": null,
    "region": "tennessee",
    "osm_id": "way/642792968",
    "updated": "2026-10-08"
   }
  },
  {
   "type": "Feature",
   "geometry": {
    "type": "Point",
    "coordinates": [
     -90.030669,
     35.004685
    ]
   },
   "properties": {
    "id": "osm-way-643147976",
    "name": null,
    "source": "osm",
    "status": "verified",
    "confidence": null,
    "hoops": null,
    "surface": null,
    "lit": null,
    "address": null,
    "region": "tennessee",
    "osm_id": "way/643147976",
    "updated": "2026-10-08"
   }
  },
  {
   "type": "Feature",
   "geometry": {
    "type": "Point",
    "coordinates": [
     -90.004057,
     35.049614
    ]
   },
   "properties": {
    "id": "osm-way-645450025",
    "name": null,
    "source": "osm",
    "status": "verified",
    "confidence": null,
    "hoops": null,
    "surface": null,
    "lit": null,
    "address": null,
    "region": "tennessee",
    "osm_id": "way/645450025",
    "updated": "2026-10-08"
   }
  },
  {
   "type": "Feature",
   "geometry": {
    "type": "Point",
    "coordinates": [
     -90.004057,
     35.049774
    ]
   },
   "properties": {
    "id": "osm-way-645450026",
    "name": null,
    "source": "osm",
    "status": "verified",
    "confidence": null,
    "hoops": null,
    "surface": null,
    "lit": null,
    "address": null,
    "region": "tennessee",
    "osm_id": "way/645450026",
    "updated": "2026-10-08"
   }
  },
  {
   "type": "Feature",
   "geometry": {
    "type": "Point",
    "coordinates": [
     -89.718508,
     35.013329
    ]
   },
   "properties": {
    "id": "osm-way-648524548",
    "name": null,
    "source": "osm",
    "status": "verified",
    "confidence": null,
    "hoops": null,
    "surface": null,
    "lit": null,
    "address": null,
    "region": "tennessee",
    "osm_id": "way/648524548",
    "updated": "2026-10-08"
   }
  },
  {
   "type": "Feature",
   "geometry": {
    "type": "Point",
    "coordinates": [
     -86.677527,
     36.040668
    ]
   },
   "properties": {
    "id": "osm-way-651591384",
    "name": null,
    "source": "osm",
    "status": "verified",
    "confidence": null,
    "hoops": null,
    "surface": null,
    "lit": null,
    "address": null,
    "region": "tennessee",
    "osm_id": "way/651591384",
    "updated": "2026-10-08"
   }
  },
  {
   "type": "Feature",
   "geometry": {
    "type": "Point",
    "coordinates": [
     -88.089329,
     36.236527
    ]
   },
   "properties": {
    "id": "osm-way-652954141",
    "name": null,
    "source": "osm",
    "status": "verified",
    "confidence": null,
    "hoops": null,
    "surface": null,
    "lit": null,
    "address": null,
    "region": "tennessee",
    "osm_id": "way/652954141",
    "updated": "2026-10-08"
   }
  },
  {
   "type": "Feature",
   "geometry": {
    "type": "Point",
    "coordinates": [
     -87.988367,
     36.077422
    ]
   },
   "properties": {
    "id": "osm-way-652962123",
    "name": null,
    "source": "osm",
    "status": "verified",
    "confidence": null,
    "hoops": null,
    "surface": null,
    "lit": null,
    "address": null,
    "region": "tennessee",
    "osm_id": "way/652962123",
    "updated": "2026-10-08"
   }
  },
  {
   "type": "Feature",
   "geometry": {
    "type": "Point",
    "coordinates": [
     -86.748292,
     36.040404
    ]
   },
   "properties": {
    "id": "osm-way-653007790",
    "name": null,
    "source": "osm",
    "status": "verified",
    "confidence": null,
    "hoops": 1,
    "surface": null,
    "lit": true,
    "address": null,
    "region": "tennessee",
    "osm_id": "way/653007790",
    "updated": "2026-10-08"
   }
  },
  {
   "type": "Feature",
   "geometry": {
    "type": "Point",
    "coordinates": [
     -89.278067,
     36.114949
    ]
   },
   "properties": {
    "id": "osm-way-653447633",
    "name": null,
    "source": "osm",
    "status": "verified",
    "confidence": null,
    "hoops": null,
    "surface": null,
    "lit": null,
    "address": null,
    "region": "tennessee",
    "osm_id": "way/653447633",
    "updated": "2026-10-08"
   }
  },
  {
   "type": "Feature",
   "geometry": {
    "type": "Point",
    "coordinates": [
     -89.277978,
     36.114899
    ]
   },
   "properties": {
    "id": "osm-way-653447634",
    "name": null,
    "source": "osm",
    "status": "verified",
    "confidence": null,
    "hoops": null,
    "surface": null,
    "lit": null,
    "address": null,
    "region": "tennessee",
    "osm_id": "way/653447634",
    "updated": "2026-10-08"
   }
  },
  {
   "type": "Feature",
   "geometry": {
    "type": "Point",
    "coordinates": [
     -85.647556,
     35.811074
    ]
   },
   "properties": {
    "id": "osm-way-653466240",
    "name": null,
    "source": "osm",
    "status": "verified",
    "confidence": null,
    "hoops": null,
    "surface": null,
    "lit": null,
    "address": null,
    "region": "tennessee",
    "osm_id": "way/653466240",
    "updated": "2026-10-08"
   }
  },
  {
   "type": "Feature",
   "geometry": {
    "type": "Point",
    "coordinates": [
     -86.803498,
     36.178878
    ]
   },
   "properties": {
    "id": "osm-way-654567923",
    "name": null,
    "source": "osm",
    "status": "verified",
    "confidence": null,
    "hoops": null,
    "surface": null,
    "lit": null,
    "address": null,
    "region": "tennessee",
    "osm_id": "way/654567923",
    "updated": "2026-10-08"
   }
  },
  {
   "type": "Feature",
   "geometry": {
    "type": "Point",
    "coordinates": [
     -89.883404,
     35.078899
    ]
   },
   "properties": {
    "id": "osm-way-656075718",
    "name": null,
    "source": "osm",
    "status": "verified",
    "confidence": null,
    "hoops": null,
    "surface": null,
    "lit": null,
    "address": null,
    "region": "tennessee",
    "osm_id": "way/656075718",
    "updated": "2026-10-08"
   }
  },
  {
   "type": "Feature",
   "geometry": {
    "type": "Point",
    "coordinates": [
     -89.883387,
     35.079123
    ]
   },
   "properties": {
    "id": "osm-way-656075719",
    "name": null,
    "source": "osm",
    "status": "verified",
    "confidence": null,
    "hoops": null,
    "surface": null,
    "lit": null,
    "address": null,
    "region": "tennessee",
    "osm_id": "way/656075719",
    "updated": "2026-10-08"
   }
  },
  {
   "type": "Feature",
   "geometry": {
    "type": "Point",
    "coordinates": [
     -89.883371,
     35.079348
    ]
   },
   "properties": {
    "id": "osm-way-656075720",
    "name": null,
    "source": "osm",
    "status": "verified",
    "confidence": null,
    "hoops": null,
    "surface": null,
    "lit": null,
    "address": null,
    "region": "tennessee",
    "osm_id": "way/656075720",
    "updated": "2026-10-08"
   }
  },
  {
   "type": "Feature",
   "geometry": {
    "type": "Point",
    "coordinates": [
     -89.883354,
     35.079572
    ]
   },
   "properties": {
    "id": "osm-way-656075721",
    "name": null,
    "source": "osm",
    "status": "verified",
    "confidence": null,
    "hoops": null,
    "surface": null,
    "lit": null,
    "address": null,
    "region": "tennessee",
    "osm_id": "way/656075721",
    "updated": "2026-10-08"
   }
  },
  {
   "type": "Feature",
   "geometry": {
    "type": "Point",
    "coordinates": [
     -89.809051,
     35.060216
    ]
   },
   "properties": {
    "id": "osm-way-657053659",
    "name": null,
    "source": "osm",
    "status": "verified",
    "confidence": null,
    "hoops": null,
    "surface": null,
    "lit": null,
    "address": null,
    "region": "tennessee",
    "osm_id": "way/657053659",
    "updated": "2026-10-08"
   }
  },
  {
   "type": "Feature",
   "geometry": {
    "type": "Point",
    "coordinates": [
     -85.490799,
     35.17181
    ]
   },
   "properties": {
    "id": "osm-way-657079600",
    "name": null,
    "source": "osm",
    "status": "verified",
    "confidence": null,
    "hoops": null,
    "surface": null,
    "lit": null,
    "address": null,
    "region": "tennessee",
    "osm_id": "way/657079600",
    "updated": "2026-10-08"
   }
  },
  {
   "type": "Feature",
   "geometry": {
    "type": "Point",
    "coordinates": [
     -85.679035,
     35.045543
    ]
   },
   "properties": {
    "id": "osm-way-657097358",
    "name": null,
    "source": "osm",
    "status": "verified",
    "confidence": null,
    "hoops": null,
    "surface": null,
    "lit": null,
    "address": null,
    "region": "tennessee",
    "osm_id": "way/657097358",
    "updated": "2026-10-08"
   }
  },
  {
   "type": "Feature",
   "geometry": {
    "type": "Point",
    "coordinates": [
     -86.749279,
     36.027423
    ]
   },
   "properties": {
    "id": "osm-way-662805483",
    "name": null,
    "source": "osm",
    "status": "verified",
    "confidence": null,
    "hoops": null,
    "surface": null,
    "lit": null,
    "address": null,
    "region": "tennessee",
    "osm_id": "way/662805483",
    "updated": "2026-10-08"
   }
  },
  {
   "type": "Feature",
   "geometry": {
    "type": "Point",
    "coordinates": [
     -86.739583,
     36.045798
    ]
   },
   "properties": {
    "id": "osm-way-664336402",
    "name": null,
    "source": "osm",
    "status": "verified",
    "confidence": null,
    "hoops": null,
    "surface": null,
    "lit": null,
    "address": null,
    "region": "tennessee",
    "osm_id": "way/664336402",
    "updated": "2026-10-08"
   }
  },
  {
   "type": "Feature",
   "geometry": {
    "type": "Point",
    "coordinates": [
     -86.698438,
     36.057112
    ]
   },
   "properties": {
    "id": "osm-way-664380057",
    "name": null,
    "source": "osm",
    "status": "verified",
    "confidence": null,
    "hoops": null,
    "surface": null,
    "lit": null,
    "address": null,
    "region": "tennessee",
    "osm_id": "way/664380057",
    "updated": "2026-10-08"
   }
  },
  {
   "type": "Feature",
   "geometry": {
    "type": "Point",
    "coordinates": [
     -86.752677,
     36.140836
    ]
   },
   "properties": {
    "id": "osm-way-664860929",
    "name": "Moore Physical Education Center",
    "source": "osm",
    "status": "verified",
    "confidence": null,
    "hoops": null,
    "surface": null,
    "lit": null,
    "address": null,
    "region": "tennessee",
    "osm_id": "way/664860929",
    "updated": "2026-10-08"
   }
  },
  {
   "type": "Feature",
   "geometry": {
    "type": "Point",
    "coordinates": [
     -84.936274,
     36.423917
    ]
   },
   "properties": {
    "id": "osm-way-664937848",
    "name": "Old Gym",
    "source": "osm",
    "status": "verified",
    "confidence": null,
    "hoops": 6,
    "surface": "wooded floor",
    "lit": true,
    "address": null,
    "region": "tennessee",
    "osm_id": "way/664937848",
    "updated": "2026-10-08"
   }
  },
  {
   "type": "Feature",
   "geometry": {
    "type": "Point",
    "coordinates": [
     -86.799636,
     36.16273
    ]
   },
   "properties": {
    "id": "osm-way-665699933",
    "name": null,
    "source": "osm",
    "status": "verified",
    "confidence": null,
    "hoops": null,
    "surface": null,
    "lit": null,
    "address": null,
    "region": "tennessee",
    "osm_id": "way/665699933",
    "updated": "2026-10-08"
   }
  },
  {
   "type": "Feature",
   "geometry": {
    "type": "Point",
    "coordinates": [
     -89.866034,
     35.094927
    ]
   },
   "properties": {
    "id": "osm-way-666783541",
    "name": null,
    "source": "osm",
    "status": "verified",
    "confidence": null,
    "hoops": null,
    "surface": null,
    "lit": null,
    "address": null,
    "region": "tennessee",
    "osm_id": "way/666783541",
    "updated": "2026-10-08"
   }
  },
  {
   "type": "Feature",
   "geometry": {
    "type": "Point",
    "coordinates": [
     -86.899026,
     35.708474
    ]
   },
   "properties": {
    "id": "osm-way-667738763",
    "name": null,
    "source": "osm",
    "status": "verified",
    "confidence": null,
    "hoops": null,
    "surface": null,
    "lit": null,
    "address": null,
    "region": "tennessee",
    "osm_id": "way/667738763",
    "updated": "2026-10-08"
   }
  },
  {
   "type": "Feature",
   "geometry": {
    "type": "Point",
    "coordinates": [
     -86.898834,
     35.708449
    ]
   },
   "properties": {
    "id": "osm-way-667738764",
    "name": null,
    "source": "osm",
    "status": "verified",
    "confidence": null,
    "hoops": null,
    "surface": null,
    "lit": null,
    "address": null,
    "region": "tennessee",
    "osm_id": "way/667738764",
    "updated": "2026-10-08"
   }
  },
  {
   "type": "Feature",
   "geometry": {
    "type": "Point",
    "coordinates": [
     -86.909477,
     35.764929
    ]
   },
   "properties": {
    "id": "osm-way-667741022",
    "name": "Longview Recreation Center",
    "source": "osm",
    "status": "verified",
    "confidence": null,
    "hoops": null,
    "surface": null,
    "lit": null,
    "address": null,
    "region": "tennessee",
    "osm_id": "way/667741022",
    "updated": "2026-10-08"
   }
  },
  {
   "type": "Feature",
   "geometry": {
    "type": "Point",
    "coordinates": [
     -86.702382,
     36.060739
    ]
   },
   "properties": {
    "id": "osm-way-667760645",
    "name": null,
    "source": "osm",
    "status": "verified",
    "confidence": null,
    "hoops": null,
    "surface": null,
    "lit": null,
    "address": null,
    "region": "tennessee",
    "osm_id": "way/667760645",
    "updated": "2026-10-08"
   }
  },
  {
   "type": "Feature",
   "geometry": {
    "type": "Point",
    "coordinates": [
     -85.505666,
     35.212396
    ]
   },
   "properties": {
    "id": "osm-way-667903036",
    "name": null,
    "source": "osm",
    "status": "verified",
    "confidence": null,
    "hoops": null,
    "surface": null,
    "lit": null,
    "address": null,
    "region": "tennessee",
    "osm_id": "way/667903036",
    "updated": "2026-10-08"
   }
  },
  {
   "type": "Feature",
   "geometry": {
    "type": "Point",
    "coordinates": [
     -86.719215,
     36.088515
    ]
   },
   "properties": {
    "id": "osm-way-668822642",
    "name": null,
    "source": "osm",
    "status": "verified",
    "confidence": null,
    "hoops": null,
    "surface": null,
    "lit": null,
    "address": null,
    "region": "tennessee",
    "osm_id": "way/668822642",
    "updated": "2026-10-08"
   }
  },
  {
   "type": "Feature",
   "geometry": {
    "type": "Point",
    "coordinates": [
     -86.934097,
     36.036322
    ]
   },
   "properties": {
    "id": "osm-way-670147636",
    "name": null,
    "source": "osm",
    "status": "verified",
    "confidence": null,
    "hoops": null,
    "surface": null,
    "lit": null,
    "address": null,
    "region": "tennessee",
    "osm_id": "way/670147636",
    "updated": "2026-10-08"
   }
  },
  {
   "type": "Feature",
   "geometry": {
    "type": "Point",
    "coordinates": [
     -86.932383,
     36.038482
    ]
   },
   "properties": {
    "id": "osm-way-670147676",
    "name": null,
    "source": "osm",
    "status": "verified",
    "confidence": null,
    "hoops": null,
    "surface": null,
    "lit": null,
    "address": null,
    "region": "tennessee",
    "osm_id": "way/670147676",
    "updated": "2026-10-08"
   }
  },
  {
   "type": "Feature",
   "geometry": {
    "type": "Point",
    "coordinates": [
     -86.715985,
     36.20803
    ]
   },
   "properties": {
    "id": "osm-way-670330389",
    "name": "Dalewood Baptist Church - Christian Life Center",
    "source": "osm",
    "status": "verified",
    "confidence": null,
    "hoops": null,
    "surface": null,
    "lit": null,
    "address": null,
    "region": "tennessee",
    "osm_id": "way/670330389",
    "updated": "2026-10-08"
   }
  },
  {
   "type": "Feature",
   "geometry": {
    "type": "Point",
    "coordinates": [
     -86.701547,
     36.04215
    ]
   },
   "properties": {
    "id": "osm-way-671200936",
    "name": null,
    "source": "osm",
    "status": "verified",
    "confidence": null,
    "hoops": null,
    "surface": null,
    "lit": null,
    "address": null,
    "region": "tennessee",
    "osm_id": "way/671200936",
    "updated": "2026-10-08"
   }
  },
  {
   "type": "Feature",
   "geometry": {
    "type": "Point",
    "coordinates": [
     -86.679371,
     36.035794
    ]
   },
   "properties": {
    "id": "osm-way-671292100",
    "name": null,
    "source": "osm",
    "status": "verified",
    "confidence": null,
    "hoops": null,
    "surface": null,
    "lit": null,
    "address": null,
    "region": "tennessee",
    "osm_id": "way/671292100",
    "updated": "2026-10-08"
   }
  },
  {
   "type": "Feature",
   "geometry": {
    "type": "Point",
    "coordinates": [
     -86.771648,
     36.156725
    ]
   },
   "properties": {
    "id": "osm-way-672503836",
    "name": null,
    "source": "osm",
    "status": "verified",
    "confidence": null,
    "hoops": null,
    "surface": null,
    "lit": null,
    "address": null,
    "region": "tennessee",
    "osm_id": "way/672503836",
    "updated": "2026-10-08"
   }
  },
  {
   "type": "Feature",
   "geometry": {
    "type": "Point",
    "coordinates": [
     -86.862806,
     36.162805
    ]
   },
   "properties": {
    "id": "osm-way-673392494",
    "name": null,
    "source": "osm",
    "status": "verified",
    "confidence": null,
    "hoops": null,
    "surface": null,
    "lit": null,
    "address": null,
    "region": "tennessee",
    "osm_id": "way/673392494",
    "updated": "2026-10-08"
   }
  },
  {
   "type": "Feature",
   "geometry": {
    "type": "Point",
    "coordinates": [
     -86.904075,
     36.128847
    ]
   },
   "properties": {
    "id": "osm-way-674679113",
    "name": null,
    "source": "osm",
    "status": "verified",
    "confidence": null,
    "hoops": null,
    "surface": null,
    "lit": null,
    "address": null,
    "region": "tennessee",
    "osm_id": "way/674679113",
    "updated": "2026-10-08"
   }
  },
  {
   "type": "Feature",
   "geometry": {
    "type": "Point",
    "coordinates": [
     -86.771613,
     36.105813
    ]
   },
   "properties": {
    "id": "osm-way-674821828",
    "name": null,
    "source": "osm",
    "status": "verified",
    "confidence": null,
    "hoops": null,
    "surface": null,
    "lit": null,
    "address": null,
    "region": "tennessee",
    "osm_id": "way/674821828",
    "updated": "2026-10-08"
   }
  },
  {
   "type": "Feature",
   "geometry": {
    "type": "Point",
    "coordinates": [
     -85.323085,
     35.104156
    ]
   },
   "properties": {
    "id": "osm-way-675654075",
    "name": null,
    "source": "osm",
    "status": "verified",
    "confidence": null,
    "hoops": null,
    "surface": null,
    "lit": null,
    "address": null,
    "region": "chattanooga",
    "osm_id": "way/675654075",
    "updated": "2026-10-08"
   }
  },
  {
   "type": "Feature",
   "geometry": {
    "type": "Point",
    "coordinates": [
     -85.314139,
     35.0265
    ]
   },
   "properties": {
    "id": "osm-way-675658096",
    "name": null,
    "source": "osm",
    "status": "verified",
    "confidence": null,
    "hoops": null,
    "surface": null,
    "lit": null,
    "address": null,
    "region": "chattanooga",
    "osm_id": "way/675658096",
    "updated": "2026-10-08"
   }
  },
  {
   "type": "Feature",
   "geometry": {
    "type": "Point",
    "coordinates": [
     -86.69849,
     36.080385
    ]
   },
   "properties": {
    "id": "osm-way-676598608",
    "name": null,
    "source": "osm",
    "status": "verified",
    "confidence": null,
    "hoops": null,
    "surface": null,
    "lit": null,
    "address": null,
    "region": "tennessee",
    "osm_id": "way/676598608",
    "updated": "2026-10-08"
   }
  },
  {
   "type": "Feature",
   "geometry": {
    "type": "Point",
    "coordinates": [
     -89.875324,
     35.339064
    ]
   },
   "properties": {
    "id": "osm-way-676780379",
    "name": null,
    "source": "osm",
    "status": "verified",
    "confidence": null,
    "hoops": null,
    "surface": null,
    "lit": null,
    "address": null,
    "region": "tennessee",
    "osm_id": "way/676780379",
    "updated": "2026-10-08"
   }
  },
  {
   "type": "Feature",
   "geometry": {
    "type": "Point",
    "coordinates": [
     -89.875559,
     35.339084
    ]
   },
   "properties": {
    "id": "osm-way-676780380",
    "name": null,
    "source": "osm",
    "status": "verified",
    "confidence": null,
    "hoops": null,
    "surface": null,
    "lit": null,
    "address": null,
    "region": "tennessee",
    "osm_id": "way/676780380",
    "updated": "2026-10-08"
   }
  },
  {
   "type": "Feature",
   "geometry": {
    "type": "Point",
    "coordinates": [
     -86.898358,
     35.829009
    ]
   },
   "properties": {
    "id": "osm-way-677337177",
    "name": null,
    "source": "osm",
    "status": "verified",
    "confidence": null,
    "hoops": null,
    "surface": null,
    "lit": null,
    "address": null,
    "region": "tennessee",
    "osm_id": "way/677337177",
    "updated": "2026-10-08"
   }
  },
  {
   "type": "Feature",
   "geometry": {
    "type": "Point",
    "coordinates": [
     -86.747211,
     36.053779
    ]
   },
   "properties": {
    "id": "osm-way-678062702",
    "name": null,
    "source": "osm",
    "status": "verified",
    "confidence": null,
    "hoops": null,
    "surface": null,
    "lit": null,
    "address": null,
    "region": "tennessee",
    "osm_id": "way/678062702",
    "updated": "2026-10-08"
   }
  },
  {
   "type": "Feature",
   "geometry": {
    "type": "Point",
    "coordinates": [
     -86.753376,
     36.045545
    ]
   },
   "properties": {
    "id": "osm-way-679650513",
    "name": null,
    "source": "osm",
    "status": "verified",
    "confidence": null,
    "hoops": null,
    "surface": null,
    "lit": null,
    "address": null,
    "region": "tennessee",
    "osm_id": "way/679650513",
    "updated": "2026-10-08"
   }
  },
  {
   "type": "Feature",
   "geometry": {
    "type": "Point",
    "coordinates": [
     -86.770592,
     36.105217
    ]
   },
   "properties": {
    "id": "osm-way-679673690",
    "name": null,
    "source": "osm",
    "status": "verified",
    "confidence": null,
    "hoops": null,
    "surface": null,
    "lit": null,
    "address": null,
    "region": "tennessee",
    "osm_id": "way/679673690",
    "updated": "2026-10-08"
   }
  },
  {
   "type": "Feature",
   "geometry": {
    "type": "Point",
    "coordinates": [
     -86.770386,
     36.105231
    ]
   },
   "properties": {
    "id": "osm-way-679673692",
    "name": null,
    "source": "osm",
    "status": "verified",
    "confidence": null,
    "hoops": null,
    "surface": null,
    "lit": null,
    "address": null,
    "region": "tennessee",
    "osm_id": "way/679673692",
    "updated": "2026-10-08"
   }
  },
  {
   "type": "Feature",
   "geometry": {
    "type": "Point",
    "coordinates": [
     -86.806618,
     36.135975
    ]
   },
   "properties": {
    "id": "osm-way-681189592",
    "name": null,
    "source": "osm",
    "status": "verified",
    "confidence": null,
    "hoops": null,
    "surface": null,
    "lit": null,
    "address": null,
    "region": "tennessee",
    "osm_id": "way/681189592",
    "updated": "2026-10-08"
   }
  },
  {
   "type": "Feature",
   "geometry": {
    "type": "Point",
    "coordinates": [
     -82.22058,
     36.337485
    ]
   },
   "properties": {
    "id": "osm-way-681702178",
    "name": "Douglas Community Park",
    "source": "osm",
    "status": "verified",
    "confidence": null,
    "hoops": null,
    "surface": null,
    "lit": null,
    "address": null,
    "region": "tennessee",
    "osm_id": "way/681702178",
    "updated": "2026-10-08"
   }
  },
  {
   "type": "Feature",
   "geometry": {
    "type": "Point",
    "coordinates": [
     -82.243717,
     36.341675
    ]
   },
   "properties": {
    "id": "osm-way-681998527",
    "name": null,
    "source": "osm",
    "status": "verified",
    "confidence": null,
    "hoops": null,
    "surface": null,
    "lit": null,
    "address": null,
    "region": "tennessee",
    "osm_id": "way/681998527",
    "updated": "2026-10-08"
   }
  },
  {
   "type": "Feature",
   "geometry": {
    "type": "Point",
    "coordinates": [
     -86.623214,
     35.988932
    ]
   },
   "properties": {
    "id": "osm-way-682437460",
    "name": null,
    "source": "osm",
    "status": "verified",
    "confidence": null,
    "hoops": null,
    "surface": null,
    "lit": null,
    "address": null,
    "region": "tennessee",
    "osm_id": "way/682437460",
    "updated": "2026-10-08"
   }
  },
  {
   "type": "Feature",
   "geometry": {
    "type": "Point",
    "coordinates": [
     -86.834993,
     36.118897
    ]
   },
   "properties": {
    "id": "osm-way-683437897",
    "name": null,
    "source": "osm",
    "status": "verified",
    "confidence": null,
    "hoops": null,
    "surface": null,
    "lit": null,
    "address": null,
    "region": "tennessee",
    "osm_id": "way/683437897",
    "updated": "2026-10-08"
   }
  },
  {
   "type": "Feature",
   "geometry": {
    "type": "Point",
    "coordinates": [
     -87.043124,
     35.613272
    ]
   },
   "properties": {
    "id": "osm-way-687212635",
    "name": null,
    "source": "osm",
    "status": "verified",
    "confidence": null,
    "hoops": null,
    "surface": null,
    "lit": null,
    "address": null,
    "region": "tennessee",
    "osm_id": "way/687212635",
    "updated": "2026-10-08"
   }
  },
  {
   "type": "Feature",
   "geometry": {
    "type": "Point",
    "coordinates": [
     -85.624223,
     36.196997
    ]
   },
   "properties": {
    "id": "osm-way-687923714",
    "name": null,
    "source": "osm",
    "status": "verified",
    "confidence": null,
    "hoops": null,
    "surface": null,
    "lit": null,
    "address": null,
    "region": "tennessee",
    "osm_id": "way/687923714",
    "updated": "2026-10-08"
   }
  },
  {
   "type": "Feature",
   "geometry": {
    "type": "Point",
    "coordinates": [
     -86.7877,
     36.118856
    ]
   },
   "properties": {
    "id": "osm-way-690498611",
    "name": null,
    "source": "osm",
    "status": "verified",
    "confidence": null,
    "hoops": 6,
    "surface": null,
    "lit": null,
    "address": null,
    "region": "tennessee",
    "osm_id": "way/690498611",
    "updated": "2026-10-08"
   }
  },
  {
   "type": "Feature",
   "geometry": {
    "type": "Point",
    "coordinates": [
     -86.835338,
     35.939804
    ]
   },
   "properties": {
    "id": "osm-way-690681792",
    "name": null,
    "source": "osm",
    "status": "verified",
    "confidence": null,
    "hoops": null,
    "surface": null,
    "lit": null,
    "address": null,
    "region": "tennessee",
    "osm_id": "way/690681792",
    "updated": "2026-10-08"
   }
  },
  {
   "type": "Feature",
   "geometry": {
    "type": "Point",
    "coordinates": [
     -86.667072,
     36.474618
    ]
   },
   "properties": {
    "id": "osm-way-691435712",
    "name": null,
    "source": "osm",
    "status": "verified",
    "confidence": null,
    "hoops": null,
    "surface": null,
    "lit": null,
    "address": null,
    "region": "tennessee",
    "osm_id": "way/691435712",
    "updated": "2026-10-08"
   }
  },
  {
   "type": "Feature",
   "geometry": {
    "type": "Point",
    "coordinates": [
     -85.32285,
     35.013342
    ]
   },
   "properties": {
    "id": "osm-way-693436812",
    "name": null,
    "source": "osm",
    "status": "verified",
    "confidence": null,
    "hoops": null,
    "surface": null,
    "lit": null,
    "address": null,
    "region": "chattanooga",
    "osm_id": "way/693436812",
    "updated": "2026-10-08"
   }
  },
  {
   "type": "Feature",
   "geometry": {
    "type": "Point",
    "coordinates": [
     -86.632487,
     36.226311
    ]
   },
   "properties": {
    "id": "osm-way-695687274",
    "name": null,
    "source": "osm",
    "status": "verified",
    "confidence": null,
    "hoops": null,
    "surface": null,
    "lit": null,
    "address": null,
    "region": "tennessee",
    "osm_id": "way/695687274",
    "updated": "2026-10-08"
   }
  },
  {
   "type": "Feature",
   "geometry": {
    "type": "Point",
    "coordinates": [
     -86.927368,
     35.75842
    ]
   },
   "properties": {
    "id": "osm-way-699505910",
    "name": null,
    "source": "osm",
    "status": "verified",
    "confidence": null,
    "hoops": null,
    "surface": null,
    "lit": null,
    "address": null,
    "region": "tennessee",
    "osm_id": "way/699505910",
    "updated": "2026-10-08"
   }
  },
  {
   "type": "Feature",
   "geometry": {
    "type": "Point",
    "coordinates": [
     -86.841379,
     36.133555
    ]
   },
   "properties": {
    "id": "osm-way-704423556",
    "name": null,
    "source": "osm",
    "status": "verified",
    "confidence": null,
    "hoops": null,
    "surface": null,
    "lit": null,
    "address": null,
    "region": "tennessee",
    "osm_id": "way/704423556",
    "updated": "2026-10-08"
   }
  },
  {
   "type": "Feature",
   "geometry": {
    "type": "Point",
    "coordinates": [
     -86.842741,
     36.134077
    ]
   },
   "properties": {
    "id": "osm-way-704423828",
    "name": null,
    "source": "osm",
    "status": "verified",
    "confidence": null,
    "hoops": null,
    "surface": null,
    "lit": null,
    "address": null,
    "region": "tennessee",
    "osm_id": "way/704423828",
    "updated": "2026-10-08"
   }
  },
  {
   "type": "Feature",
   "geometry": {
    "type": "Point",
    "coordinates": [
     -86.657846,
     36.163697
    ]
   },
   "properties": {
    "id": "osm-way-704967122",
    "name": null,
    "source": "osm",
    "status": "verified",
    "confidence": null,
    "hoops": null,
    "surface": null,
    "lit": null,
    "address": null,
    "region": "tennessee",
    "osm_id": "way/704967122",
    "updated": "2026-10-08"
   }
  },
  {
   "type": "Feature",
   "geometry": {
    "type": "Point",
    "coordinates": [
     -89.941672,
     35.157797
    ]
   },
   "properties": {
    "id": "osm-way-711048431",
    "name": null,
    "source": "osm",
    "status": "verified",
    "confidence": null,
    "hoops": null,
    "surface": null,
    "lit": null,
    "address": null,
    "region": "tennessee",
    "osm_id": "way/711048431",
    "updated": "2026-10-08"
   }
  },
  {
   "type": "Feature",
   "geometry": {
    "type": "Point",
    "coordinates": [
     -85.492462,
     36.19131
    ]
   },
   "properties": {
    "id": "osm-way-715627744",
    "name": null,
    "source": "osm",
    "status": "verified",
    "confidence": null,
    "hoops": null,
    "surface": null,
    "lit": null,
    "address": null,
    "region": "tennessee",
    "osm_id": "way/715627744",
    "updated": "2026-10-08"
   }
  },
  {
   "type": "Feature",
   "geometry": {
    "type": "Point",
    "coordinates": [
     -83.377463,
     35.956802
    ]
   },
   "properties": {
    "id": "osm-way-718665921",
    "name": null,
    "source": "osm",
    "status": "verified",
    "confidence": null,
    "hoops": 2,
    "surface": null,
    "lit": null,
    "address": null,
    "region": "tennessee",
    "osm_id": "way/718665921",
    "updated": "2026-10-08"
   }
  },
  {
   "type": "Feature",
   "geometry": {
    "type": "Point",
    "coordinates": [
     -85.950808,
     36.250075
    ]
   },
   "properties": {
    "id": "osm-way-719088888",
    "name": "Turner-Clark Basketball Court",
    "source": "osm",
    "status": "verified",
    "confidence": null,
    "hoops": 2,
    "surface": "paved",
    "lit": false,
    "address": null,
    "region": "tennessee",
    "osm_id": "way/719088888",
    "updated": "2026-10-08"
   }
  },
  {
   "type": "Feature",
   "geometry": {
    "type": "Point",
    "coordinates": [
     -86.827945,
     36.169303
    ]
   },
   "properties": {
    "id": "osm-way-723860311",
    "name": null,
    "source": "osm",
    "status": "verified",
    "confidence": null,
    "hoops": null,
    "surface": null,
    "lit": null,
    "address": null,
    "region": "tennessee",
    "osm_id": "way/723860311",
    "updated": "2026-10-08"
   }
  },
  {
   "type": "Feature",
   "geometry": {
    "type": "Point",
    "coordinates": [
     -86.809322,
     36.139612
    ]
   },
   "properties": {
    "id": "osm-way-724135900",
    "name": null,
    "source": "osm",
    "status": "verified",
    "confidence": null,
    "hoops": null,
    "surface": null,
    "lit": null,
    "address": null,
    "region": "tennessee",
    "osm_id": "way/724135900",
    "updated": "2026-10-08"
   }
  },
  {
   "type": "Feature",
   "geometry": {
    "type": "Point",
    "coordinates": [
     -86.695546,
     36.042758
    ]
   },
   "properties": {
    "id": "osm-way-726617674",
    "name": null,
    "source": "osm",
    "status": "verified",
    "confidence": null,
    "hoops": null,
    "surface": null,
    "lit": null,
    "address": null,
    "region": "tennessee",
    "osm_id": "way/726617674",
    "updated": "2026-10-08"
   }
  },
  {
   "type": "Feature",
   "geometry": {
    "type": "Point",
    "coordinates": [
     -86.69836,
     36.107901
    ]
   },
   "properties": {
    "id": "osm-way-730009251",
    "name": null,
    "source": "osm",
    "status": "verified",
    "confidence": null,
    "hoops": null,
    "surface": null,
    "lit": null,
    "address": null,
    "region": "tennessee",
    "osm_id": "way/730009251",
    "updated": "2026-10-08"
   }
  },
  {
   "type": "Feature",
   "geometry": {
    "type": "Point",
    "coordinates": [
     -84.115168,
     35.921811
    ]
   },
   "properties": {
    "id": "osm-way-736488166",
    "name": null,
    "source": "osm",
    "status": "verified",
    "confidence": null,
    "hoops": null,
    "surface": null,
    "lit": null,
    "address": null,
    "region": "tennessee",
    "osm_id": "way/736488166",
    "updated": "2026-10-08"
   }
  },
  {
   "type": "Feature",
   "geometry": {
    "type": "Point",
    "coordinates": [
     -84.201886,
     35.864182
    ]
   },
   "properties": {
    "id": "osm-way-736666067",
    "name": null,
    "source": "osm",
    "status": "verified",
    "confidence": null,
    "hoops": null,
    "surface": null,
    "lit": null,
    "address": null,
    "region": "tennessee",
    "osm_id": "way/736666067",
    "updated": "2026-10-08"
   }
  },
  {
   "type": "Feature",
   "geometry": {
    "type": "Point",
    "coordinates": [
     -84.19538,
     35.859649
    ]
   },
   "properties": {
    "id": "osm-way-736667014",
    "name": null,
    "source": "osm",
    "status": "verified",
    "confidence": null,
    "hoops": null,
    "surface": null,
    "lit": null,
    "address": null,
    "region": "tennessee",
    "osm_id": "way/736667014",
    "updated": "2026-10-08"
   }
  },
  {
   "type": "Feature",
   "geometry": {
    "type": "Point",
    "coordinates": [
     -84.186442,
     35.865941
    ]
   },
   "properties": {
    "id": "osm-way-736667803",
    "name": null,
    "source": "osm",
    "status": "verified",
    "confidence": null,
    "hoops": null,
    "surface": "concrete",
    "lit": null,
    "address": null,
    "region": "tennessee",
    "osm_id": "way/736667803",
    "updated": "2026-10-08"
   }
  },
  {
   "type": "Feature",
   "geometry": {
    "type": "Point",
    "coordinates": [
     -84.171932,
     35.880224
    ]
   },
   "properties": {
    "id": "osm-way-736668329",
    "name": null,
    "source": "osm",
    "status": "verified",
    "confidence": null,
    "hoops": null,
    "surface": null,
    "lit": null,
    "address": null,
    "region": "tennessee",
    "osm_id": "way/736668329",
    "updated": "2026-10-08"
   }
  },
  {
   "type": "Feature",
   "geometry": {
    "type": "Point",
    "coordinates": [
     -84.096041,
     35.927887
    ]
   },
   "properties": {
    "id": "osm-way-736673185",
    "name": null,
    "source": "osm",
    "status": "verified",
    "confidence": null,
    "hoops": null,
    "surface": null,
    "lit": null,
    "address": null,
    "region": "tennessee",
    "osm_id": "way/736673185",
    "updated": "2026-10-08"
   }
  },
  {
   "type": "Feature",
   "geometry": {
    "type": "Point",
    "coordinates": [
     -83.74319,
     36.061906
    ]
   },
   "properties": {
    "id": "osm-way-736840070",
    "name": null,
    "source": "osm",
    "status": "verified",
    "confidence": null,
    "hoops": null,
    "surface": null,
    "lit": null,
    "address": null,
    "region": "tennessee",
    "osm_id": "way/736840070",
    "updated": "2026-10-08"
   }
  },
  {
   "type": "Feature",
   "geometry": {
    "type": "Point",
    "coordinates": [
     -84.083683,
     35.925717
    ]
   },
   "properties": {
    "id": "osm-way-736894236",
    "name": null,
    "source": "osm",
    "status": "verified",
    "confidence": null,
    "hoops": null,
    "surface": null,
    "lit": null,
    "address": null,
    "region": "tennessee",
    "osm_id": "way/736894236",
    "updated": "2026-10-08"
   }
  },
  {
   "type": "Feature",
   "geometry": {
    "type": "Point",
    "coordinates": [
     -84.060615,
     35.94056
    ]
   },
   "properties": {
    "id": "osm-way-736894248",
    "name": null,
    "source": "osm",
    "status": "verified",
    "confidence": null,
    "hoops": null,
    "surface": null,
    "lit": null,
    "address": null,
    "region": "tennessee",
    "osm_id": "way/736894248",
    "updated": "2026-10-08"
   }
  },
  {
   "type": "Feature",
   "geometry": {
    "type": "Point",
    "coordinates": [
     -84.089508,
     35.938335
    ]
   },
   "properties": {
    "id": "osm-way-736894251",
    "name": null,
    "source": "osm",
    "status": "verified",
    "confidence": null,
    "hoops": null,
    "surface": null,
    "lit": null,
    "address": null,
    "region": "tennessee",
    "osm_id": "way/736894251",
    "updated": "2026-10-08"
   }
  },
  {
   "type": "Feature",
   "geometry": {
    "type": "Point",
    "coordinates": [
     -83.892613,
     35.969313
    ]
   },
   "properties": {
    "id": "osm-way-741769406",
    "name": null,
    "source": "osm",
    "status": "verified",
    "confidence": null,
    "hoops": null,
    "surface": null,
    "lit": null,
    "address": null,
    "region": "tennessee",
    "osm_id": "way/741769406",
    "updated": "2026-10-08"
   }
  },
  {
   "type": "Feature",
   "geometry": {
    "type": "Point",
    "coordinates": [
     -83.90653,
     35.974621
    ]
   },
   "properties": {
    "id": "osm-way-741769917",
    "name": null,
    "source": "osm",
    "status": "verified",
    "confidence": null,
    "hoops": null,
    "surface": null,
    "lit": null,
    "address": null,
    "region": "tennessee",
    "osm_id": "way/741769917",
    "updated": "2026-10-08"
   }
  },
  {
   "type": "Feature",
   "geometry": {
    "type": "Point",
    "coordinates": [
     -83.937162,
     35.971183
    ]
   },
   "properties": {
    "id": "osm-way-743743700",
    "name": null,
    "source": "osm",
    "status": "verified",
    "confidence": null,
    "hoops": null,
    "surface": null,
    "lit": null,
    "address": null,
    "region": "tennessee",
    "osm_id": "way/743743700",
    "updated": "2026-10-08"
   }
  },
  {
   "type": "Feature",
   "geometry": {
    "type": "Point",
    "coordinates": [
     -83.902192,
     35.978869
    ]
   },
   "properties": {
    "id": "osm-way-744095247",
    "name": null,
    "source": "osm",
    "status": "verified",
    "confidence": null,
    "hoops": null,
    "surface": null,
    "lit": null,
    "address": null,
    "region": "tennessee",
    "osm_id": "way/744095247",
    "updated": "2026-10-08"
   }
  },
  {
   "type": "Feature",
   "geometry": {
    "type": "Point",
    "coordinates": [
     -83.901923,
     35.978984
    ]
   },
   "properties": {
    "id": "osm-way-744095248",
    "name": null,
    "source": "osm",
    "status": "verified",
    "confidence": null,
    "hoops": null,
    "surface": null,
    "lit": null,
    "address": null,
    "region": "tennessee",
    "osm_id": "way/744095248",
    "updated": "2026-10-08"
   }
  },
  {
   "type": "Feature",
   "geometry": {
    "type": "Point",
    "coordinates": [
     -85.263052,
     36.142868
    ]
   },
   "properties": {
    "id": "osm-way-744898547",
    "name": null,
    "source": "osm",
    "status": "verified",
    "confidence": null,
    "hoops": null,
    "surface": null,
    "lit": null,
    "address": null,
    "region": "tennessee",
    "osm_id": "way/744898547",
    "updated": "2026-10-08"
   }
  },
  {
   "type": "Feature",
   "geometry": {
    "type": "Point",
    "coordinates": [
     -86.662612,
     36.04054
    ]
   },
   "properties": {
    "id": "osm-way-745311550",
    "name": null,
    "source": "osm",
    "status": "verified",
    "confidence": null,
    "hoops": null,
    "surface": null,
    "lit": null,
    "address": null,
    "region": "tennessee",
    "osm_id": "way/745311550",
    "updated": "2026-10-08"
   }
  },
  {
   "type": "Feature",
   "geometry": {
    "type": "Point",
    "coordinates": [
     -82.348053,
     36.337811
    ]
   },
   "properties": {
    "id": "osm-way-746266644",
    "name": null,
    "source": "osm",
    "status": "verified",
    "confidence": null,
    "hoops": 2,
    "surface": "asphalt",
    "lit": null,
    "address": null,
    "region": "tennessee",
    "osm_id": "way/746266644",
    "updated": "2026-10-08"
   }
  },
  {
   "type": "Feature",
   "geometry": {
    "type": "Point",
    "coordinates": [
     -82.40547,
     36.286748
    ]
   },
   "properties": {
    "id": "osm-way-746281158",
    "name": null,
    "source": "osm",
    "status": "verified",
    "confidence": null,
    "hoops": null,
    "surface": null,
    "lit": null,
    "address": null,
    "region": "tennessee",
    "osm_id": "way/746281158",
    "updated": "2026-10-08"
   }
  },
  {
   "type": "Feature",
   "geometry": {
    "type": "Point",
    "coordinates": [
     -83.989703,
     35.736627
    ]
   },
   "properties": {
    "id": "osm-way-747076633",
    "name": "National Fitness Center",
    "source": "osm",
    "status": "verified",
    "confidence": null,
    "hoops": null,
    "surface": null,
    "lit": null,
    "address": null,
    "region": "tennessee",
    "osm_id": "way/747076633",
    "updated": "2026-10-08"
   }
  },
  {
   "type": "Feature",
   "geometry": {
    "type": "Point",
    "coordinates": [
     -86.751547,
     36.023065
    ]
   },
   "properties": {
    "id": "osm-way-749659792",
    "name": null,
    "source": "osm",
    "status": "verified",
    "confidence": null,
    "hoops": null,
    "surface": null,
    "lit": null,
    "address": null,
    "region": "tennessee",
    "osm_id": "way/749659792",
    "updated": "2026-10-08"
   }
  },
  {
   "type": "Feature",
   "geometry": {
    "type": "Point",
    "coordinates": [
     -86.6438,
     36.022095
    ]
   },
   "properties": {
    "id": "osm-way-750911847",
    "name": null,
    "source": "osm",
    "status": "verified",
    "confidence": null,
    "hoops": null,
    "surface": null,
    "lit": null,
    "address": null,
    "region": "tennessee",
    "osm_id": "way/750911847",
    "updated": "2026-10-08"
   }
  },
  {
   "type": "Feature",
   "geometry": {
    "type": "Point",
    "coordinates": [
     -86.735985,
     36.188882
    ]
   },
   "properties": {
    "id": "osm-way-752036151",
    "name": null,
    "source": "osm",
    "status": "verified",
    "confidence": null,
    "hoops": null,
    "surface": null,
    "lit": null,
    "address": null,
    "region": "tennessee",
    "osm_id": "way/752036151",
    "updated": "2026-10-08"
   }
  },
  {
   "type": "Feature",
   "geometry": {
    "type": "Point",
    "coordinates": [
     -86.923413,
     35.749275
    ]
   },
   "properties": {
    "id": "osm-way-752865901",
    "name": null,
    "source": "osm",
    "status": "verified",
    "confidence": null,
    "hoops": null,
    "surface": null,
    "lit": null,
    "address": null,
    "region": "tennessee",
    "osm_id": "way/752865901",
    "updated": "2026-10-08"
   }
  },
  {
   "type": "Feature",
   "geometry": {
    "type": "Point",
    "coordinates": [
     -86.87131,
     35.759644
    ]
   },
   "properties": {
    "id": "osm-way-752866170",
    "name": null,
    "source": "osm",
    "status": "verified",
    "confidence": null,
    "hoops": 2,
    "surface": null,
    "lit": null,
    "address": null,
    "region": "tennessee",
    "osm_id": "way/752866170",
    "updated": "2026-10-08"
   }
  },
  {
   "type": "Feature",
   "geometry": {
    "type": "Point",
    "coordinates": [
     -86.669578,
     36.038156
    ]
   },
   "properties": {
    "id": "osm-way-753466474",
    "name": null,
    "source": "osm",
    "status": "verified",
    "confidence": null,
    "hoops": null,
    "surface": null,
    "lit": null,
    "address": null,
    "region": "tennessee",
    "osm_id": "way/753466474",
    "updated": "2026-10-08"
   }
  },
  {
   "type": "Feature",
   "geometry": {
    "type": "Point",
    "coordinates": [
     -89.883598,
     35.124428
    ]
   },
   "properties": {
    "id": "osm-way-756665389",
    "name": null,
    "source": "osm",
    "status": "verified",
    "confidence": null,
    "hoops": 1,
    "surface": "concrete",
    "lit": false,
    "address": null,
    "region": "tennessee",
    "osm_id": "way/756665389",
    "updated": "2026-10-08"
   }
  },
  {
   "type": "Feature",
   "geometry": {
    "type": "Point",
    "coordinates": [
     -89.988371,
     35.164153
    ]
   },
   "properties": {
    "id": "osm-way-757984637",
    "name": null,
    "source": "osm",
    "status": "verified",
    "confidence": null,
    "hoops": null,
    "surface": null,
    "lit": null,
    "address": null,
    "region": "tennessee",
    "osm_id": "way/757984637",
    "updated": "2026-10-08"
   }
  },
  {
   "type": "Feature",
   "geometry": {
    "type": "Point",
    "coordinates": [
     -88.636191,
     35.438423
    ]
   },
   "properties": {
    "id": "osm-way-760421713",
    "name": "Brewer Sports Center",
    "source": "osm",
    "status": "verified",
    "confidence": null,
    "hoops": null,
    "surface": null,
    "lit": null,
    "address": null,
    "region": "tennessee",
    "osm_id": "way/760421713",
    "updated": "2026-10-08"
   }
  },
  {
   "type": "Feature",
   "geometry": {
    "type": "Point",
    "coordinates": [
     -86.843964,
     36.213302
    ]
   },
   "properties": {
    "id": "osm-way-764180741",
    "name": null,
    "source": "osm",
    "status": "verified",
    "confidence": null,
    "hoops": null,
    "surface": null,
    "lit": null,
    "address": null,
    "region": "tennessee",
    "osm_id": "way/764180741",
    "updated": "2026-10-08"
   }
  },
  {
   "type": "Feature",
   "geometry": {
    "type": "Point",
    "coordinates": [
     -86.840221,
     36.178941
    ]
   },
   "properties": {
    "id": "osm-way-764191889",
    "name": null,
    "source": "osm",
    "status": "verified",
    "confidence": null,
    "hoops": null,
    "surface": "asphalt",
    "lit": false,
    "address": null,
    "region": "tennessee",
    "osm_id": "way/764191889",
    "updated": "2026-10-08"
   }
  },
  {
   "type": "Feature",
   "geometry": {
    "type": "Point",
    "coordinates": [
     -89.916149,
     35.22129
    ]
   },
   "properties": {
    "id": "osm-way-764479700",
    "name": null,
    "source": "osm",
    "status": "verified",
    "confidence": null,
    "hoops": 1,
    "surface": "asphalt",
    "lit": null,
    "address": null,
    "region": "tennessee",
    "osm_id": "way/764479700",
    "updated": "2026-10-08"
   }
  },
  {
   "type": "Feature",
   "geometry": {
    "type": "Point",
    "coordinates": [
     -86.787748,
     35.995716
    ]
   },
   "properties": {
    "id": "osm-way-766066194",
    "name": null,
    "source": "osm",
    "status": "verified",
    "confidence": null,
    "hoops": null,
    "surface": "asphalt",
    "lit": null,
    "address": null,
    "region": "tennessee",
    "osm_id": "way/766066194",
    "updated": "2026-10-08"
   }
  },
  {
   "type": "Feature",
   "geometry": {
    "type": "Point",
    "coordinates": [
     -86.801339,
     36.186959
    ]
   },
   "properties": {
    "id": "osm-way-770591533",
    "name": null,
    "source": "osm",
    "status": "verified",
    "confidence": null,
    "hoops": null,
    "surface": null,
    "lit": null,
    "address": null,
    "region": "tennessee",
    "osm_id": "way/770591533",
    "updated": "2026-10-08"
   }
  },
  {
   "type": "Feature",
   "geometry": {
    "type": "Point",
    "coordinates": [
     -86.918213,
     36.083774
    ]
   },
   "properties": {
    "id": "osm-way-772277838",
    "name": null,
    "source": "osm",
    "status": "verified",
    "confidence": null,
    "hoops": null,
    "surface": null,
    "lit": null,
    "address": null,
    "region": "tennessee",
    "osm_id": "way/772277838",
    "updated": "2026-10-08"
   }
  },
  {
   "type": "Feature",
   "geometry": {
    "type": "Point",
    "coordinates": [
     -86.817836,
     36.157892
    ]
   },
   "properties": {
    "id": "osm-way-773789102",
    "name": null,
    "source": "osm",
    "status": "verified",
    "confidence": null,
    "hoops": null,
    "surface": null,
    "lit": null,
    "address": null,
    "region": "tennessee",
    "osm_id": "way/773789102",
    "updated": "2026-10-08"
   }
  },
  {
   "type": "Feature",
   "geometry": {
    "type": "Point",
    "coordinates": [
     -83.964596,
     35.775457
    ]
   },
   "properties": {
    "id": "osm-way-775869509",
    "name": null,
    "source": "osm",
    "status": "verified",
    "confidence": null,
    "hoops": null,
    "surface": null,
    "lit": null,
    "address": null,
    "region": "tennessee",
    "osm_id": "way/775869509",
    "updated": "2026-10-08"
   }
  },
  {
   "type": "Feature",
   "geometry": {
    "type": "Point",
    "coordinates": [
     -86.920254,
     36.116919
    ]
   },
   "properties": {
    "id": "osm-way-776344787",
    "name": null,
    "source": "osm",
    "status": "verified",
    "confidence": null,
    "hoops": null,
    "surface": null,
    "lit": null,
    "address": null,
    "region": "tennessee",
    "osm_id": "way/776344787",
    "updated": "2026-10-08"
   }
  },
  {
   "type": "Feature",
   "geometry": {
    "type": "Point",
    "coordinates": [
     -82.220872,
     36.337404
    ]
   },
   "properties": {
    "id": "osm-way-778584446",
    "name": null,
    "source": "osm",
    "status": "verified",
    "confidence": null,
    "hoops": null,
    "surface": null,
    "lit": null,
    "address": null,
    "region": "tennessee",
    "osm_id": "way/778584446",
    "updated": "2026-10-08"
   }
  },
  {
   "type": "Feature",
   "geometry": {
    "type": "Point",
    "coordinates": [
     -82.359961,
     36.317568
    ]
   },
   "properties": {
    "id": "osm-way-778648999",
    "name": null,
    "source": "osm",
    "status": "verified",
    "confidence": null,
    "hoops": null,
    "surface": null,
    "lit": null,
    "address": null,
    "region": "tennessee",
    "osm_id": "way/778648999",
    "updated": "2026-10-08"
   }
  },
  {
   "type": "Feature",
   "geometry": {
    "type": "Point",
    "coordinates": [
     -86.92734,
     36.095608
    ]
   },
   "properties": {
    "id": "osm-way-779013585",
    "name": null,
    "source": "osm",
    "status": "verified",
    "confidence": null,
    "hoops": null,
    "surface": null,
    "lit": null,
    "address": null,
    "region": "tennessee",
    "osm_id": "way/779013585",
    "updated": "2026-10-08"
   }
  },
  {
   "type": "Feature",
   "geometry": {
    "type": "Point",
    "coordinates": [
     -82.372115,
     36.314848
    ]
   },
   "properties": {
    "id": "osm-way-779392882",
    "name": null,
    "source": "osm",
    "status": "verified",
    "confidence": null,
    "hoops": null,
    "surface": null,
    "lit": null,
    "address": null,
    "region": "tennessee",
    "osm_id": "way/779392882",
    "updated": "2026-10-08"
   }
  },
  {
   "type": "Feature",
   "geometry": {
    "type": "Point",
    "coordinates": [
     -82.331415,
     36.316501
    ]
   },
   "properties": {
    "id": "osm-way-782051733",
    "name": null,
    "source": "osm",
    "status": "verified",
    "confidence": null,
    "hoops": null,
    "surface": null,
    "lit": null,
    "address": null,
    "region": "tennessee",
    "osm_id": "way/782051733",
    "updated": "2026-10-08"
   }
  },
  {
   "type": "Feature",
   "geometry": {
    "type": "Point",
    "coordinates": [
     -89.710382,
     35.063231
    ]
   },
   "properties": {
    "id": "osm-way-788348752",
    "name": null,
    "source": "osm",
    "status": "verified",
    "confidence": null,
    "hoops": null,
    "surface": null,
    "lit": null,
    "address": null,
    "region": "tennessee",
    "osm_id": "way/788348752",
    "updated": "2026-10-08"
   }
  },
  {
   "type": "Feature",
   "geometry": {
    "type": "Point",
    "coordinates": [
     -90.029283,
     35.202256
    ]
   },
   "properties": {
    "id": "osm-way-791867107",
    "name": null,
    "source": "osm",
    "status": "verified",
    "confidence": null,
    "hoops": null,
    "surface": "concrete",
    "lit": null,
    "address": null,
    "region": "tennessee",
    "osm_id": "way/791867107",
    "updated": "2026-10-08"
   }
  },
  {
   "type": "Feature",
   "geometry": {
    "type": "Point",
    "coordinates": [
     -89.165133,
     36.335959
    ]
   },
   "properties": {
    "id": "osm-way-793249263",
    "name": null,
    "source": "osm",
    "status": "verified",
    "confidence": null,
    "hoops": null,
    "surface": null,
    "lit": null,
    "address": null,
    "region": "tennessee",
    "osm_id": "way/793249263",
    "updated": "2026-10-08"
   }
  },
  {
   "type": "Feature",
   "geometry": {
    "type": "Point",
    "coordinates": [
     -88.318093,
     36.302184
    ]
   },
   "properties": {
    "id": "osm-way-797170005",
    "name": null,
    "source": "osm",
    "status": "verified",
    "confidence": null,
    "hoops": null,
    "surface": null,
    "lit": null,
    "address": null,
    "region": "tennessee",
    "osm_id": "way/797170005",
    "updated": "2026-10-08"
   }
  },
  {
   "type": "Feature",
   "geometry": {
    "type": "Point",
    "coordinates": [
     -88.312793,
     36.303646
    ]
   },
   "properties": {
    "id": "osm-way-797170010",
    "name": null,
    "source": "osm",
    "status": "verified",
    "confidence": null,
    "hoops": null,
    "surface": null,
    "lit": null,
    "address": null,
    "region": "tennessee",
    "osm_id": "way/797170010",
    "updated": "2026-10-08"
   }
  },
  {
   "type": "Feature",
   "geometry": {
    "type": "Point",
    "coordinates": [
     -89.994538,
     35.233048
    ]
   },
   "properties": {
    "id": "osm-way-798912024",
    "name": null,
    "source": "osm",
    "status": "verified",
    "confidence": null,
    "hoops": null,
    "surface": null,
    "lit": null,
    "address": null,
    "region": "tennessee",
    "osm_id": "way/798912024",
    "updated": "2026-10-08"
   }
  },
  {
   "type": "Feature",
   "geometry": {
    "type": "Point",
    "coordinates": [
     -89.260359,
     36.121875
    ]
   },
   "properties": {
    "id": "osm-way-801342581",
    "name": null,
    "source": "osm",
    "status": "verified",
    "confidence": null,
    "hoops": null,
    "surface": null,
    "lit": null,
    "address": null,
    "region": "tennessee",
    "osm_id": "way/801342581",
    "updated": "2026-10-08"
   }
  },
  {
   "type": "Feature",
   "geometry": {
    "type": "Point",
    "coordinates": [
     -89.724006,
     35.07906
    ]
   },
   "properties": {
    "id": "osm-way-802992824",
    "name": null,
    "source": "osm",
    "status": "verified",
    "confidence": null,
    "hoops": null,
    "surface": null,
    "lit": null,
    "address": null,
    "region": "tennessee",
    "osm_id": "way/802992824",
    "updated": "2026-10-08"
   }
  },
  {
   "type": "Feature",
   "geometry": {
    "type": "Point",
    "coordinates": [
     -89.965515,
     35.217656
    ]
   },
   "properties": {
    "id": "osm-way-807637844",
    "name": null,
    "source": "osm",
    "status": "verified",
    "confidence": null,
    "hoops": null,
    "surface": "tartan",
    "lit": null,
    "address": null,
    "region": "tennessee",
    "osm_id": "way/807637844",
    "updated": "2026-10-08"
   }
  },
  {
   "type": "Feature",
   "geometry": {
    "type": "Point",
    "coordinates": [
     -89.740472,
     35.062727
    ]
   },
   "properties": {
    "id": "osm-way-807950452",
    "name": null,
    "source": "osm",
    "status": "verified",
    "confidence": null,
    "hoops": null,
    "surface": null,
    "lit": null,
    "address": null,
    "region": "tennessee",
    "osm_id": "way/807950452",
    "updated": "2026-10-08"
   }
  },
  {
   "type": "Feature",
   "geometry": {
    "type": "Point",
    "coordinates": [
     -83.514594,
     35.701475
    ]
   },
   "properties": {
    "id": "osm-way-818557429",
    "name": null,
    "source": "osm",
    "status": "verified",
    "confidence": null,
    "hoops": null,
    "surface": null,
    "lit": null,
    "address": null,
    "region": "tennessee",
    "osm_id": "way/818557429",
    "updated": "2026-10-08"
   }
  },
  {
   "type": "Feature",
   "geometry": {
    "type": "Point",
    "coordinates": [
     -89.888048,
     35.189949
    ]
   },
   "properties": {
    "id": "osm-way-819162749",
    "name": null,
    "source": "osm",
    "status": "verified",
    "confidence": null,
    "hoops": null,
    "surface": null,
    "lit": null,
    "address": null,
    "region": "tennessee",
    "osm_id": "way/819162749",
    "updated": "2026-10-08"
   }
  },
  {
   "type": "Feature",
   "geometry": {
    "type": "Point",
    "coordinates": [
     -89.878102,
     35.176612
    ]
   },
   "properties": {
    "id": "osm-way-819927450",
    "name": null,
    "source": "osm",
    "status": "verified",
    "confidence": null,
    "hoops": null,
    "surface": null,
    "lit": null,
    "address": null,
    "region": "tennessee",
    "osm_id": "way/819927450",
    "updated": "2026-10-08"
   }
  },
  {
   "type": "Feature",
   "geometry": {
    "type": "Point",
    "coordinates": [
     -90.081979,
     35.049535
    ]
   },
   "properties": {
    "id": "osm-way-820875601",
    "name": null,
    "source": "osm",
    "status": "verified",
    "confidence": null,
    "hoops": null,
    "surface": null,
    "lit": null,
    "address": null,
    "region": "tennessee",
    "osm_id": "way/820875601",
    "updated": "2026-10-08"
   }
  },
  {
   "type": "Feature",
   "geometry": {
    "type": "Point",
    "coordinates": [
     -87.358921,
     36.521327
    ]
   },
   "properties": {
    "id": "osm-way-823061168",
    "name": null,
    "source": "osm",
    "status": "verified",
    "confidence": null,
    "hoops": 2,
    "surface": "asphalt",
    "lit": null,
    "address": null,
    "region": "tennessee",
    "osm_id": "way/823061168",
    "updated": "2026-10-08"
   }
  },
  {
   "type": "Feature",
   "geometry": {
    "type": "Point",
    "coordinates": [
     -83.930868,
     35.933915
    ]
   },
   "properties": {
    "id": "osm-way-823152700",
    "name": null,
    "source": "osm",
    "status": "verified",
    "confidence": null,
    "hoops": null,
    "surface": null,
    "lit": null,
    "address": null,
    "region": "tennessee",
    "osm_id": "way/823152700",
    "updated": "2026-10-08"
   }
  },
  {
   "type": "Feature",
   "geometry": {
    "type": "Point",
    "coordinates": [
     -89.761561,
     35.062364
    ]
   },
   "properties": {
    "id": "osm-way-823324319",
    "name": null,
    "source": "osm",
    "status": "verified",
    "confidence": null,
    "hoops": 2,
    "surface": null,
    "lit": null,
    "address": null,
    "region": "tennessee",
    "osm_id": "way/823324319",
    "updated": "2026-10-08"
   }
  },
  {
   "type": "Feature",
   "geometry": {
    "type": "Point",
    "coordinates": [
     -89.764814,
     35.066397
    ]
   },
   "properties": {
    "id": "osm-way-824512723",
    "name": null,
    "source": "osm",
    "status": "verified",
    "confidence": null,
    "hoops": null,
    "surface": null,
    "lit": null,
    "address": null,
    "region": "tennessee",
    "osm_id": "way/824512723",
    "updated": "2026-10-08"
   }
  },
  {
   "type": "Feature",
   "geometry": {
    "type": "Point",
    "coordinates": [
     -86.818303,
     36.035058
    ]
   },
   "properties": {
    "id": "osm-way-827560059",
    "name": null,
    "source": "osm",
    "status": "verified",
    "confidence": null,
    "hoops": null,
    "surface": null,
    "lit": null,
    "address": null,
    "region": "tennessee",
    "osm_id": "way/827560059",
    "updated": "2026-10-08"
   }
  },
  {
   "type": "Feature",
   "geometry": {
    "type": "Point",
    "coordinates": [
     -89.77313,
     35.05889
    ]
   },
   "properties": {
    "id": "osm-way-830678496",
    "name": null,
    "source": "osm",
    "status": "verified",
    "confidence": null,
    "hoops": 1,
    "surface": null,
    "lit": null,
    "address": null,
    "region": "tennessee",
    "osm_id": "way/830678496",
    "updated": "2026-10-08"
   }
  },
  {
   "type": "Feature",
   "geometry": {
    "type": "Point",
    "coordinates": [
     -83.997101,
     35.936434
    ]
   },
   "properties": {
    "id": "osm-way-832744358",
    "name": null,
    "source": "osm",
    "status": "verified",
    "confidence": null,
    "hoops": null,
    "surface": null,
    "lit": null,
    "address": null,
    "region": "tennessee",
    "osm_id": "way/832744358",
    "updated": "2026-10-08"
   }
  },
  {
   "type": "Feature",
   "geometry": {
    "type": "Point",
    "coordinates": [
     -89.868505,
     35.154901
    ]
   },
   "properties": {
    "id": "osm-way-833641688",
    "name": null,
    "source": "osm",
    "status": "verified",
    "confidence": null,
    "hoops": null,
    "surface": null,
    "lit": null,
    "address": null,
    "region": "tennessee",
    "osm_id": "way/833641688",
    "updated": "2026-10-08"
   }
  },
  {
   "type": "Feature",
   "geometry": {
    "type": "Point",
    "coordinates": [
     -86.773583,
     36.153814
    ]
   },
   "properties": {
    "id": "osm-way-834278220",
    "name": null,
    "source": "osm",
    "status": "verified",
    "confidence": null,
    "hoops": null,
    "surface": null,
    "lit": null,
    "address": null,
    "region": "tennessee",
    "osm_id": "way/834278220",
    "updated": "2026-10-08"
   }
  },
  {
   "type": "Feature",
   "geometry": {
    "type": "Point",
    "coordinates": [
     -89.758246,
     35.070749
    ]
   },
   "properties": {
    "id": "osm-way-835768436",
    "name": null,
    "source": "osm",
    "status": "verified",
    "confidence": null,
    "hoops": null,
    "surface": null,
    "lit": null,
    "address": null,
    "region": "tennessee",
    "osm_id": "way/835768436",
    "updated": "2026-10-08"
   }
  },
  {
   "type": "Feature",
   "geometry": {
    "type": "Point",
    "coordinates": [
     -87.383604,
     36.087548
    ]
   },
   "properties": {
    "id": "osm-way-839652063",
    "name": null,
    "source": "osm",
    "status": "verified",
    "confidence": null,
    "hoops": null,
    "surface": null,
    "lit": null,
    "address": null,
    "region": "tennessee",
    "osm_id": "way/839652063",
    "updated": "2026-10-08"
   }
  },
  {
   "type": "Feature",
   "geometry": {
    "type": "Point",
    "coordinates": [
     -86.486069,
     35.856745
    ]
   },
   "properties": {
    "id": "osm-way-841564266",
    "name": null,
    "source": "osm",
    "status": "verified",
    "confidence": null,
    "hoops": null,
    "surface": null,
    "lit": null,
    "address": null,
    "region": "tennessee",
    "osm_id": "way/841564266",
    "updated": "2026-10-08"
   }
  },
  {
   "type": "Feature",
   "geometry": {
    "type": "Point",
    "coordinates": [
     -89.811036,
     35.252856
    ]
   },
   "properties": {
    "id": "osm-way-841990084",
    "name": null,
    "source": "osm",
    "status": "verified",
    "confidence": null,
    "hoops": null,
    "surface": "cement",
    "lit": null,
    "address": null,
    "region": "tennessee",
    "osm_id": "way/841990084",
    "updated": "2026-10-08"
   }
  },
  {
   "type": "Feature",
   "geometry": {
    "type": "Point",
    "coordinates": [
     -86.686871,
     35.965776
    ]
   },
   "properties": {
    "id": "osm-way-843445698",
    "name": null,
    "source": "osm",
    "status": "verified",
    "confidence": null,
    "hoops": null,
    "surface": null,
    "lit": null,
    "address": null,
    "region": "tennessee",
    "osm_id": "way/843445698",
    "updated": "2026-10-08"
   }
  },
  {
   "type": "Feature",
   "geometry": {
    "type": "Point",
    "coordinates": [
     -86.690776,
     36.06372
    ]
   },
   "properties": {
    "id": "osm-way-844534465",
    "name": null,
    "source": "osm",
    "status": "verified",
    "confidence": null,
    "hoops": null,
    "surface": null,
    "lit": null,
    "address": null,
    "region": "tennessee",
    "osm_id": "way/844534465",
    "updated": "2026-10-08"
   }
  },
  {
   "type": "Feature",
   "geometry": {
    "type": "Point",
    "coordinates": [
     -89.734699,
     35.202423
    ]
   },
   "properties": {
    "id": "osm-way-848964625",
    "name": null,
    "source": "osm",
    "status": "verified",
    "confidence": null,
    "hoops": null,
    "surface": null,
    "lit": null,
    "address": null,
    "region": "tennessee",
    "osm_id": "way/848964625",
    "updated": "2026-10-08"
   }
  },
  {
   "type": "Feature",
   "geometry": {
    "type": "Point",
    "coordinates": [
     -87.445884,
     36.60385
    ]
   },
   "properties": {
    "id": "osm-way-851941573",
    "name": null,
    "source": "osm",
    "status": "verified",
    "confidence": null,
    "hoops": null,
    "surface": null,
    "lit": null,
    "address": null,
    "region": "tennessee",
    "osm_id": "way/851941573",
    "updated": "2026-10-08"
   }
  },
  {
   "type": "Feature",
   "geometry": {
    "type": "Point",
    "coordinates": [
     -89.472288,
     36.367325
    ]
   },
   "properties": {
    "id": "osm-way-856191445",
    "name": null,
    "source": "osm",
    "status": "verified",
    "confidence": null,
    "hoops": null,
    "surface": null,
    "lit": null,
    "address": null,
    "region": "tennessee",
    "osm_id": "way/856191445",
    "updated": "2026-10-08"
   }
  },
  {
   "type": "Feature",
   "geometry": {
    "type": "Point",
    "coordinates": [
     -88.215295,
     36.360147
    ]
   },
   "properties": {
    "id": "osm-way-856290722",
    "name": null,
    "source": "osm",
    "status": "verified",
    "confidence": null,
    "hoops": null,
    "surface": null,
    "lit": null,
    "address": null,
    "region": "tennessee",
    "osm_id": "way/856290722",
    "updated": "2026-10-08"
   }
  },
  {
   "type": "Feature",
   "geometry": {
    "type": "Point",
    "coordinates": [
     -86.888834,
     35.95998
    ]
   },
   "properties": {
    "id": "osm-way-858277225",
    "name": null,
    "source": "osm",
    "status": "verified",
    "confidence": null,
    "hoops": 3,
    "surface": null,
    "lit": false,
    "address": null,
    "region": "tennessee",
    "osm_id": "way/858277225",
    "updated": "2026-10-08"
   }
  },
  {
   "type": "Feature",
   "geometry": {
    "type": "Point",
    "coordinates": [
     -86.919752,
     35.924071
    ]
   },
   "properties": {
    "id": "osm-way-858352669",
    "name": null,
    "source": "osm",
    "status": "verified",
    "confidence": null,
    "hoops": 2,
    "surface": "paved",
    "lit": null,
    "address": null,
    "region": "tennessee",
    "osm_id": "way/858352669",
    "updated": "2026-10-08"
   }
  },
  {
   "type": "Feature",
   "geometry": {
    "type": "Point",
    "coordinates": [
     -86.919895,
     35.923586
    ]
   },
   "properties": {
    "id": "osm-way-858352679",
    "name": null,
    "source": "osm",
    "status": "verified",
    "confidence": null,
    "hoops": 4,
    "surface": "paved",
    "lit": null,
    "address": null,
    "region": "tennessee",
    "osm_id": "way/858352679",
    "updated": "2026-10-08"
   }
  },
  {
   "type": "Feature",
   "geometry": {
    "type": "Point",
    "coordinates": [
     -86.803359,
     35.981595
    ]
   },
   "properties": {
    "id": "osm-way-858371788",
    "name": null,
    "source": "osm",
    "status": "verified",
    "confidence": null,
    "hoops": null,
    "surface": null,
    "lit": null,
    "address": null,
    "region": "tennessee",
    "osm_id": "way/858371788",
    "updated": "2026-10-08"
   }
  },
  {
   "type": "Feature",
   "geometry": {
    "type": "Point",
    "coordinates": [
     -86.763272,
     36.015646
    ]
   },
   "properties": {
    "id": "osm-way-860057911",
    "name": null,
    "source": "osm",
    "status": "verified",
    "confidence": null,
    "hoops": null,
    "surface": null,
    "lit": null,
    "address": null,
    "region": "tennessee",
    "osm_id": "way/860057911",
    "updated": "2026-10-08"
   }
  },
  {
   "type": "Feature",
   "geometry": {
    "type": "Point",
    "coordinates": [
     -86.766394,
     36.01911
    ]
   },
   "properties": {
    "id": "osm-way-860065225",
    "name": null,
    "source": "osm",
    "status": "verified",
    "confidence": null,
    "hoops": 1,
    "surface": null,
    "lit": null,
    "address": null,
    "region": "tennessee",
    "osm_id": "way/860065225",
    "updated": "2026-10-08"
   }
  },
  {
   "type": "Feature",
   "geometry": {
    "type": "Point",
    "coordinates": [
     -86.765234,
     36.034121
    ]
   },
   "properties": {
    "id": "osm-way-862132204",
    "name": null,
    "source": "osm",
    "status": "verified",
    "confidence": null,
    "hoops": null,
    "surface": null,
    "lit": null,
    "address": null,
    "region": "tennessee",
    "osm_id": "way/862132204",
    "updated": "2026-10-08"
   }
  },
  {
   "type": "Feature",
   "geometry": {
    "type": "Point",
    "coordinates": [
     -86.765978,
     36.022744
    ]
   },
   "properties": {
    "id": "osm-way-865060319",
    "name": null,
    "source": "osm",
    "status": "verified",
    "confidence": null,
    "hoops": null,
    "surface": null,
    "lit": null,
    "address": null,
    "region": "tennessee",
    "osm_id": "way/865060319",
    "updated": "2026-10-08"
   }
  },
  {
   "type": "Feature",
   "geometry": {
    "type": "Point",
    "coordinates": [
     -89.170338,
     36.331976
    ]
   },
   "properties": {
    "id": "osm-way-871832073",
    "name": null,
    "source": "osm",
    "status": "verified",
    "confidence": null,
    "hoops": null,
    "surface": null,
    "lit": null,
    "address": null,
    "region": "tennessee",
    "osm_id": "way/871832073",
    "updated": "2026-10-08"
   }
  },
  {
   "type": "Feature",
   "geometry": {
    "type": "Point",
    "coordinates": [
     -89.171835,
     36.331564
    ]
   },
   "properties": {
    "id": "osm-way-871832074",
    "name": null,
    "source": "osm",
    "status": "verified",
    "confidence": null,
    "hoops": null,
    "surface": null,
    "lit": null,
    "address": null,
    "region": "tennessee",
    "osm_id": "way/871832074",
    "updated": "2026-10-08"
   }
  },
  {
   "type": "Feature",
   "geometry": {
    "type": "Point",
    "coordinates": [
     -89.066027,
     36.377145
    ]
   },
   "properties": {
    "id": "osm-way-871832084",
    "name": null,
    "source": "osm",
    "status": "verified",
    "confidence": null,
    "hoops": null,
    "surface": null,
    "lit": null,
    "address": null,
    "region": "tennessee",
    "osm_id": "way/871832084",
    "updated": "2026-10-08"
   }
  },
  {
   "type": "Feature",
   "geometry": {
    "type": "Point",
    "coordinates": [
     -89.065041,
     36.376115
    ]
   },
   "properties": {
    "id": "osm-way-871832085",
    "name": null,
    "source": "osm",
    "status": "verified",
    "confidence": null,
    "hoops": null,
    "surface": null,
    "lit": null,
    "address": null,
    "region": "tennessee",
    "osm_id": "way/871832085",
    "updated": "2026-10-08"
   }
  },
  {
   "type": "Feature",
   "geometry": {
    "type": "Point",
    "coordinates": [
     -88.87702,
     36.486031
    ]
   },
   "properties": {
    "id": "osm-way-871832117",
    "name": null,
    "source": "osm",
    "status": "verified",
    "confidence": null,
    "hoops": null,
    "surface": null,
    "lit": null,
    "address": null,
    "region": "tennessee",
    "osm_id": "way/871832117",
    "updated": "2026-10-08"
   }
  },
  {
   "type": "Feature",
   "geometry": {
    "type": "Point",
    "coordinates": [
     -88.876008,
     36.485135
    ]
   },
   "properties": {
    "id": "osm-way-871832124",
    "name": null,
    "source": "osm",
    "status": "verified",
    "confidence": null,
    "hoops": null,
    "surface": null,
    "lit": null,
    "address": null,
    "region": "tennessee",
    "osm_id": "way/871832124",
    "updated": "2026-10-08"
   }
  },
  {
   "type": "Feature",
   "geometry": {
    "type": "Point",
    "coordinates": [
     -86.424595,
     35.871893
    ]
   },
   "properties": {
    "id": "osm-way-873097339",
    "name": null,
    "source": "osm",
    "status": "verified",
    "confidence": null,
    "hoops": null,
    "surface": null,
    "lit": null,
    "address": null,
    "region": "tennessee",
    "osm_id": "way/873097339",
    "updated": "2026-10-08"
   }
  },
  {
   "type": "Feature",
   "geometry": {
    "type": "Point",
    "coordinates": [
     -86.39106,
     35.875335
    ]
   },
   "properties": {
    "id": "osm-way-873103223",
    "name": null,
    "source": "osm",
    "status": "verified",
    "confidence": null,
    "hoops": null,
    "surface": null,
    "lit": null,
    "address": null,
    "region": "tennessee",
    "osm_id": "way/873103223",
    "updated": "2026-10-08"
   }
  },
  {
   "type": "Feature",
   "geometry": {
    "type": "Point",
    "coordinates": [
     -86.391074,
     35.875225
    ]
   },
   "properties": {
    "id": "osm-way-873103224",
    "name": null,
    "source": "osm",
    "status": "verified",
    "confidence": null,
    "hoops": null,
    "surface": null,
    "lit": null,
    "address": null,
    "region": "tennessee",
    "osm_id": "way/873103224",
    "updated": "2026-10-08"
   }
  },
  {
   "type": "Feature",
   "geometry": {
    "type": "Point",
    "coordinates": [
     -86.386803,
     35.908302
    ]
   },
   "properties": {
    "id": "osm-way-873103225",
    "name": null,
    "source": "osm",
    "status": "verified",
    "confidence": null,
    "hoops": null,
    "surface": null,
    "lit": null,
    "address": null,
    "region": "tennessee",
    "osm_id": "way/873103225",
    "updated": "2026-10-08"
   }
  },
  {
   "type": "Feature",
   "geometry": {
    "type": "Point",
    "coordinates": [
     -86.398309,
     35.861109
    ]
   },
   "properties": {
    "id": "osm-way-873110042",
    "name": null,
    "source": "osm",
    "status": "verified",
    "confidence": null,
    "hoops": null,
    "surface": null,
    "lit": null,
    "address": null,
    "region": "tennessee",
    "osm_id": "way/873110042",
    "updated": "2026-10-08"
   }
  },
  {
   "type": "Feature",
   "geometry": {
    "type": "Point",
    "coordinates": [
     -86.398688,
     35.861428
    ]
   },
   "properties": {
    "id": "osm-way-873110043",
    "name": null,
    "source": "osm",
    "status": "verified",
    "confidence": null,
    "hoops": null,
    "surface": null,
    "lit": null,
    "address": null,
    "region": "tennessee",
    "osm_id": "way/873110043",
    "updated": "2026-10-08"
   }
  },
  {
   "type": "Feature",
   "geometry": {
    "type": "Point",
    "coordinates": [
     -86.398511,
     35.862885
    ]
   },
   "properties": {
    "id": "osm-way-873110044",
    "name": null,
    "source": "osm",
    "status": "verified",
    "confidence": null,
    "hoops": null,
    "surface": null,
    "lit": null,
    "address": null,
    "region": "tennessee",
    "osm_id": "way/873110044",
    "updated": "2026-10-08"
   }
  },
  {
   "type": "Feature",
   "geometry": {
    "type": "Point",
    "coordinates": [
     -86.400138,
     35.862302
    ]
   },
   "properties": {
    "id": "osm-way-873110045",
    "name": null,
    "source": "osm",
    "status": "verified",
    "confidence": null,
    "hoops": null,
    "surface": null,
    "lit": null,
    "address": null,
    "region": "tennessee",
    "osm_id": "way/873110045",
    "updated": "2026-10-08"
   }
  },
  {
   "type": "Feature",
   "geometry": {
    "type": "Point",
    "coordinates": [
     -86.465521,
     35.854801
    ]
   },
   "properties": {
    "id": "osm-way-873110058",
    "name": null,
    "source": "osm",
    "status": "verified",
    "confidence": null,
    "hoops": null,
    "surface": null,
    "lit": null,
    "address": null,
    "region": "tennessee",
    "osm_id": "way/873110058",
    "updated": "2026-10-08"
   }
  },
  {
   "type": "Feature",
   "geometry": {
    "type": "Point",
    "coordinates": [
     -86.466226,
     35.854935
    ]
   },
   "properties": {
    "id": "osm-way-873110059",
    "name": null,
    "source": "osm",
    "status": "verified",
    "confidence": null,
    "hoops": null,
    "surface": null,
    "lit": null,
    "address": null,
    "region": "tennessee",
    "osm_id": "way/873110059",
    "updated": "2026-10-08"
   }
  },
  {
   "type": "Feature",
   "geometry": {
    "type": "Point",
    "coordinates": [
     -89.041424,
     36.427088
    ]
   },
   "properties": {
    "id": "osm-way-876428571",
    "name": null,
    "source": "osm",
    "status": "verified",
    "confidence": null,
    "hoops": 2,
    "surface": null,
    "lit": true,
    "address": null,
    "region": "tennessee",
    "osm_id": "way/876428571",
    "updated": "2026-10-08"
   }
  },
  {
   "type": "Feature",
   "geometry": {
    "type": "Point",
    "coordinates": [
     -89.041459,
     36.42678
    ]
   },
   "properties": {
    "id": "osm-way-876428572",
    "name": null,
    "source": "osm",
    "status": "verified",
    "confidence": null,
    "hoops": 2,
    "surface": null,
    "lit": true,
    "address": null,
    "region": "tennessee",
    "osm_id": "way/876428572",
    "updated": "2026-10-08"
   }
  },
  {
   "type": "Feature",
   "geometry": {
    "type": "Point",
    "coordinates": [
     -83.665128,
     36.596669
    ]
   },
   "properties": {
    "id": "osm-way-877362616",
    "name": null,
    "source": "osm",
    "status": "verified",
    "confidence": null,
    "hoops": 2,
    "surface": null,
    "lit": null,
    "address": null,
    "region": "tennessee",
    "osm_id": "way/877362616",
    "updated": "2026-10-08"
   }
  },
  {
   "type": "Feature",
   "geometry": {
    "type": "Point",
    "coordinates": [
     -87.462826,
     35.784309
    ]
   },
   "properties": {
    "id": "osm-way-880671140",
    "name": "Riverwalk Basketball Court",
    "source": "osm",
    "status": "verified",
    "confidence": null,
    "hoops": null,
    "surface": "concrete",
    "lit": null,
    "address": null,
    "region": "tennessee",
    "osm_id": "way/880671140",
    "updated": "2026-10-08"
   }
  },
  {
   "type": "Feature",
   "geometry": {
    "type": "Point",
    "coordinates": [
     -86.790617,
     36.207209
    ]
   },
   "properties": {
    "id": "osm-way-881523476",
    "name": null,
    "source": "osm",
    "status": "verified",
    "confidence": null,
    "hoops": null,
    "surface": "concrete",
    "lit": false,
    "address": null,
    "region": "tennessee",
    "osm_id": "way/881523476",
    "updated": "2026-10-08"
   }
  },
  {
   "type": "Feature",
   "geometry": {
    "type": "Point",
    "coordinates": [
     -89.814613,
     35.23756
    ]
   },
   "properties": {
    "id": "osm-way-881969376",
    "name": null,
    "source": "osm",
    "status": "verified",
    "confidence": null,
    "hoops": 2,
    "surface": "concrete",
    "lit": null,
    "address": null,
    "region": "tennessee",
    "osm_id": "way/881969376",
    "updated": "2026-10-08"
   }
  },
  {
   "type": "Feature",
   "geometry": {
    "type": "Point",
    "coordinates": [
     -86.790345,
     36.180526
    ]
   },
   "properties": {
    "id": "osm-way-891408009",
    "name": null,
    "source": "osm",
    "status": "verified",
    "confidence": null,
    "hoops": null,
    "surface": null,
    "lit": null,
    "address": null,
    "region": "tennessee",
    "osm_id": "way/891408009",
    "updated": "2026-10-08"
   }
  },
  {
   "type": "Feature",
   "geometry": {
    "type": "Point",
    "coordinates": [
     -89.969261,
     35.105887
    ]
   },
   "properties": {
    "id": "osm-way-892951863",
    "name": null,
    "source": "osm",
    "status": "verified",
    "confidence": null,
    "hoops": null,
    "surface": null,
    "lit": null,
    "address": null,
    "region": "tennessee",
    "osm_id": "way/892951863",
    "updated": "2026-10-08"
   }
  },
  {
   "type": "Feature",
   "geometry": {
    "type": "Point",
    "coordinates": [
     -83.973622,
     36.061486
    ]
   },
   "properties": {
    "id": "osm-way-895347934",
    "name": null,
    "source": "osm",
    "status": "verified",
    "confidence": null,
    "hoops": null,
    "surface": null,
    "lit": null,
    "address": null,
    "region": "tennessee",
    "osm_id": "way/895347934",
    "updated": "2026-10-08"
   }
  },
  {
   "type": "Feature",
   "geometry": {
    "type": "Point",
    "coordinates": [
     -83.973514,
     36.063085
    ]
   },
   "properties": {
    "id": "osm-way-895347935",
    "name": null,
    "source": "osm",
    "status": "verified",
    "confidence": null,
    "hoops": null,
    "surface": null,
    "lit": null,
    "address": null,
    "region": "tennessee",
    "osm_id": "way/895347935",
    "updated": "2026-10-08"
   }
  },
  {
   "type": "Feature",
   "geometry": {
    "type": "Point",
    "coordinates": [
     -83.342456,
     36.340966
    ]
   },
   "properties": {
    "id": "osm-way-895741384",
    "name": null,
    "source": "osm",
    "status": "verified",
    "confidence": null,
    "hoops": null,
    "surface": null,
    "lit": null,
    "address": null,
    "region": "tennessee",
    "osm_id": "way/895741384",
    "updated": "2026-10-08"
   }
  },
  {
   "type": "Feature",
   "geometry": {
    "type": "Point",
    "coordinates": [
     -83.282383,
     36.344051
    ]
   },
   "properties": {
    "id": "osm-way-895764570",
    "name": null,
    "source": "osm",
    "status": "verified",
    "confidence": null,
    "hoops": null,
    "surface": null,
    "lit": null,
    "address": null,
    "region": "tennessee",
    "osm_id": "way/895764570",
    "updated": "2026-10-08"
   }
  },
  {
   "type": "Feature",
   "geometry": {
    "type": "Point",
    "coordinates": [
     -84.063944,
     36.026801
    ]
   },
   "properties": {
    "id": "osm-way-895812149",
    "name": "Grand Oaks Basketball Court",
    "source": "osm",
    "status": "verified",
    "confidence": null,
    "hoops": 2,
    "surface": "concrete",
    "lit": false,
    "address": null,
    "region": "tennessee",
    "osm_id": "way/895812149",
    "updated": "2026-10-08"
   }
  },
  {
   "type": "Feature",
   "geometry": {
    "type": "Point",
    "coordinates": [
     -83.352401,
     36.333083
    ]
   },
   "properties": {
    "id": "osm-way-895991690",
    "name": null,
    "source": "osm",
    "status": "verified",
    "confidence": null,
    "hoops": null,
    "surface": null,
    "lit": null,
    "address": null,
    "region": "tennessee",
    "osm_id": "way/895991690",
    "updated": "2026-10-08"
   }
  },
  {
   "type": "Feature",
   "geometry": {
    "type": "Point",
    "coordinates": [
     -83.341305,
     36.342983
    ]
   },
   "properties": {
    "id": "osm-way-895991704",
    "name": null,
    "source": "osm",
    "status": "verified",
    "confidence": null,
    "hoops": null,
    "surface": null,
    "lit": null,
    "address": null,
    "region": "tennessee",
    "osm_id": "way/895991704",
    "updated": "2026-10-08"
   }
  },
  {
   "type": "Feature",
   "geometry": {
    "type": "Point",
    "coordinates": [
     -84.17152,
     36.221253
    ]
   },
   "properties": {
    "id": "osm-way-899514404",
    "name": null,
    "source": "osm",
    "status": "verified",
    "confidence": null,
    "hoops": null,
    "surface": null,
    "lit": null,
    "address": null,
    "region": "tennessee",
    "osm_id": "way/899514404",
    "updated": "2026-10-08"
   }
  },
  {
   "type": "Feature",
   "geometry": {
    "type": "Point",
    "coordinates": [
     -86.138821,
     36.097096
    ]
   },
   "properties": {
    "id": "osm-way-901830392",
    "name": null,
    "source": "osm",
    "status": "verified",
    "confidence": null,
    "hoops": 2,
    "surface": "asphalt",
    "lit": false,
    "address": null,
    "region": "tennessee",
    "osm_id": "way/901830392",
    "updated": "2026-10-08"
   }
  },
  {
   "type": "Feature",
   "geometry": {
    "type": "Point",
    "coordinates": [
     -86.137517,
     36.096855
    ]
   },
   "properties": {
    "id": "osm-way-901830393",
    "name": null,
    "source": "osm",
    "status": "verified",
    "confidence": null,
    "hoops": null,
    "surface": "asphalt",
    "lit": true,
    "address": null,
    "region": "tennessee",
    "osm_id": "way/901830393",
    "updated": "2026-10-08"
   }
  },
  {
   "type": "Feature",
   "geometry": {
    "type": "Point",
    "coordinates": [
     -87.105218,
     36.101165
    ]
   },
   "properties": {
    "id": "osm-way-905700719",
    "name": null,
    "source": "osm",
    "status": "verified",
    "confidence": null,
    "hoops": null,
    "surface": null,
    "lit": null,
    "address": null,
    "region": "tennessee",
    "osm_id": "way/905700719",
    "updated": "2026-10-08"
   }
  },
  {
   "type": "Feature",
   "geometry": {
    "type": "Point",
    "coordinates": [
     -85.210643,
     35.230442
    ]
   },
   "properties": {
    "id": "osm-way-906959428",
    "name": "Soddy Daisy Park Basketball Courts",
    "source": "osm",
    "status": "verified",
    "confidence": null,
    "hoops": 4,
    "surface": null,
    "lit": null,
    "address": null,
    "region": "chattanooga",
    "osm_id": "way/906959428",
    "updated": "2026-10-08"
   }
  },
  {
   "type": "Feature",
   "geometry": {
    "type": "Point",
    "coordinates": [
     -83.332112,
     36.303324
    ]
   },
   "properties": {
    "id": "osm-way-907781007",
    "name": null,
    "source": "osm",
    "status": "verified",
    "confidence": null,
    "hoops": null,
    "surface": null,
    "lit": null,
    "address": null,
    "region": "tennessee",
    "osm_id": "way/907781007",
    "updated": "2026-10-08"
   }
  },
  {
   "type": "Feature",
   "geometry": {
    "type": "Point",
    "coordinates": [
     -83.26168,
     36.220649
    ]
   },
   "properties": {
    "id": "osm-way-908522636",
    "name": "Dick's Sporting Goods",
    "source": "osm",
    "status": "verified",
    "confidence": null,
    "hoops": null,
    "surface": null,
    "lit": null,
    "address": null,
    "region": "tennessee",
    "osm_id": "way/908522636",
    "updated": "2026-10-08"
   }
  },
  {
   "type": "Feature",
   "geometry": {
    "type": "Point",
    "coordinates": [
     -89.776366,
     35.061156
    ]
   },
   "properties": {
    "id": "osm-way-909239648",
    "name": null,
    "source": "osm",
    "status": "verified",
    "confidence": null,
    "hoops": 2,
    "surface": null,
    "lit": null,
    "address": null,
    "region": "tennessee",
    "osm_id": "way/909239648",
    "updated": "2026-10-08"
   }
  },
  {
   "type": "Feature",
   "geometry": {
    "type": "Point",
    "coordinates": [
     -82.638693,
     36.553162
    ]
   },
   "properties": {
    "id": "osm-way-911400843",
    "name": null,
    "source": "osm",
    "status": "verified",
    "confidence": null,
    "hoops": null,
    "surface": null,
    "lit": null,
    "address": null,
    "region": "tennessee",
    "osm_id": "way/911400843",
    "updated": "2026-10-08"
   }
  },
  {
   "type": "Feature",
   "geometry": {
    "type": "Point",
    "coordinates": [
     -86.16423,
     36.387796
    ]
   },
   "properties": {
    "id": "osm-way-911662909",
    "name": null,
    "source": "osm",
    "status": "verified",
    "confidence": null,
    "hoops": null,
    "surface": null,
    "lit": null,
    "address": null,
    "region": "tennessee",
    "osm_id": "way/911662909",
    "updated": "2026-10-08"
   }
  },
  {
   "type": "Feature",
   "geometry": {
    "type": "Point",
    "coordinates": [
     -86.164082,
     36.387766
    ]
   },
   "properties": {
    "id": "osm-way-911662910",
    "name": null,
    "source": "osm",
    "status": "verified",
    "confidence": null,
    "hoops": null,
    "surface": null,
    "lit": null,
    "address": null,
    "region": "tennessee",
    "osm_id": "way/911662910",
    "updated": "2026-10-08"
   }
  },
  {
   "type": "Feature",
   "geometry": {
    "type": "Point",
    "coordinates": [
     -89.781653,
     35.077495
    ]
   },
   "properties": {
    "id": "osm-way-912257781",
    "name": null,
    "source": "osm",
    "status": "verified",
    "confidence": null,
    "hoops": 1,
    "surface": null,
    "lit": null,
    "address": null,
    "region": "tennessee",
    "osm_id": "way/912257781",
    "updated": "2026-10-08"
   }
  },
  {
   "type": "Feature",
   "geometry": {
    "type": "Point",
    "coordinates": [
     -89.768637,
     35.093859
    ]
   },
   "properties": {
    "id": "osm-way-914440234",
    "name": null,
    "source": "osm",
    "status": "verified",
    "confidence": null,
    "hoops": 1,
    "surface": null,
    "lit": null,
    "address": null,
    "region": "tennessee",
    "osm_id": "way/914440234",
    "updated": "2026-10-08"
   }
  },
  {
   "type": "Feature",
   "geometry": {
    "type": "Point",
    "coordinates": [
     -87.227976,
     36.568624
    ]
   },
   "properties": {
    "id": "osm-way-916538897",
    "name": null,
    "source": "osm",
    "status": "verified",
    "confidence": null,
    "hoops": null,
    "surface": null,
    "lit": null,
    "address": null,
    "region": "tennessee",
    "osm_id": "way/916538897",
    "updated": "2026-10-08"
   }
  },
  {
   "type": "Feature",
   "geometry": {
    "type": "Point",
    "coordinates": [
     -86.796713,
     36.016416
    ]
   },
   "properties": {
    "id": "osm-way-917243730",
    "name": null,
    "source": "osm",
    "status": "verified",
    "confidence": null,
    "hoops": null,
    "surface": null,
    "lit": null,
    "address": null,
    "region": "tennessee",
    "osm_id": "way/917243730",
    "updated": "2026-10-08"
   }
  },
  {
   "type": "Feature",
   "geometry": {
    "type": "Point",
    "coordinates": [
     -86.460237,
     35.819357
    ]
   },
   "properties": {
    "id": "osm-way-919321319",
    "name": null,
    "source": "osm",
    "status": "verified",
    "confidence": null,
    "hoops": null,
    "surface": null,
    "lit": null,
    "address": null,
    "region": "tennessee",
    "osm_id": "way/919321319",
    "updated": "2026-10-08"
   }
  },
  {
   "type": "Feature",
   "geometry": {
    "type": "Point",
    "coordinates": [
     -87.773927,
     36.087741
    ]
   },
   "properties": {
    "id": "osm-way-921332318",
    "name": null,
    "source": "osm",
    "status": "verified",
    "confidence": null,
    "hoops": null,
    "surface": null,
    "lit": null,
    "address": null,
    "region": "tennessee",
    "osm_id": "way/921332318",
    "updated": "2026-10-08"
   }
  },
  {
   "type": "Feature",
   "geometry": {
    "type": "Point",
    "coordinates": [
     -87.434783,
     36.622141
    ]
   },
   "properties": {
    "id": "osm-way-923121986",
    "name": null,
    "source": "osm",
    "status": "verified",
    "confidence": null,
    "hoops": null,
    "surface": null,
    "lit": null,
    "address": null,
    "region": "tennessee",
    "osm_id": "way/923121986",
    "updated": "2026-10-08"
   }
  },
  {
   "type": "Feature",
   "geometry": {
    "type": "Point",
    "coordinates": [
     -86.470098,
     35.781019
    ]
   },
   "properties": {
    "id": "osm-way-929466681",
    "name": null,
    "source": "osm",
    "status": "verified",
    "confidence": null,
    "hoops": null,
    "surface": null,
    "lit": null,
    "address": null,
    "region": "tennessee",
    "osm_id": "way/929466681",
    "updated": "2026-10-08"
   }
  },
  {
   "type": "Feature",
   "geometry": {
    "type": "Point",
    "coordinates": [
     -86.461607,
     35.290943
    ]
   },
   "properties": {
    "id": "osm-way-934388564",
    "name": null,
    "source": "osm",
    "status": "verified",
    "confidence": null,
    "hoops": null,
    "surface": null,
    "lit": null,
    "address": null,
    "region": "tennessee",
    "osm_id": "way/934388564",
    "updated": "2026-10-08"
   }
  },
  {
   "type": "Feature",
   "geometry": {
    "type": "Point",
    "coordinates": [
     -86.632374,
     35.851537
    ]
   },
   "properties": {
    "id": "osm-way-940615578",
    "name": null,
    "source": "osm",
    "status": "verified",
    "confidence": null,
    "hoops": null,
    "surface": null,
    "lit": null,
    "address": null,
    "region": "tennessee",
    "osm_id": "way/940615578",
    "updated": "2026-10-08"
   }
  },
  {
   "type": "Feature",
   "geometry": {
    "type": "Point",
    "coordinates": [
     -86.529371,
     35.990589
    ]
   },
   "properties": {
    "id": "osm-way-944483251",
    "name": null,
    "source": "osm",
    "status": "verified",
    "confidence": null,
    "hoops": null,
    "surface": null,
    "lit": null,
    "address": null,
    "region": "tennessee",
    "osm_id": "way/944483251",
    "updated": "2026-10-08"
   }
  },
  {
   "type": "Feature",
   "geometry": {
    "type": "Point",
    "coordinates": [
     -83.273025,
     36.21963
    ]
   },
   "properties": {
    "id": "osm-way-944872642",
    "name": null,
    "source": "osm",
    "status": "verified",
    "confidence": null,
    "hoops": null,
    "surface": null,
    "lit": null,
    "address": null,
    "region": "tennessee",
    "osm_id": "way/944872642",
    "updated": "2026-10-08"
   }
  },
  {
   "type": "Feature",
   "geometry": {
    "type": "Point",
    "coordinates": [
     -83.252643,
     36.224651
    ]
   },
   "properties": {
    "id": "osm-way-946144989",
    "name": null,
    "source": "osm",
    "status": "verified",
    "confidence": null,
    "hoops": null,
    "surface": null,
    "lit": null,
    "address": null,
    "region": "tennessee",
    "osm_id": "way/946144989",
    "updated": "2026-10-08"
   }
  },
  {
   "type": "Feature",
   "geometry": {
    "type": "Point",
    "coordinates": [
     -86.735761,
     36.188861
    ]
   },
   "properties": {
    "id": "osm-way-952037657",
    "name": null,
    "source": "osm",
    "status": "verified",
    "confidence": null,
    "hoops": null,
    "surface": null,
    "lit": null,
    "address": null,
    "region": "tennessee",
    "osm_id": "way/952037657",
    "updated": "2026-10-08"
   }
  },
  {
   "type": "Feature",
   "geometry": {
    "type": "Point",
    "coordinates": [
     -89.767503,
     35.170736
    ]
   },
   "properties": {
    "id": "osm-way-953264658",
    "name": null,
    "source": "osm",
    "status": "verified",
    "confidence": null,
    "hoops": 1,
    "surface": null,
    "lit": null,
    "address": null,
    "region": "tennessee",
    "osm_id": "way/953264658",
    "updated": "2026-10-08"
   }
  },
  {
   "type": "Feature",
   "geometry": {
    "type": "Point",
    "coordinates": [
     -89.308161,
     36.344015
    ]
   },
   "properties": {
    "id": "osm-way-953821962",
    "name": null,
    "source": "osm",
    "status": "verified",
    "confidence": null,
    "hoops": null,
    "surface": null,
    "lit": null,
    "address": null,
    "region": "tennessee",
    "osm_id": "way/953821962",
    "updated": "2026-10-08"
   }
  },
  {
   "type": "Feature",
   "geometry": {
    "type": "Point",
    "coordinates": [
     -89.308311,
     36.34516
    ]
   },
   "properties": {
    "id": "osm-way-953821966",
    "name": null,
    "source": "osm",
    "status": "verified",
    "confidence": null,
    "hoops": null,
    "surface": null,
    "lit": null,
    "address": null,
    "region": "tennessee",
    "osm_id": "way/953821966",
    "updated": "2026-10-08"
   }
  },
  {
   "type": "Feature",
   "geometry": {
    "type": "Point",
    "coordinates": [
     -89.131339,
     36.442194
    ]
   },
   "properties": {
    "id": "osm-way-953821970",
    "name": null,
    "source": "osm",
    "status": "verified",
    "confidence": null,
    "hoops": null,
    "surface": null,
    "lit": null,
    "address": null,
    "region": "tennessee",
    "osm_id": "way/953821970",
    "updated": "2026-10-08"
   }
  },
  {
   "type": "Feature",
   "geometry": {
    "type": "Point",
    "coordinates": [
     -89.129608,
     36.443076
    ]
   },
   "properties": {
    "id": "osm-way-953821979",
    "name": null,
    "source": "osm",
    "status": "verified",
    "confidence": null,
    "hoops": null,
    "surface": null,
    "lit": null,
    "address": null,
    "region": "tennessee",
    "osm_id": "way/953821979",
    "updated": "2026-10-08"
   }
  },
  {
   "type": "Feature",
   "geometry": {
    "type": "Point",
    "coordinates": [
     -84.351822,
     35.725628
    ]
   },
   "properties": {
    "id": "osm-way-955565420",
    "name": null,
    "source": "osm",
    "status": "verified",
    "confidence": null,
    "hoops": null,
    "surface": null,
    "lit": null,
    "address": null,
    "region": "tennessee",
    "osm_id": "way/955565420",
    "updated": "2026-10-08"
   }
  },
  {
   "type": "Feature",
   "geometry": {
    "type": "Point",
    "coordinates": [
     -86.352205,
     35.831902
    ]
   },
   "properties": {
    "id": "osm-way-957003559",
    "name": null,
    "source": "osm",
    "status": "verified",
    "confidence": null,
    "hoops": null,
    "surface": null,
    "lit": null,
    "address": null,
    "region": "tennessee",
    "osm_id": "way/957003559",
    "updated": "2026-10-08"
   }
  },
  {
   "type": "Feature",
   "geometry": {
    "type": "Point",
    "coordinates": [
     -89.960431,
     35.224237
    ]
   },
   "properties": {
    "id": "osm-way-958881594",
    "name": null,
    "source": "osm",
    "status": "verified",
    "confidence": null,
    "hoops": null,
    "surface": null,
    "lit": null,
    "address": null,
    "region": "tennessee",
    "osm_id": "way/958881594",
    "updated": "2026-10-08"
   }
  },
  {
   "type": "Feature",
   "geometry": {
    "type": "Point",
    "coordinates": [
     -89.960455,
     35.224053
    ]
   },
   "properties": {
    "id": "osm-way-958881595",
    "name": null,
    "source": "osm",
    "status": "verified",
    "confidence": null,
    "hoops": null,
    "surface": null,
    "lit": null,
    "address": null,
    "region": "tennessee",
    "osm_id": "way/958881595",
    "updated": "2026-10-08"
   }
  },
  {
   "type": "Feature",
   "geometry": {
    "type": "Point",
    "coordinates": [
     -83.498222,
     36.133049
    ]
   },
   "properties": {
    "id": "osm-way-960842950",
    "name": null,
    "source": "osm",
    "status": "verified",
    "confidence": null,
    "hoops": null,
    "surface": null,
    "lit": null,
    "address": null,
    "region": "tennessee",
    "osm_id": "way/960842950",
    "updated": "2026-10-08"
   }
  },
  {
   "type": "Feature",
   "geometry": {
    "type": "Point",
    "coordinates": [
     -89.75554,
     35.167721
    ]
   },
   "properties": {
    "id": "osm-way-960949946",
    "name": null,
    "source": "osm",
    "status": "verified",
    "confidence": null,
    "hoops": 1,
    "surface": null,
    "lit": null,
    "address": null,
    "region": "tennessee",
    "osm_id": "way/960949946",
    "updated": "2026-10-08"
   }
  },
  {
   "type": "Feature",
   "geometry": {
    "type": "Point",
    "coordinates": [
     -86.888359,
     35.721433
    ]
   },
   "properties": {
    "id": "osm-way-961377178",
    "name": null,
    "source": "osm",
    "status": "verified",
    "confidence": null,
    "hoops": null,
    "surface": null,
    "lit": null,
    "address": null,
    "region": "tennessee",
    "osm_id": "way/961377178",
    "updated": "2026-10-08"
   }
  },
  {
   "type": "Feature",
   "geometry": {
    "type": "Point",
    "coordinates": [
     -83.296853,
     36.197321
    ]
   },
   "properties": {
    "id": "osm-way-962985873",
    "name": null,
    "source": "osm",
    "status": "verified",
    "confidence": null,
    "hoops": null,
    "surface": null,
    "lit": null,
    "address": null,
    "region": "tennessee",
    "osm_id": "way/962985873",
    "updated": "2026-10-08"
   }
  },
  {
   "type": "Feature",
   "geometry": {
    "type": "Point",
    "coordinates": [
     -86.445227,
     35.840564
    ]
   },
   "properties": {
    "id": "osm-way-965293067",
    "name": null,
    "source": "osm",
    "status": "verified",
    "confidence": null,
    "hoops": null,
    "surface": null,
    "lit": null,
    "address": null,
    "region": "tennessee",
    "osm_id": "way/965293067",
    "updated": "2026-10-08"
   }
  },
  {
   "type": "Feature",
   "geometry": {
    "type": "Point",
    "coordinates": [
     -89.392427,
     36.049381
    ]
   },
   "properties": {
    "id": "osm-way-965504342",
    "name": "Okeena Basketball Courts",
    "source": "osm",
    "status": "verified",
    "confidence": null,
    "hoops": 6,
    "surface": "concrete",
    "lit": true,
    "address": null,
    "region": "tennessee",
    "osm_id": "way/965504342",
    "updated": "2026-10-08"
   }
  },
  {
   "type": "Feature",
   "geometry": {
    "type": "Point",
    "coordinates": [
     -83.931217,
     36.241344
    ]
   },
   "properties": {
    "id": "osm-way-965959786",
    "name": null,
    "source": "osm",
    "status": "verified",
    "confidence": null,
    "hoops": null,
    "surface": null,
    "lit": null,
    "address": null,
    "region": "tennessee",
    "osm_id": "way/965959786",
    "updated": "2026-10-08"
   }
  },
  {
   "type": "Feature",
   "geometry": {
    "type": "Point",
    "coordinates": [
     -88.90364,
     35.842738
    ]
   },
   "properties": {
    "id": "osm-way-969491992",
    "name": null,
    "source": "osm",
    "status": "verified",
    "confidence": null,
    "hoops": null,
    "surface": null,
    "lit": null,
    "address": null,
    "region": "tennessee",
    "osm_id": "way/969491992",
    "updated": "2026-10-08"
   }
  },
  {
   "type": "Feature",
   "geometry": {
    "type": "Point",
    "coordinates": [
     -88.903553,
     35.844882
    ]
   },
   "properties": {
    "id": "osm-way-969492003",
    "name": null,
    "source": "osm",
    "status": "verified",
    "confidence": null,
    "hoops": null,
    "surface": null,
    "lit": null,
    "address": null,
    "region": "tennessee",
    "osm_id": "way/969492003",
    "updated": "2026-10-08"
   }
  },
  {
   "type": "Feature",
   "geometry": {
    "type": "Point",
    "coordinates": [
     -89.37286,
     36.042049
    ]
   },
   "properties": {
    "id": "osm-way-969957698",
    "name": null,
    "source": "osm",
    "status": "verified",
    "confidence": null,
    "hoops": null,
    "surface": null,
    "lit": null,
    "address": null,
    "region": "tennessee",
    "osm_id": "way/969957698",
    "updated": "2026-10-08"
   }
  },
  {
   "type": "Feature",
   "geometry": {
    "type": "Point",
    "coordinates": [
     -86.899236,
     35.967945
    ]
   },
   "properties": {
    "id": "osm-way-970245224",
    "name": null,
    "source": "osm",
    "status": "verified",
    "confidence": null,
    "hoops": null,
    "surface": null,
    "lit": null,
    "address": null,
    "region": "tennessee",
    "osm_id": "way/970245224",
    "updated": "2026-10-08"
   }
  },
  {
   "type": "Feature",
   "geometry": {
    "type": "Point",
    "coordinates": [
     -86.336788,
     35.526488
    ]
   },
   "properties": {
    "id": "osm-way-970460801",
    "name": null,
    "source": "osm",
    "status": "verified",
    "confidence": null,
    "hoops": null,
    "surface": null,
    "lit": null,
    "address": null,
    "region": "tennessee",
    "osm_id": "way/970460801",
    "updated": "2026-10-08"
   }
  },
  {
   "type": "Feature",
   "geometry": {
    "type": "Point",
    "coordinates": [
     -86.338556,
     35.52692
    ]
   },
   "properties": {
    "id": "osm-way-970460803",
    "name": null,
    "source": "osm",
    "status": "verified",
    "confidence": null,
    "hoops": null,
    "surface": null,
    "lit": null,
    "address": null,
    "region": "tennessee",
    "osm_id": "way/970460803",
    "updated": "2026-10-08"
   }
  },
  {
   "type": "Feature",
   "geometry": {
    "type": "Point",
    "coordinates": [
     -86.337606,
     35.526984
    ]
   },
   "properties": {
    "id": "osm-way-970460804",
    "name": null,
    "source": "osm",
    "status": "verified",
    "confidence": null,
    "hoops": null,
    "surface": null,
    "lit": null,
    "address": null,
    "region": "tennessee",
    "osm_id": "way/970460804",
    "updated": "2026-10-08"
   }
  },
  {
   "type": "Feature",
   "geometry": {
    "type": "Point",
    "coordinates": [
     -86.420165,
     36.08218
    ]
   },
   "properties": {
    "id": "osm-way-972355070",
    "name": null,
    "source": "osm",
    "status": "verified",
    "confidence": null,
    "hoops": null,
    "surface": null,
    "lit": null,
    "address": null,
    "region": "tennessee",
    "osm_id": "way/972355070",
    "updated": "2026-10-08"
   }
  },
  {
   "type": "Feature",
   "geometry": {
    "type": "Point",
    "coordinates": [
     -83.794568,
     36.345715
    ]
   },
   "properties": {
    "id": "osm-way-973177321",
    "name": null,
    "source": "osm",
    "status": "verified",
    "confidence": null,
    "hoops": null,
    "surface": null,
    "lit": null,
    "address": null,
    "region": "tennessee",
    "osm_id": "way/973177321",
    "updated": "2026-10-08"
   }
  },
  {
   "type": "Feature",
   "geometry": {
    "type": "Point",
    "coordinates": [
     -86.52528,
     35.968497
    ]
   },
   "properties": {
    "id": "osm-way-974086663",
    "name": null,
    "source": "osm",
    "status": "verified",
    "confidence": null,
    "hoops": null,
    "surface": null,
    "lit": null,
    "address": null,
    "region": "tennessee",
    "osm_id": "way/974086663",
    "updated": "2026-10-08"
   }
  },
  {
   "type": "Feature",
   "geometry": {
    "type": "Point",
    "coordinates": [
     -82.996547,
     36.417405
    ]
   },
   "properties": {
    "id": "osm-way-976773692",
    "name": null,
    "source": "osm",
    "status": "verified",
    "confidence": null,
    "hoops": null,
    "surface": null,
    "lit": null,
    "address": null,
    "region": "tennessee",
    "osm_id": "way/976773692",
    "updated": "2026-10-08"
   }
  },
  {
   "type": "Feature",
   "geometry": {
    "type": "Point",
    "coordinates": [
     -82.99651,
     36.417082
    ]
   },
   "properties": {
    "id": "osm-way-976773693",
    "name": null,
    "source": "osm",
    "status": "verified",
    "confidence": null,
    "hoops": null,
    "surface": null,
    "lit": null,
    "address": null,
    "region": "tennessee",
    "osm_id": "way/976773693",
    "updated": "2026-10-08"
   }
  },
  {
   "type": "Feature",
   "geometry": {
    "type": "Point",
    "coordinates": [
     -86.588245,
     35.996116
    ]
   },
   "properties": {
    "id": "osm-way-978225330",
    "name": null,
    "source": "osm",
    "status": "verified",
    "confidence": null,
    "hoops": null,
    "surface": null,
    "lit": null,
    "address": null,
    "region": "tennessee",
    "osm_id": "way/978225330",
    "updated": "2026-10-08"
   }
  },
  {
   "type": "Feature",
   "geometry": {
    "type": "Point",
    "coordinates": [
     -85.158158,
     35.197207
    ]
   },
   "properties": {
    "id": "osm-way-979446375",
    "name": null,
    "source": "osm",
    "status": "verified",
    "confidence": null,
    "hoops": null,
    "surface": null,
    "lit": null,
    "address": null,
    "region": "chattanooga",
    "osm_id": "way/979446375",
    "updated": "2026-10-08"
   }
  },
  {
   "type": "Feature",
   "geometry": {
    "type": "Point",
    "coordinates": [
     -90.119985,
     35.059584
    ]
   },
   "properties": {
    "id": "osm-way-991355469",
    "name": null,
    "source": "osm",
    "status": "verified",
    "confidence": null,
    "hoops": null,
    "surface": null,
    "lit": null,
    "address": null,
    "region": "tennessee",
    "osm_id": "way/991355469",
    "updated": "2026-10-08"
   }
  },
  {
   "type": "Feature",
   "geometry": {
    "type": "Point",
    "coordinates": [
     -86.357625,
     35.594201
    ]
   },
   "properties": {
    "id": "osm-way-991543415",
    "name": null,
    "source": "osm",
    "status": "verified",
    "confidence": null,
    "hoops": null,
    "surface": null,
    "lit": null,
    "address": null,
    "region": "tennessee",
    "osm_id": "way/991543415",
    "updated": "2026-10-08"
   }
  },
  {
   "type": "Feature",
   "geometry": {
    "type": "Point",
    "coordinates": [
     -85.367318,
     35.65757
    ]
   },
   "properties": {
    "id": "osm-way-997245543",
    "name": null,
    "source": "osm",
    "status": "verified",
    "confidence": null,
    "hoops": null,
    "surface": "concrete",
    "lit": false,
    "address": null,
    "region": "tennessee",
    "osm_id": "way/997245543",
    "updated": "2026-10-08"
   }
  },
  {
   "type": "Feature",
   "geometry": {
    "type": "Point",
    "coordinates": [
     -85.3586,
     35.656529
    ]
   },
   "properties": {
    "id": "osm-way-997311347",
    "name": null,
    "source": "osm",
    "status": "verified",
    "confidence": null,
    "hoops": 2,
    "surface": "concrete",
    "lit": false,
    "address": null,
    "region": "tennessee",
    "osm_id": "way/997311347",
    "updated": "2026-10-08"
   }
  },
  {
   "type": "Feature",
   "geometry": {
    "type": "Point",
    "coordinates": [
     -83.164415,
     36.084556
    ]
   },
   "properties": {
    "id": "osm-way-1002176224",
    "name": null,
    "source": "osm",
    "status": "verified",
    "confidence": null,
    "hoops": null,
    "surface": null,
    "lit": null,
    "address": null,
    "region": "tennessee",
    "osm_id": "way/1002176224",
    "updated": "2026-10-08"
   }
  },
  {
   "type": "Feature",
   "geometry": {
    "type": "Point",
    "coordinates": [
     -86.454219,
     35.805664
    ]
   },
   "properties": {
    "id": "osm-way-1009195756",
    "name": null,
    "source": "osm",
    "status": "verified",
    "confidence": null,
    "hoops": null,
    "surface": null,
    "lit": null,
    "address": null,
    "region": "tennessee",
    "osm_id": "way/1009195756",
    "updated": "2026-10-08"
   }
  },
  {
   "type": "Feature",
   "geometry": {
    "type": "Point",
    "coordinates": [
     -86.095956,
     35.208083
    ]
   },
   "properties": {
    "id": "osm-way-1015720671",
    "name": null,
    "source": "osm",
    "status": "verified",
    "confidence": null,
    "hoops": null,
    "surface": null,
    "lit": null,
    "address": null,
    "region": "tennessee",
    "osm_id": "way/1015720671",
    "updated": "2026-10-08"
   }
  },
  {
   "type": "Feature",
   "geometry": {
    "type": "Point",
    "coordinates": [
     -86.607895,
     35.999115
    ]
   },
   "properties": {
    "id": "osm-way-1019954489",
    "name": null,
    "source": "osm",
    "status": "verified",
    "confidence": null,
    "hoops": null,
    "surface": null,
    "lit": null,
    "address": null,
    "region": "tennessee",
    "osm_id": "way/1019954489",
    "updated": "2026-10-08"
   }
  },
  {
   "type": "Feature",
   "geometry": {
    "type": "Point",
    "coordinates": [
     -86.457504,
     35.813714
    ]
   },
   "properties": {
    "id": "osm-way-1022619187",
    "name": null,
    "source": "osm",
    "status": "verified",
    "confidence": null,
    "hoops": null,
    "surface": null,
    "lit": null,
    "address": null,
    "region": "tennessee",
    "osm_id": "way/1022619187",
    "updated": "2026-10-08"
   }
  },
  {
   "type": "Feature",
   "geometry": {
    "type": "Point",
    "coordinates": [
     -86.508944,
     35.777344
    ]
   },
   "properties": {
    "id": "osm-way-1032958220",
    "name": null,
    "source": "osm",
    "status": "verified",
    "confidence": null,
    "hoops": null,
    "surface": null,
    "lit": null,
    "address": null,
    "region": "tennessee",
    "osm_id": "way/1032958220",
    "updated": "2026-10-08"
   }
  },
  {
   "type": "Feature",
   "geometry": {
    "type": "Point",
    "coordinates": [
     -86.480931,
     35.82198
    ]
   },
   "properties": {
    "id": "osm-way-1033337715",
    "name": null,
    "source": "osm",
    "status": "verified",
    "confidence": null,
    "hoops": null,
    "surface": null,
    "lit": null,
    "address": null,
    "region": "tennessee",
    "osm_id": "way/1033337715",
    "updated": "2026-10-08"
   }
  },
  {
   "type": "Feature",
   "geometry": {
    "type": "Point",
    "coordinates": [
     -89.853712,
     35.213111
    ]
   },
   "properties": {
    "id": "osm-way-1034884013",
    "name": null,
    "source": "osm",
    "status": "verified",
    "confidence": null,
    "hoops": 1,
    "surface": null,
    "lit": false,
    "address": null,
    "region": "tennessee",
    "osm_id": "way/1034884013",
    "updated": "2026-10-08"
   }
  },
  {
   "type": "Feature",
   "geometry": {
    "type": "Point",
    "coordinates": [
     -86.692214,
     35.588956
    ]
   },
   "properties": {
    "id": "osm-way-1035877997",
    "name": null,
    "source": "osm",
    "status": "verified",
    "confidence": null,
    "hoops": null,
    "surface": null,
    "lit": null,
    "address": null,
    "region": "tennessee",
    "osm_id": "way/1035877997",
    "updated": "2026-10-08"
   }
  },
  {
   "type": "Feature",
   "geometry": {
    "type": "Point",
    "coordinates": [
     -86.325124,
     36.084244
    ]
   },
   "properties": {
    "id": "osm-way-1037446408",
    "name": null,
    "source": "osm",
    "status": "verified",
    "confidence": null,
    "hoops": null,
    "surface": null,
    "lit": null,
    "address": null,
    "region": "tennessee",
    "osm_id": "way/1037446408",
    "updated": "2026-10-08"
   }
  },
  {
   "type": "Feature",
   "geometry": {
    "type": "Point",
    "coordinates": [
     -89.773144,
     35.251532
    ]
   },
   "properties": {
    "id": "osm-way-1039716548",
    "name": null,
    "source": "osm",
    "status": "verified",
    "confidence": null,
    "hoops": null,
    "surface": null,
    "lit": null,
    "address": null,
    "region": "tennessee",
    "osm_id": "way/1039716548",
    "updated": "2026-10-08"
   }
  },
  {
   "type": "Feature",
   "geometry": {
    "type": "Point",
    "coordinates": [
     -89.787242,
     35.247146
    ]
   },
   "properties": {
    "id": "osm-way-1042172546",
    "name": null,
    "source": "osm",
    "status": "verified",
    "confidence": null,
    "hoops": null,
    "surface": null,
    "lit": null,
    "address": null,
    "region": "tennessee",
    "osm_id": "way/1042172546",
    "updated": "2026-10-08"
   }
  },
  {
   "type": "Feature",
   "geometry": {
    "type": "Point",
    "coordinates": [
     -86.645661,
     36.047362
    ]
   },
   "properties": {
    "id": "osm-way-1049232598",
    "name": null,
    "source": "osm",
    "status": "verified",
    "confidence": null,
    "hoops": null,
    "surface": null,
    "lit": null,
    "address": null,
    "region": "tennessee",
    "osm_id": "way/1049232598",
    "updated": "2026-10-08"
   }
  },
  {
   "type": "Feature",
   "geometry": {
    "type": "Point",
    "coordinates": [
     -86.640922,
     36.066844
    ]
   },
   "properties": {
    "id": "osm-way-1049254924",
    "name": null,
    "source": "osm",
    "status": "verified",
    "confidence": null,
    "hoops": null,
    "surface": null,
    "lit": null,
    "address": null,
    "region": "tennessee",
    "osm_id": "way/1049254924",
    "updated": "2026-10-08"
   }
  },
  {
   "type": "Feature",
   "geometry": {
    "type": "Point",
    "coordinates": [
     -87.289158,
     35.595806
    ]
   },
   "properties": {
    "id": "osm-way-1051312251",
    "name": "Hampshire Park Basketball Court",
    "source": "osm",
    "status": "verified",
    "confidence": null,
    "hoops": null,
    "surface": null,
    "lit": null,
    "address": null,
    "region": "tennessee",
    "osm_id": "way/1051312251",
    "updated": "2026-10-08"
   }
  },
  {
   "type": "Feature",
   "geometry": {
    "type": "Point",
    "coordinates": [
     -84.004573,
     35.977177
    ]
   },
   "properties": {
    "id": "osm-way-1053212623",
    "name": null,
    "source": "osm",
    "status": "verified",
    "confidence": null,
    "hoops": null,
    "surface": null,
    "lit": null,
    "address": null,
    "region": "tennessee",
    "osm_id": "way/1053212623",
    "updated": "2026-10-08"
   }
  },
  {
   "type": "Feature",
   "geometry": {
    "type": "Point",
    "coordinates": [
     -89.37769,
     36.024519
    ]
   },
   "properties": {
    "id": "osm-way-1055191175",
    "name": "Bruce High School Basketball Court",
    "source": "osm",
    "status": "verified",
    "confidence": null,
    "hoops": null,
    "surface": null,
    "lit": null,
    "address": null,
    "region": "tennessee",
    "osm_id": "way/1055191175",
    "updated": "2026-10-08"
   }
  },
  {
   "type": "Feature",
   "geometry": {
    "type": "Point",
    "coordinates": [
     -84.938052,
     36.441857
    ]
   },
   "properties": {
    "id": "osm-way-1056783344",
    "name": null,
    "source": "osm",
    "status": "verified",
    "confidence": null,
    "hoops": null,
    "surface": null,
    "lit": null,
    "address": null,
    "region": "tennessee",
    "osm_id": "way/1056783344",
    "updated": "2026-10-08"
   }
  },
  {
   "type": "Feature",
   "geometry": {
    "type": "Point",
    "coordinates": [
     -84.936985,
     36.449522
    ]
   },
   "properties": {
    "id": "osm-way-1056783357",
    "name": null,
    "source": "osm",
    "status": "verified",
    "confidence": null,
    "hoops": null,
    "surface": null,
    "lit": null,
    "address": null,
    "region": "tennessee",
    "osm_id": "way/1056783357",
    "updated": "2026-10-08"
   }
  },
  {
   "type": "Feature",
   "geometry": {
    "type": "Point",
    "coordinates": [
     -84.016311,
     35.988808
    ]
   },
   "properties": {
    "id": "osm-way-1058034288",
    "name": "Cumberland Estates Recreation Center",
    "source": "osm",
    "status": "verified",
    "confidence": null,
    "hoops": null,
    "surface": null,
    "lit": null,
    "address": null,
    "region": "tennessee",
    "osm_id": "way/1058034288",
    "updated": "2026-10-08"
   }
  },
  {
   "type": "Feature",
   "geometry": {
    "type": "Point",
    "coordinates": [
     -87.260542,
     36.560719
    ]
   },
   "properties": {
    "id": "osm-way-1060338210",
    "name": null,
    "source": "osm",
    "status": "verified",
    "confidence": null,
    "hoops": null,
    "surface": null,
    "lit": null,
    "address": null,
    "region": "tennessee",
    "osm_id": "way/1060338210",
    "updated": "2026-10-08"
   }
  },
  {
   "type": "Feature",
   "geometry": {
    "type": "Point",
    "coordinates": [
     -87.259733,
     36.558758
    ]
   },
   "properties": {
    "id": "osm-way-1060341824",
    "name": null,
    "source": "osm",
    "status": "verified",
    "confidence": null,
    "hoops": null,
    "surface": null,
    "lit": null,
    "address": null,
    "region": "tennessee",
    "osm_id": "way/1060341824",
    "updated": "2026-10-08"
   }
  },
  {
   "type": "Feature",
   "geometry": {
    "type": "Point",
    "coordinates": [
     -85.956986,
     36.257794
    ]
   },
   "properties": {
    "id": "osm-way-1062764340",
    "name": null,
    "source": "osm",
    "status": "verified",
    "confidence": null,
    "hoops": null,
    "surface": "asphalt",
    "lit": null,
    "address": null,
    "region": "tennessee",
    "osm_id": "way/1062764340",
    "updated": "2026-10-08"
   }
  },
  {
   "type": "Feature",
   "geometry": {
    "type": "Point",
    "coordinates": [
     -85.453858,
     35.744264
    ]
   },
   "properties": {
    "id": "osm-way-1063054682",
    "name": null,
    "source": "osm",
    "status": "verified",
    "confidence": null,
    "hoops": null,
    "surface": null,
    "lit": null,
    "address": null,
    "region": "tennessee",
    "osm_id": "way/1063054682",
    "updated": "2026-10-08"
   }
  },
  {
   "type": "Feature",
   "geometry": {
    "type": "Point",
    "coordinates": [
     -85.453853,
     35.744581
    ]
   },
   "properties": {
    "id": "osm-way-1063054683",
    "name": null,
    "source": "osm",
    "status": "verified",
    "confidence": null,
    "hoops": null,
    "surface": null,
    "lit": null,
    "address": null,
    "region": "tennessee",
    "osm_id": "way/1063054683",
    "updated": "2026-10-08"
   }
  },
  {
   "type": "Feature",
   "geometry": {
    "type": "Point",
    "coordinates": [
     -84.505733,
     35.443602
    ]
   },
   "properties": {
    "id": "osm-way-1063419079",
    "name": null,
    "source": "osm",
    "status": "verified",
    "confidence": null,
    "hoops": null,
    "surface": null,
    "lit": null,
    "address": null,
    "region": "tennessee",
    "osm_id": "way/1063419079",
    "updated": "2026-10-08"
   }
  },
  {
   "type": "Feature",
   "geometry": {
    "type": "Point",
    "coordinates": [
     -87.351413,
     35.246135
    ]
   },
   "properties": {
    "id": "osm-way-1063775350",
    "name": null,
    "source": "osm",
    "status": "verified",
    "confidence": null,
    "hoops": null,
    "surface": null,
    "lit": null,
    "address": null,
    "region": "tennessee",
    "osm_id": "way/1063775350",
    "updated": "2026-10-08"
   }
  },
  {
   "type": "Feature",
   "geometry": {
    "type": "Point",
    "coordinates": [
     -88.867984,
     36.343945
    ]
   },
   "properties": {
    "id": "osm-way-1064209016",
    "name": "Skyhawk Arena",
    "source": "osm",
    "status": "verified",
    "confidence": null,
    "hoops": null,
    "surface": null,
    "lit": null,
    "address": null,
    "region": "tennessee",
    "osm_id": "way/1064209016",
    "updated": "2026-10-08"
   }
  },
  {
   "type": "Feature",
   "geometry": {
    "type": "Point",
    "coordinates": [
     -89.401007,
     36.031192
    ]
   },
   "properties": {
    "id": "osm-way-1064750189",
    "name": null,
    "source": "osm",
    "status": "verified",
    "confidence": null,
    "hoops": null,
    "surface": null,
    "lit": null,
    "address": null,
    "region": "tennessee",
    "osm_id": "way/1064750189",
    "updated": "2026-10-08"
   }
  },
  {
   "type": "Feature",
   "geometry": {
    "type": "Point",
    "coordinates": [
     -89.39566,
     36.018186
    ]
   },
   "properties": {
    "id": "osm-way-1065338037",
    "name": null,
    "source": "osm",
    "status": "verified",
    "confidence": null,
    "hoops": null,
    "surface": null,
    "lit": null,
    "address": null,
    "region": "tennessee",
    "osm_id": "way/1065338037",
    "updated": "2026-10-08"
   }
  },
  {
   "type": "Feature",
   "geometry": {
    "type": "Point",
    "coordinates": [
     -86.739452,
     36.005065
    ]
   },
   "properties": {
    "id": "osm-way-1065809921",
    "name": null,
    "source": "osm",
    "status": "verified",
    "confidence": null,
    "hoops": null,
    "surface": null,
    "lit": null,
    "address": null,
    "region": "tennessee",
    "osm_id": "way/1065809921",
    "updated": "2026-10-08"
   }
  },
  {
   "type": "Feature",
   "geometry": {
    "type": "Point",
    "coordinates": [
     -86.739609,
     36.005043
    ]
   },
   "properties": {
    "id": "osm-way-1065809922",
    "name": null,
    "source": "osm",
    "status": "verified",
    "confidence": null,
    "hoops": null,
    "surface": null,
    "lit": null,
    "address": null,
    "region": "tennessee",
    "osm_id": "way/1065809922",
    "updated": "2026-10-08"
   }
  },
  {
   "type": "Feature",
   "geometry": {
    "type": "Point",
    "coordinates": [
     -84.006542,
     35.991335
    ]
   },
   "properties": {
    "id": "osm-way-1066840111",
    "name": null,
    "source": "osm",
    "status": "verified",
    "confidence": null,
    "hoops": null,
    "surface": null,
    "lit": null,
    "address": null,
    "region": "tennessee",
    "osm_id": "way/1066840111",
    "updated": "2026-10-08"
   }
  },
  {
   "type": "Feature",
   "geometry": {
    "type": "Point",
    "coordinates": [
     -86.443834,
     35.501984
    ]
   },
   "properties": {
    "id": "osm-way-1068004289",
    "name": null,
    "source": "osm",
    "status": "verified",
    "confidence": null,
    "hoops": null,
    "surface": null,
    "lit": null,
    "address": null,
    "region": "tennessee",
    "osm_id": "way/1068004289",
    "updated": "2026-10-08"
   }
  },
  {
   "type": "Feature",
   "geometry": {
    "type": "Point",
    "coordinates": [
     -86.443642,
     35.501981
    ]
   },
   "properties": {
    "id": "osm-way-1068004290",
    "name": null,
    "source": "osm",
    "status": "verified",
    "confidence": null,
    "hoops": null,
    "surface": null,
    "lit": null,
    "address": null,
    "region": "tennessee",
    "osm_id": "way/1068004290",
    "updated": "2026-10-08"
   }
  },
  {
   "type": "Feature",
   "geometry": {
    "type": "Point",
    "coordinates": [
     -86.469881,
     35.475575
    ]
   },
   "properties": {
    "id": "osm-way-1068005760",
    "name": null,
    "source": "osm",
    "status": "verified",
    "confidence": null,
    "hoops": null,
    "surface": null,
    "lit": null,
    "address": null,
    "region": "tennessee",
    "osm_id": "way/1068005760",
    "updated": "2026-10-08"
   }
  },
  {
   "type": "Feature",
   "geometry": {
    "type": "Point",
    "coordinates": [
     -84.529707,
     35.32889
    ]
   },
   "properties": {
    "id": "osm-way-1069132009",
    "name": null,
    "source": "osm",
    "status": "verified",
    "confidence": null,
    "hoops": 4,
    "surface": null,
    "lit": true,
    "address": null,
    "region": "tennessee",
    "osm_id": "way/1069132009",
    "updated": "2026-10-08"
   }
  },
  {
   "type": "Feature",
   "geometry": {
    "type": "Point",
    "coordinates": [
     -86.76536,
     36.175201
    ]
   },
   "properties": {
    "id": "osm-way-1071005988",
    "name": null,
    "source": "osm",
    "status": "verified",
    "confidence": null,
    "hoops": 2,
    "surface": null,
    "lit": null,
    "address": null,
    "region": "tennessee",
    "osm_id": "way/1071005988",
    "updated": "2026-10-08"
   }
  },
  {
   "type": "Feature",
   "geometry": {
    "type": "Point",
    "coordinates": [
     -86.718865,
     36.184521
    ]
   },
   "properties": {
    "id": "osm-way-1071340928",
    "name": null,
    "source": "osm",
    "status": "verified",
    "confidence": null,
    "hoops": 2,
    "surface": null,
    "lit": null,
    "address": null,
    "region": "tennessee",
    "osm_id": "way/1071340928",
    "updated": "2026-10-08"
   }
  },
  {
   "type": "Feature",
   "geometry": {
    "type": "Point",
    "coordinates": [
     -86.718672,
     36.184551
    ]
   },
   "properties": {
    "id": "osm-way-1071340929",
    "name": null,
    "source": "osm",
    "status": "verified",
    "confidence": null,
    "hoops": 2,
    "surface": null,
    "lit": null,
    "address": null,
    "region": "tennessee",
    "osm_id": "way/1071340929",
    "updated": "2026-10-08"
   }
  },
  {
   "type": "Feature",
   "geometry": {
    "type": "Point",
    "coordinates": [
     -85.066948,
     35.100717
    ]
   },
   "properties": {
    "id": "osm-way-1071377350",
    "name": null,
    "source": "osm",
    "status": "verified",
    "confidence": null,
    "hoops": null,
    "surface": null,
    "lit": null,
    "address": null,
    "region": "chattanooga",
    "osm_id": "way/1071377350",
    "updated": "2026-10-08"
   }
  },
  {
   "type": "Feature",
   "geometry": {
    "type": "Point",
    "coordinates": [
     -89.422984,
     36.033254
    ]
   },
   "properties": {
    "id": "osm-way-1075462914",
    "name": null,
    "source": "osm",
    "status": "verified",
    "confidence": null,
    "hoops": null,
    "surface": null,
    "lit": null,
    "address": null,
    "region": "tennessee",
    "osm_id": "way/1075462914",
    "updated": "2026-10-08"
   }
  },
  {
   "type": "Feature",
   "geometry": {
    "type": "Point",
    "coordinates": [
     -89.354429,
     36.031487
    ]
   },
   "properties": {
    "id": "osm-way-1075614370",
    "name": null,
    "source": "osm",
    "status": "verified",
    "confidence": null,
    "hoops": null,
    "surface": null,
    "lit": null,
    "address": null,
    "region": "tennessee",
    "osm_id": "way/1075614370",
    "updated": "2026-10-08"
   }
  },
  {
   "type": "Feature",
   "geometry": {
    "type": "Point",
    "coordinates": [
     -83.448592,
     35.736045
    ]
   },
   "properties": {
    "id": "osm-way-1075913542",
    "name": null,
    "source": "osm",
    "status": "verified",
    "confidence": null,
    "hoops": null,
    "surface": null,
    "lit": null,
    "address": null,
    "region": "tennessee",
    "osm_id": "way/1075913542",
    "updated": "2026-10-08"
   }
  },
  {
   "type": "Feature",
   "geometry": {
    "type": "Point",
    "coordinates": [
     -89.37823,
     36.038397
    ]
   },
   "properties": {
    "id": "osm-way-1075914827",
    "name": null,
    "source": "osm",
    "status": "verified",
    "confidence": null,
    "hoops": null,
    "surface": null,
    "lit": null,
    "address": null,
    "region": "tennessee",
    "osm_id": "way/1075914827",
    "updated": "2026-10-08"
   }
  },
  {
   "type": "Feature",
   "geometry": {
    "type": "Point",
    "coordinates": [
     -89.376334,
     36.036953
    ]
   },
   "properties": {
    "id": "osm-way-1075914831",
    "name": null,
    "source": "osm",
    "status": "verified",
    "confidence": null,
    "hoops": null,
    "surface": null,
    "lit": null,
    "address": null,
    "region": "tennessee",
    "osm_id": "way/1075914831",
    "updated": "2026-10-08"
   }
  },
  {
   "type": "Feature",
   "geometry": {
    "type": "Point",
    "coordinates": [
     -85.284429,
     35.011031
    ]
   },
   "properties": {
    "id": "osm-way-1077130743",
    "name": null,
    "source": "osm",
    "status": "verified",
    "confidence": null,
    "hoops": 2,
    "surface": null,
    "lit": null,
    "address": null,
    "region": "chattanooga",
    "osm_id": "way/1077130743",
    "updated": "2026-10-08"
   }
  },
  {
   "type": "Feature",
   "geometry": {
    "type": "Point",
    "coordinates": [
     -83.511657,
     35.712505
    ]
   },
   "properties": {
    "id": "osm-way-1080330259",
    "name": null,
    "source": "osm",
    "status": "verified",
    "confidence": null,
    "hoops": null,
    "surface": null,
    "lit": null,
    "address": null,
    "region": "tennessee",
    "osm_id": "way/1080330259",
    "updated": "2026-10-08"
   }
  },
  {
   "type": "Feature",
   "geometry": {
    "type": "Point",
    "coordinates": [
     -87.441608,
     36.227599
    ]
   },
   "properties": {
    "id": "osm-way-1080672252",
    "name": null,
    "source": "osm",
    "status": "verified",
    "confidence": null,
    "hoops": null,
    "surface": null,
    "lit": null,
    "address": null,
    "region": "tennessee",
    "osm_id": "way/1080672252",
    "updated": "2026-10-08"
   }
  },
  {
   "type": "Feature",
   "geometry": {
    "type": "Point",
    "coordinates": [
     -87.441152,
     36.227825
    ]
   },
   "properties": {
    "id": "osm-way-1080672253",
    "name": null,
    "source": "osm",
    "status": "verified",
    "confidence": null,
    "hoops": null,
    "surface": null,
    "lit": null,
    "address": null,
    "region": "tennessee",
    "osm_id": "way/1080672253",
    "updated": "2026-10-08"
   }
  },
  {
   "type": "Feature",
   "geometry": {
    "type": "Point",
    "coordinates": [
     -83.564959,
     35.872117
    ]
   },
   "properties": {
    "id": "osm-way-1081066473",
    "name": null,
    "source": "osm",
    "status": "verified",
    "confidence": null,
    "hoops": null,
    "surface": "grass",
    "lit": null,
    "address": null,
    "region": "tennessee",
    "osm_id": "way/1081066473",
    "updated": "2026-10-08"
   }
  },
  {
   "type": "Feature",
   "geometry": {
    "type": "Point",
    "coordinates": [
     -84.120258,
     36.110297
    ]
   },
   "properties": {
    "id": "osm-way-1081196322",
    "name": null,
    "source": "osm",
    "status": "verified",
    "confidence": null,
    "hoops": null,
    "surface": null,
    "lit": null,
    "address": null,
    "region": "tennessee",
    "osm_id": "way/1081196322",
    "updated": "2026-10-08"
   }
  },
  {
   "type": "Feature",
   "geometry": {
    "type": "Point",
    "coordinates": [
     -86.535699,
     35.953154
    ]
   },
   "properties": {
    "id": "osm-way-1082647940",
    "name": null,
    "source": "osm",
    "status": "verified",
    "confidence": null,
    "hoops": null,
    "surface": null,
    "lit": null,
    "address": null,
    "region": "tennessee",
    "osm_id": "way/1082647940",
    "updated": "2026-10-08"
   }
  },
  {
   "type": "Feature",
   "geometry": {
    "type": "Point",
    "coordinates": [
     -86.888405,
     35.920671
    ]
   },
   "properties": {
    "id": "osm-way-1085609875",
    "name": null,
    "source": "osm",
    "status": "verified",
    "confidence": null,
    "hoops": 2,
    "surface": "concrete",
    "lit": null,
    "address": null,
    "region": "tennessee",
    "osm_id": "way/1085609875",
    "updated": "2026-10-08"
   }
  },
  {
   "type": "Feature",
   "geometry": {
    "type": "Point",
    "coordinates": [
     -85.718552,
     35.268468
    ]
   },
   "properties": {
    "id": "osm-way-1088079548",
    "name": null,
    "source": "osm",
    "status": "verified",
    "confidence": null,
    "hoops": null,
    "surface": null,
    "lit": null,
    "address": null,
    "region": "tennessee",
    "osm_id": "way/1088079548",
    "updated": "2026-10-08"
   }
  },
  {
   "type": "Feature",
   "geometry": {
    "type": "Point",
    "coordinates": [
     -86.205778,
     35.351456
    ]
   },
   "properties": {
    "id": "osm-way-1090904842",
    "name": null,
    "source": "osm",
    "status": "verified",
    "confidence": null,
    "hoops": null,
    "surface": null,
    "lit": null,
    "address": null,
    "region": "tennessee",
    "osm_id": "way/1090904842",
    "updated": "2026-10-08"
   }
  },
  {
   "type": "Feature",
   "geometry": {
    "type": "Point",
    "coordinates": [
     -87.434343,
     36.636495
    ]
   },
   "properties": {
    "id": "osm-way-1106423095",
    "name": null,
    "source": "osm",
    "status": "verified",
    "confidence": null,
    "hoops": null,
    "surface": null,
    "lit": null,
    "address": null,
    "region": "tennessee",
    "osm_id": "way/1106423095",
    "updated": "2026-10-08"
   }
  },
  {
   "type": "Feature",
   "geometry": {
    "type": "Point",
    "coordinates": [
     -87.43397,
     36.634841
    ]
   },
   "properties": {
    "id": "osm-way-1106423886",
    "name": null,
    "source": "osm",
    "status": "verified",
    "confidence": null,
    "hoops": null,
    "surface": null,
    "lit": null,
    "address": null,
    "region": "tennessee",
    "osm_id": "way/1106423886",
    "updated": "2026-10-08"
   }
  },
  {
   "type": "Feature",
   "geometry": {
    "type": "Point",
    "coordinates": [
     -85.125859,
     35.172685
    ]
   },
   "properties": {
    "id": "osm-way-1108040625",
    "name": null,
    "source": "osm",
    "status": "verified",
    "confidence": null,
    "hoops": null,
    "surface": null,
    "lit": null,
    "address": null,
    "region": "chattanooga",
    "osm_id": "way/1108040625",
    "updated": "2026-10-08"
   }
  },
  {
   "type": "Feature",
   "geometry": {
    "type": "Point",
    "coordinates": [
     -85.315204,
     35.080078
    ]
   },
   "properties": {
    "id": "osm-way-1111820704",
    "name": null,
    "source": "osm",
    "status": "verified",
    "confidence": null,
    "hoops": null,
    "surface": null,
    "lit": null,
    "address": null,
    "region": "chattanooga",
    "osm_id": "way/1111820704",
    "updated": "2026-10-08"
   }
  },
  {
   "type": "Feature",
   "geometry": {
    "type": "Point",
    "coordinates": [
     -84.96575,
     36.032483
    ]
   },
   "properties": {
    "id": "osm-way-1112036627",
    "name": null,
    "source": "osm",
    "status": "verified",
    "confidence": null,
    "hoops": 2,
    "surface": null,
    "lit": null,
    "address": null,
    "region": "tennessee",
    "osm_id": "way/1112036627",
    "updated": "2026-10-08"
   }
  },
  {
   "type": "Feature",
   "geometry": {
    "type": "Point",
    "coordinates": [
     -83.586607,
     35.92837
    ]
   },
   "properties": {
    "id": "osm-way-1112414679",
    "name": null,
    "source": "osm",
    "status": "verified",
    "confidence": null,
    "hoops": null,
    "surface": null,
    "lit": null,
    "address": null,
    "region": "tennessee",
    "osm_id": "way/1112414679",
    "updated": "2026-10-08"
   }
  },
  {
   "type": "Feature",
   "geometry": {
    "type": "Point",
    "coordinates": [
     -83.565773,
     35.852343
    ]
   },
   "properties": {
    "id": "osm-way-1112416221",
    "name": null,
    "source": "osm",
    "status": "verified",
    "confidence": null,
    "hoops": null,
    "surface": null,
    "lit": null,
    "address": null,
    "region": "tennessee",
    "osm_id": "way/1112416221",
    "updated": "2026-10-08"
   }
  },
  {
   "type": "Feature",
   "geometry": {
    "type": "Point",
    "coordinates": [
     -83.712365,
     35.68859
    ]
   },
   "properties": {
    "id": "osm-way-1112417629",
    "name": null,
    "source": "osm",
    "status": "verified",
    "confidence": null,
    "hoops": null,
    "surface": null,
    "lit": null,
    "address": null,
    "region": "tennessee",
    "osm_id": "way/1112417629",
    "updated": "2026-10-08"
   }
  },
  {
   "type": "Feature",
   "geometry": {
    "type": "Point",
    "coordinates": [
     -83.544135,
     35.770278
    ]
   },
   "properties": {
    "id": "osm-way-1112418133",
    "name": null,
    "source": "osm",
    "status": "verified",
    "confidence": null,
    "hoops": null,
    "surface": null,
    "lit": null,
    "address": null,
    "region": "tennessee",
    "osm_id": "way/1112418133",
    "updated": "2026-10-08"
   }
  },
  {
   "type": "Feature",
   "geometry": {
    "type": "Point",
    "coordinates": [
     -83.546488,
     35.772769
    ]
   },
   "properties": {
    "id": "osm-way-1112418425",
    "name": null,
    "source": "osm",
    "status": "verified",
    "confidence": null,
    "hoops": null,
    "surface": null,
    "lit": null,
    "address": null,
    "region": "tennessee",
    "osm_id": "way/1112418425",
    "updated": "2026-10-08"
   }
  },
  {
   "type": "Feature",
   "geometry": {
    "type": "Point",
    "coordinates": [
     -85.132726,
     35.052411
    ]
   },
   "properties": {
    "id": "osm-way-1112809425",
    "name": null,
    "source": "osm",
    "status": "verified",
    "confidence": null,
    "hoops": null,
    "surface": null,
    "lit": null,
    "address": null,
    "region": "chattanooga",
    "osm_id": "way/1112809425",
    "updated": "2026-10-08"
   }
  },
  {
   "type": "Feature",
   "geometry": {
    "type": "Point",
    "coordinates": [
     -83.589316,
     35.796724
    ]
   },
   "properties": {
    "id": "osm-way-1113116491",
    "name": null,
    "source": "osm",
    "status": "verified",
    "confidence": null,
    "hoops": null,
    "surface": null,
    "lit": null,
    "address": null,
    "region": "tennessee",
    "osm_id": "way/1113116491",
    "updated": "2026-10-08"
   }
  },
  {
   "type": "Feature",
   "geometry": {
    "type": "Point",
    "coordinates": [
     -83.589175,
     35.796819
    ]
   },
   "properties": {
    "id": "osm-way-1113116492",
    "name": null,
    "source": "osm",
    "status": "verified",
    "confidence": null,
    "hoops": null,
    "surface": null,
    "lit": null,
    "address": null,
    "region": "tennessee",
    "osm_id": "way/1113116492",
    "updated": "2026-10-08"
   }
  },
  {
   "type": "Feature",
   "geometry": {
    "type": "Point",
    "coordinates": [
     -84.85407,
     35.689576
    ]
   },
   "properties": {
    "id": "osm-way-1115397338",
    "name": null,
    "source": "osm",
    "status": "verified",
    "confidence": null,
    "hoops": 2,
    "surface": null,
    "lit": null,
    "address": null,
    "region": "tennessee",
    "osm_id": "way/1115397338",
    "updated": "2026-10-08"
   }
  },
  {
   "type": "Feature",
   "geometry": {
    "type": "Point",
    "coordinates": [
     -86.017335,
     36.520424
    ]
   },
   "properties": {
    "id": "osm-way-1115489904",
    "name": null,
    "source": "osm",
    "status": "verified",
    "confidence": null,
    "hoops": null,
    "surface": null,
    "lit": null,
    "address": null,
    "region": "tennessee",
    "osm_id": "way/1115489904",
    "updated": "2026-10-08"
   }
  },
  {
   "type": "Feature",
   "geometry": {
    "type": "Point",
    "coordinates": [
     -86.863553,
     35.952898
    ]
   },
   "properties": {
    "id": "osm-way-1117260589",
    "name": null,
    "source": "osm",
    "status": "verified",
    "confidence": null,
    "hoops": 1,
    "surface": null,
    "lit": null,
    "address": null,
    "region": "tennessee",
    "osm_id": "way/1117260589",
    "updated": "2026-10-08"
   }
  },
  {
   "type": "Feature",
   "geometry": {
    "type": "Point",
    "coordinates": [
     -84.133172,
     36.374975
    ]
   },
   "properties": {
    "id": "osm-way-1117958655",
    "name": null,
    "source": "osm",
    "status": "verified",
    "confidence": null,
    "hoops": null,
    "surface": null,
    "lit": null,
    "address": null,
    "region": "tennessee",
    "osm_id": "way/1117958655",
    "updated": "2026-10-08"
   }
  },
  {
   "type": "Feature",
   "geometry": {
    "type": "Point",
    "coordinates": [
     -86.646246,
     36.190306
    ]
   },
   "properties": {
    "id": "osm-way-1120724368",
    "name": null,
    "source": "osm",
    "status": "verified",
    "confidence": null,
    "hoops": null,
    "surface": null,
    "lit": null,
    "address": null,
    "region": "tennessee",
    "osm_id": "way/1120724368",
    "updated": "2026-10-08"
   }
  },
  {
   "type": "Feature",
   "geometry": {
    "type": "Point",
    "coordinates": [
     -86.65491,
     36.072997
    ]
   },
   "properties": {
    "id": "osm-way-1121958032",
    "name": null,
    "source": "osm",
    "status": "verified",
    "confidence": null,
    "hoops": null,
    "surface": null,
    "lit": null,
    "address": null,
    "region": "tennessee",
    "osm_id": "way/1121958032",
    "updated": "2026-10-08"
   }
  },
  {
   "type": "Feature",
   "geometry": {
    "type": "Point",
    "coordinates": [
     -85.5107,
     36.173489
    ]
   },
   "properties": {
    "id": "osm-way-1132085025",
    "name": null,
    "source": "osm",
    "status": "verified",
    "confidence": null,
    "hoops": null,
    "surface": null,
    "lit": null,
    "address": null,
    "region": "tennessee",
    "osm_id": "way/1132085025",
    "updated": "2026-10-08"
   }
  },
  {
   "type": "Feature",
   "geometry": {
    "type": "Point",
    "coordinates": [
     -87.34728,
     35.256063
    ]
   },
   "properties": {
    "id": "osm-way-1132270071",
    "name": null,
    "source": "osm",
    "status": "verified",
    "confidence": null,
    "hoops": null,
    "surface": null,
    "lit": null,
    "address": null,
    "region": "tennessee",
    "osm_id": "way/1132270071",
    "updated": "2026-10-08"
   }
  },
  {
   "type": "Feature",
   "geometry": {
    "type": "Point",
    "coordinates": [
     -87.346042,
     35.257189
    ]
   },
   "properties": {
    "id": "osm-way-1132270077",
    "name": null,
    "source": "osm",
    "status": "verified",
    "confidence": null,
    "hoops": null,
    "surface": null,
    "lit": null,
    "address": null,
    "region": "tennessee",
    "osm_id": "way/1132270077",
    "updated": "2026-10-08"
   }
  },
  {
   "type": "Feature",
   "geometry": {
    "type": "Point",
    "coordinates": [
     -86.37354,
     35.891501
    ]
   },
   "properties": {
    "id": "osm-way-1135989606",
    "name": null,
    "source": "osm",
    "status": "verified",
    "confidence": null,
    "hoops": 2,
    "surface": null,
    "lit": null,
    "address": null,
    "region": "tennessee",
    "osm_id": "way/1135989606",
    "updated": "2026-10-08"
   }
  },
  {
   "type": "Feature",
   "geometry": {
    "type": "Point",
    "coordinates": [
     -82.394459,
     36.164649
    ]
   },
   "properties": {
    "id": "osm-way-1136811243",
    "name": null,
    "source": "osm",
    "status": "verified",
    "confidence": null,
    "hoops": null,
    "surface": null,
    "lit": null,
    "address": null,
    "region": "tennessee",
    "osm_id": "way/1136811243",
    "updated": "2026-10-08"
   }
  },
  {
   "type": "Feature",
   "geometry": {
    "type": "Point",
    "coordinates": [
     -82.476542,
     36.29108
    ]
   },
   "properties": {
    "id": "osm-way-1146558104",
    "name": "Depot Street Park",
    "source": "osm",
    "status": "verified",
    "confidence": null,
    "hoops": null,
    "surface": null,
    "lit": null,
    "address": null,
    "region": "tennessee",
    "osm_id": "way/1146558104",
    "updated": "2026-10-08"
   }
  },
  {
   "type": "Feature",
   "geometry": {
    "type": "Point",
    "coordinates": [
     -84.993613,
     35.253631
    ]
   },
   "properties": {
    "id": "osm-way-1149565433",
    "name": null,
    "source": "osm",
    "status": "verified",
    "confidence": null,
    "hoops": null,
    "surface": null,
    "lit": null,
    "address": null,
    "region": "tennessee",
    "osm_id": "way/1149565433",
    "updated": "2026-10-08"
   }
  },
  {
   "type": "Feature",
   "geometry": {
    "type": "Point",
    "coordinates": [
     -85.047537,
     35.046115
    ]
   },
   "properties": {
    "id": "osm-way-1149701197",
    "name": null,
    "source": "osm",
    "status": "verified",
    "confidence": null,
    "hoops": null,
    "surface": null,
    "lit": null,
    "address": null,
    "region": "tennessee",
    "osm_id": "way/1149701197",
    "updated": "2026-10-08"
   }
  },
  {
   "type": "Feature",
   "geometry": {
    "type": "Point",
    "coordinates": [
     -82.097572,
     36.161831
    ]
   },
   "properties": {
    "id": "osm-way-1151211492",
    "name": null,
    "source": "osm",
    "status": "verified",
    "confidence": null,
    "hoops": null,
    "surface": null,
    "lit": null,
    "address": null,
    "region": "tennessee",
    "osm_id": "way/1151211492",
    "updated": "2026-10-08"
   }
  },
  {
   "type": "Feature",
   "geometry": {
    "type": "Point",
    "coordinates": [
     -85.909481,
     36.300902
    ]
   },
   "properties": {
    "id": "osm-way-1155103055",
    "name": null,
    "source": "osm",
    "status": "verified",
    "confidence": null,
    "hoops": null,
    "surface": null,
    "lit": null,
    "address": null,
    "region": "tennessee",
    "osm_id": "way/1155103055",
    "updated": "2026-10-08"
   }
  },
  {
   "type": "Feature",
   "geometry": {
    "type": "Point",
    "coordinates": [
     -85.909214,
     36.304949
    ]
   },
   "properties": {
    "id": "osm-way-1155641726",
    "name": null,
    "source": "osm",
    "status": "verified",
    "confidence": null,
    "hoops": null,
    "surface": null,
    "lit": null,
    "address": null,
    "region": "tennessee",
    "osm_id": "way/1155641726",
    "updated": "2026-10-08"
   }
  },
  {
   "type": "Feature",
   "geometry": {
    "type": "Point",
    "coordinates": [
     -90.074061,
     35.122591
    ]
   },
   "properties": {
    "id": "osm-way-1159140788",
    "name": null,
    "source": "osm",
    "status": "verified",
    "confidence": null,
    "hoops": null,
    "surface": null,
    "lit": null,
    "address": null,
    "region": "tennessee",
    "osm_id": "way/1159140788",
    "updated": "2026-10-08"
   }
  },
  {
   "type": "Feature",
   "geometry": {
    "type": "Point",
    "coordinates": [
     -84.118103,
     35.916256
    ]
   },
   "properties": {
    "id": "osm-way-1169029852",
    "name": null,
    "source": "osm",
    "status": "verified",
    "confidence": null,
    "hoops": null,
    "surface": null,
    "lit": null,
    "address": null,
    "region": "tennessee",
    "osm_id": "way/1169029852",
    "updated": "2026-10-08"
   }
  },
  {
   "type": "Feature",
   "geometry": {
    "type": "Point",
    "coordinates": [
     -86.267095,
     35.053121
    ]
   },
   "properties": {
    "id": "osm-way-1175610279",
    "name": null,
    "source": "osm",
    "status": "verified",
    "confidence": null,
    "hoops": null,
    "surface": null,
    "lit": null,
    "address": null,
    "region": "tennessee",
    "osm_id": "way/1175610279",
    "updated": "2026-10-08"
   }
  },
  {
   "type": "Feature",
   "geometry": {
    "type": "Point",
    "coordinates": [
     -84.261804,
     36.002691
    ]
   },
   "properties": {
    "id": "osm-way-1184095209",
    "name": null,
    "source": "osm",
    "status": "verified",
    "confidence": null,
    "hoops": null,
    "surface": null,
    "lit": null,
    "address": null,
    "region": "tennessee",
    "osm_id": "way/1184095209",
    "updated": "2026-10-08"
   }
  },
  {
   "type": "Feature",
   "geometry": {
    "type": "Point",
    "coordinates": [
     -83.521395,
     35.972661
    ]
   },
   "properties": {
    "id": "osm-way-1193449444",
    "name": null,
    "source": "osm",
    "status": "verified",
    "confidence": null,
    "hoops": null,
    "surface": null,
    "lit": null,
    "address": null,
    "region": "tennessee",
    "osm_id": "way/1193449444",
    "updated": "2026-10-08"
   }
  },
  {
   "type": "Feature",
   "geometry": {
    "type": "Point",
    "coordinates": [
     -83.311882,
     35.825375
    ]
   },
   "properties": {
    "id": "osm-way-1193453613",
    "name": null,
    "source": "osm",
    "status": "verified",
    "confidence": null,
    "hoops": null,
    "surface": null,
    "lit": null,
    "address": null,
    "region": "tennessee",
    "osm_id": "way/1193453613",
    "updated": "2026-10-08"
   }
  },
  {
   "type": "Feature",
   "geometry": {
    "type": "Point",
    "coordinates": [
     -84.248485,
     36.034605
    ]
   },
   "properties": {
    "id": "osm-way-1195957399",
    "name": null,
    "source": "osm",
    "status": "verified",
    "confidence": null,
    "hoops": null,
    "surface": null,
    "lit": null,
    "address": null,
    "region": "tennessee",
    "osm_id": "way/1195957399",
    "updated": "2026-10-08"
   }
  },
  {
   "type": "Feature",
   "geometry": {
    "type": "Point",
    "coordinates": [
     -87.38521,
     36.626398
    ]
   },
   "properties": {
    "id": "osm-way-1205662981",
    "name": null,
    "source": "osm",
    "status": "verified",
    "confidence": null,
    "hoops": 2,
    "surface": "concrete",
    "lit": null,
    "address": null,
    "region": "tennessee",
    "osm_id": "way/1205662981",
    "updated": "2026-10-08"
   }
  },
  {
   "type": "Feature",
   "geometry": {
    "type": "Point",
    "coordinates": [
     -89.838994,
     35.197049
    ]
   },
   "properties": {
    "id": "osm-way-1215906352",
    "name": null,
    "source": "osm",
    "status": "verified",
    "confidence": null,
    "hoops": null,
    "surface": null,
    "lit": null,
    "address": null,
    "region": "tennessee",
    "osm_id": "way/1215906352",
    "updated": "2026-10-08"
   }
  },
  {
   "type": "Feature",
   "geometry": {
    "type": "Point",
    "coordinates": [
     -89.839096,
     35.197183
    ]
   },
   "properties": {
    "id": "osm-way-1215906353",
    "name": null,
    "source": "osm",
    "status": "verified",
    "confidence": null,
    "hoops": null,
    "surface": null,
    "lit": null,
    "address": null,
    "region": "tennessee",
    "osm_id": "way/1215906353",
    "updated": "2026-10-08"
   }
  },
  {
   "type": "Feature",
   "geometry": {
    "type": "Point",
    "coordinates": [
     -85.104289,
     35.03408
    ]
   },
   "properties": {
    "id": "osm-way-1216831833",
    "name": null,
    "source": "osm",
    "status": "verified",
    "confidence": null,
    "hoops": null,
    "surface": null,
    "lit": null,
    "address": null,
    "region": "chattanooga",
    "osm_id": "way/1216831833",
    "updated": "2026-10-08"
   }
  },
  {
   "type": "Feature",
   "geometry": {
    "type": "Point",
    "coordinates": [
     -86.443392,
     36.404034
    ]
   },
   "properties": {
    "id": "osm-way-1217655881",
    "name": null,
    "source": "osm",
    "status": "verified",
    "confidence": null,
    "hoops": null,
    "surface": null,
    "lit": null,
    "address": null,
    "region": "tennessee",
    "osm_id": "way/1217655881",
    "updated": "2026-10-08"
   }
  },
  {
   "type": "Feature",
   "geometry": {
    "type": "Point",
    "coordinates": [
     -86.496987,
     36.396217
    ]
   },
   "properties": {
    "id": "osm-way-1217783437",
    "name": null,
    "source": "osm",
    "status": "verified",
    "confidence": null,
    "hoops": null,
    "surface": null,
    "lit": null,
    "address": null,
    "region": "tennessee",
    "osm_id": "way/1217783437",
    "updated": "2026-10-08"
   }
  },
  {
   "type": "Feature",
   "geometry": {
    "type": "Point",
    "coordinates": [
     -84.047833,
     35.963294
    ]
   },
   "properties": {
    "id": "osm-way-1218985135",
    "name": null,
    "source": "osm",
    "status": "verified",
    "confidence": null,
    "hoops": null,
    "surface": null,
    "lit": null,
    "address": null,
    "region": "tennessee",
    "osm_id": "way/1218985135",
    "updated": "2026-10-08"
   }
  },
  {
   "type": "Feature",
   "geometry": {
    "type": "Point",
    "coordinates": [
     -86.368131,
     35.888909
    ]
   },
   "properties": {
    "id": "osm-way-1219092229",
    "name": null,
    "source": "osm",
    "status": "verified",
    "confidence": null,
    "hoops": null,
    "surface": null,
    "lit": null,
    "address": null,
    "region": "tennessee",
    "osm_id": "way/1219092229",
    "updated": "2026-10-08"
   }
  },
  {
   "type": "Feature",
   "geometry": {
    "type": "Point",
    "coordinates": [
     -84.333497,
     35.738526
    ]
   },
   "properties": {
    "id": "osm-way-1220532227",
    "name": null,
    "source": "osm",
    "status": "verified",
    "confidence": null,
    "hoops": null,
    "surface": null,
    "lit": null,
    "address": null,
    "region": "tennessee",
    "osm_id": "way/1220532227",
    "updated": "2026-10-08"
   }
  },
  {
   "type": "Feature",
   "geometry": {
    "type": "Point",
    "coordinates": [
     -84.380519,
     35.723934
    ]
   },
   "properties": {
    "id": "osm-way-1220543917",
    "name": null,
    "source": "osm",
    "status": "verified",
    "confidence": null,
    "hoops": null,
    "surface": null,
    "lit": null,
    "address": null,
    "region": "tennessee",
    "osm_id": "way/1220543917",
    "updated": "2026-10-08"
   }
  },
  {
   "type": "Feature",
   "geometry": {
    "type": "Point",
    "coordinates": [
     -83.6893,
     36.061285
    ]
   },
   "properties": {
    "id": "osm-way-1220578261",
    "name": null,
    "source": "osm",
    "status": "verified",
    "confidence": null,
    "hoops": null,
    "surface": null,
    "lit": null,
    "address": null,
    "region": "tennessee",
    "osm_id": "way/1220578261",
    "updated": "2026-10-08"
   }
  },
  {
   "type": "Feature",
   "geometry": {
    "type": "Point",
    "coordinates": [
     -84.534957,
     35.311008
    ]
   },
   "properties": {
    "id": "osm-way-1221580779",
    "name": null,
    "source": "osm",
    "status": "verified",
    "confidence": null,
    "hoops": null,
    "surface": null,
    "lit": null,
    "address": null,
    "region": "tennessee",
    "osm_id": "way/1221580779",
    "updated": "2026-10-08"
   }
  },
  {
   "type": "Feature",
   "geometry": {
    "type": "Point",
    "coordinates": [
     -84.269836,
     35.799283
    ]
   },
   "properties": {
    "id": "osm-way-1222264347",
    "name": null,
    "source": "osm",
    "status": "verified",
    "confidence": null,
    "hoops": null,
    "surface": null,
    "lit": null,
    "address": null,
    "region": "tennessee",
    "osm_id": "way/1222264347",
    "updated": "2026-10-08"
   }
  },
  {
   "type": "Feature",
   "geometry": {
    "type": "Point",
    "coordinates": [
     -86.815777,
     35.870873
    ]
   },
   "properties": {
    "id": "osm-way-1223226650",
    "name": null,
    "source": "osm",
    "status": "verified",
    "confidence": null,
    "hoops": null,
    "surface": null,
    "lit": null,
    "address": null,
    "region": "tennessee",
    "osm_id": "way/1223226650",
    "updated": "2026-10-08"
   }
  },
  {
   "type": "Feature",
   "geometry": {
    "type": "Point",
    "coordinates": [
     -85.78574,
     36.317583
    ]
   },
   "properties": {
    "id": "osm-way-1226715433",
    "name": null,
    "source": "osm",
    "status": "verified",
    "confidence": null,
    "hoops": null,
    "surface": null,
    "lit": null,
    "address": null,
    "region": "tennessee",
    "osm_id": "way/1226715433",
    "updated": "2026-10-08"
   }
  },
  {
   "type": "Feature",
   "geometry": {
    "type": "Point",
    "coordinates": [
     -84.598514,
     35.863138
    ]
   },
   "properties": {
    "id": "osm-way-1228686547",
    "name": null,
    "source": "osm",
    "status": "verified",
    "confidence": null,
    "hoops": null,
    "surface": null,
    "lit": null,
    "address": null,
    "region": "tennessee",
    "osm_id": "way/1228686547",
    "updated": "2026-10-08"
   }
  },
  {
   "type": "Feature",
   "geometry": {
    "type": "Point",
    "coordinates": [
     -84.514104,
     35.879937
    ]
   },
   "properties": {
    "id": "osm-way-1228722053",
    "name": null,
    "source": "osm",
    "status": "verified",
    "confidence": null,
    "hoops": null,
    "surface": null,
    "lit": null,
    "address": null,
    "region": "tennessee",
    "osm_id": "way/1228722053",
    "updated": "2026-10-08"
   }
  },
  {
   "type": "Feature",
   "geometry": {
    "type": "Point",
    "coordinates": [
     -84.525408,
     35.877997
    ]
   },
   "properties": {
    "id": "osm-way-1228728102",
    "name": null,
    "source": "osm",
    "status": "verified",
    "confidence": null,
    "hoops": null,
    "surface": null,
    "lit": null,
    "address": null,
    "region": "tennessee",
    "osm_id": "way/1228728102",
    "updated": "2026-10-08"
   }
  },
  {
   "type": "Feature",
   "geometry": {
    "type": "Point",
    "coordinates": [
     -84.555969,
     35.936204
    ]
   },
   "properties": {
    "id": "osm-way-1228886792",
    "name": null,
    "source": "osm",
    "status": "verified",
    "confidence": null,
    "hoops": null,
    "surface": null,
    "lit": null,
    "address": null,
    "region": "tennessee",
    "osm_id": "way/1228886792",
    "updated": "2026-10-08"
   }
  },
  {
   "type": "Feature",
   "geometry": {
    "type": "Point",
    "coordinates": [
     -84.54671,
     35.942491
    ]
   },
   "properties": {
    "id": "osm-way-1228886793",
    "name": null,
    "source": "osm",
    "status": "verified",
    "confidence": null,
    "hoops": null,
    "surface": null,
    "lit": null,
    "address": null,
    "region": "tennessee",
    "osm_id": "way/1228886793",
    "updated": "2026-10-08"
   }
  },
  {
   "type": "Feature",
   "geometry": {
    "type": "Point",
    "coordinates": [
     -84.546623,
     35.94282
    ]
   },
   "properties": {
    "id": "osm-way-1228886795",
    "name": null,
    "source": "osm",
    "status": "verified",
    "confidence": null,
    "hoops": null,
    "surface": null,
    "lit": null,
    "address": null,
    "region": "tennessee",
    "osm_id": "way/1228886795",
    "updated": "2026-10-08"
   }
  },
  {
   "type": "Feature",
   "geometry": {
    "type": "Point",
    "coordinates": [
     -82.227107,
     36.368217
    ]
   },
   "properties": {
    "id": "osm-way-1230666921",
    "name": null,
    "source": "osm",
    "status": "verified",
    "confidence": null,
    "hoops": null,
    "surface": null,
    "lit": null,
    "address": null,
    "region": "tennessee",
    "osm_id": "way/1230666921",
    "updated": "2026-10-08"
   }
  },
  {
   "type": "Feature",
   "geometry": {
    "type": "Point",
    "coordinates": [
     -85.278846,
     35.030791
    ]
   },
   "properties": {
    "id": "osm-way-1232699229",
    "name": null,
    "source": "osm",
    "status": "verified",
    "confidence": null,
    "hoops": null,
    "surface": null,
    "lit": null,
    "address": null,
    "region": "chattanooga",
    "osm_id": "way/1232699229",
    "updated": "2026-10-08"
   }
  },
  {
   "type": "Feature",
   "geometry": {
    "type": "Point",
    "coordinates": [
     -86.723786,
     36.307051
    ]
   },
   "properties": {
    "id": "osm-way-1235378528",
    "name": null,
    "source": "osm",
    "status": "verified",
    "confidence": null,
    "hoops": null,
    "surface": "concrete",
    "lit": null,
    "address": null,
    "region": "tennessee",
    "osm_id": "way/1235378528",
    "updated": "2026-10-08"
   }
  },
  {
   "type": "Feature",
   "geometry": {
    "type": "Point",
    "coordinates": [
     -84.259243,
     35.996504
    ]
   },
   "properties": {
    "id": "osm-way-1235723685",
    "name": null,
    "source": "osm",
    "status": "verified",
    "confidence": null,
    "hoops": null,
    "surface": null,
    "lit": null,
    "address": null,
    "region": "tennessee",
    "osm_id": "way/1235723685",
    "updated": "2026-10-08"
   }
  },
  {
   "type": "Feature",
   "geometry": {
    "type": "Point",
    "coordinates": [
     -84.259242,
     35.996332
    ]
   },
   "properties": {
    "id": "osm-way-1235723686",
    "name": null,
    "source": "osm",
    "status": "verified",
    "confidence": null,
    "hoops": null,
    "surface": null,
    "lit": null,
    "address": null,
    "region": "tennessee",
    "osm_id": "way/1235723686",
    "updated": "2026-10-08"
   }
  },
  {
   "type": "Feature",
   "geometry": {
    "type": "Point",
    "coordinates": [
     -84.259249,
     35.996695
    ]
   },
   "properties": {
    "id": "osm-way-1235723687",
    "name": null,
    "source": "osm",
    "status": "verified",
    "confidence": null,
    "hoops": null,
    "surface": null,
    "lit": null,
    "address": null,
    "region": "tennessee",
    "osm_id": "way/1235723687",
    "updated": "2026-10-08"
   }
  },
  {
   "type": "Feature",
   "geometry": {
    "type": "Point",
    "coordinates": [
     -84.687677,
     35.865447
    ]
   },
   "properties": {
    "id": "osm-way-1237623393",
    "name": null,
    "source": "osm",
    "status": "verified",
    "confidence": null,
    "hoops": null,
    "surface": null,
    "lit": null,
    "address": null,
    "region": "tennessee",
    "osm_id": "way/1237623393",
    "updated": "2026-10-08"
   }
  },
  {
   "type": "Feature",
   "geometry": {
    "type": "Point",
    "coordinates": [
     -84.687807,
     35.865348
    ]
   },
   "properties": {
    "id": "osm-way-1237623394",
    "name": null,
    "source": "osm",
    "status": "verified",
    "confidence": null,
    "hoops": null,
    "surface": null,
    "lit": null,
    "address": null,
    "region": "tennessee",
    "osm_id": "way/1237623394",
    "updated": "2026-10-08"
   }
  },
  {
   "type": "Feature",
   "geometry": {
    "type": "Point",
    "coordinates": [
     -84.687984,
     35.865165
    ]
   },
   "properties": {
    "id": "osm-way-1237623395",
    "name": null,
    "source": "osm",
    "status": "verified",
    "confidence": null,
    "hoops": null,
    "surface": null,
    "lit": null,
    "address": null,
    "region": "tennessee",
    "osm_id": "way/1237623395",
    "updated": "2026-10-08"
   }
  },
  {
   "type": "Feature",
   "geometry": {
    "type": "Point",
    "coordinates": [
     -84.574874,
     36.104263
    ]
   },
   "properties": {
    "id": "osm-way-1246963680",
    "name": null,
    "source": "osm",
    "status": "verified",
    "confidence": null,
    "hoops": null,
    "surface": null,
    "lit": null,
    "address": null,
    "region": "tennessee",
    "osm_id": "way/1246963680",
    "updated": "2026-10-08"
   }
  },
  {
   "type": "Feature",
   "geometry": {
    "type": "Point",
    "coordinates": [
     -84.307018,
     36.001001
    ]
   },
   "properties": {
    "id": "osm-way-1247076827",
    "name": null,
    "source": "osm",
    "status": "verified",
    "confidence": null,
    "hoops": null,
    "surface": null,
    "lit": null,
    "address": null,
    "region": "tennessee",
    "osm_id": "way/1247076827",
    "updated": "2026-10-08"
   }
  },
  {
   "type": "Feature",
   "geometry": {
    "type": "Point",
    "coordinates": [
     -85.085653,
     35.450435
    ]
   },
   "properties": {
    "id": "osm-way-1252513314",
    "name": null,
    "source": "osm",
    "status": "verified",
    "confidence": null,
    "hoops": null,
    "surface": null,
    "lit": null,
    "address": null,
    "region": "tennessee",
    "osm_id": "way/1252513314",
    "updated": "2026-10-08"
   }
  },
  {
   "type": "Feature",
   "geometry": {
    "type": "Point",
    "coordinates": [
     -85.509857,
     36.539233
    ]
   },
   "properties": {
    "id": "osm-way-1253613382",
    "name": null,
    "source": "osm",
    "status": "verified",
    "confidence": null,
    "hoops": null,
    "surface": null,
    "lit": null,
    "address": null,
    "region": "tennessee",
    "osm_id": "way/1253613382",
    "updated": "2026-10-08"
   }
  },
  {
   "type": "Feature",
   "geometry": {
    "type": "Point",
    "coordinates": [
     -86.499565,
     35.839088
    ]
   },
   "properties": {
    "id": "osm-way-1253662710",
    "name": null,
    "source": "osm",
    "status": "verified",
    "confidence": null,
    "hoops": null,
    "surface": null,
    "lit": null,
    "address": null,
    "region": "tennessee",
    "osm_id": "way/1253662710",
    "updated": "2026-10-08"
   }
  },
  {
   "type": "Feature",
   "geometry": {
    "type": "Point",
    "coordinates": [
     -85.612349,
     35.37973
    ]
   },
   "properties": {
    "id": "osm-way-1254343297",
    "name": null,
    "source": "osm",
    "status": "verified",
    "confidence": null,
    "hoops": null,
    "surface": null,
    "lit": null,
    "address": null,
    "region": "tennessee",
    "osm_id": "way/1254343297",
    "updated": "2026-10-08"
   }
  },
  {
   "type": "Feature",
   "geometry": {
    "type": "Point",
    "coordinates": [
     -85.616522,
     35.382621
    ]
   },
   "properties": {
    "id": "osm-way-1254343300",
    "name": null,
    "source": "osm",
    "status": "verified",
    "confidence": null,
    "hoops": null,
    "surface": null,
    "lit": null,
    "address": null,
    "region": "tennessee",
    "osm_id": "way/1254343300",
    "updated": "2026-10-08"
   }
  },
  {
   "type": "Feature",
   "geometry": {
    "type": "Point",
    "coordinates": [
     -84.911188,
     35.200231
    ]
   },
   "properties": {
    "id": "osm-way-1259541991",
    "name": null,
    "source": "osm",
    "status": "verified",
    "confidence": null,
    "hoops": null,
    "surface": null,
    "lit": null,
    "address": null,
    "region": "tennessee",
    "osm_id": "way/1259541991",
    "updated": "2026-10-08"
   }
  },
  {
   "type": "Feature",
   "geometry": {
    "type": "Point",
    "coordinates": [
     -85.975098,
     35.409516
    ]
   },
   "properties": {
    "id": "osm-way-1265875450",
    "name": null,
    "source": "osm",
    "status": "verified",
    "confidence": null,
    "hoops": null,
    "surface": null,
    "lit": null,
    "address": null,
    "region": "tennessee",
    "osm_id": "way/1265875450",
    "updated": "2026-10-08"
   }
  },
  {
   "type": "Feature",
   "geometry": {
    "type": "Point",
    "coordinates": [
     -85.036611,
     35.945697
    ]
   },
   "properties": {
    "id": "osm-way-1267573827",
    "name": null,
    "source": "osm",
    "status": "verified",
    "confidence": null,
    "hoops": 2,
    "surface": null,
    "lit": null,
    "address": null,
    "region": "tennessee",
    "osm_id": "way/1267573827",
    "updated": "2026-10-08"
   }
  },
  {
   "type": "Feature",
   "geometry": {
    "type": "Point",
    "coordinates": [
     -89.781987,
     35.048791
    ]
   },
   "properties": {
    "id": "osm-way-1267607612",
    "name": null,
    "source": "osm",
    "status": "verified",
    "confidence": null,
    "hoops": null,
    "surface": null,
    "lit": null,
    "address": null,
    "region": "tennessee",
    "osm_id": "way/1267607612",
    "updated": "2026-10-08"
   }
  },
  {
   "type": "Feature",
   "geometry": {
    "type": "Point",
    "coordinates": [
     -84.572656,
     35.916764
    ]
   },
   "properties": {
    "id": "osm-way-1271277586",
    "name": null,
    "source": "osm",
    "status": "verified",
    "confidence": null,
    "hoops": null,
    "surface": null,
    "lit": null,
    "address": null,
    "region": "tennessee",
    "osm_id": "way/1271277586",
    "updated": "2026-10-08"
   }
  },
  {
   "type": "Feature",
   "geometry": {
    "type": "Point",
    "coordinates": [
     -84.485978,
     35.861815
    ]
   },
   "properties": {
    "id": "osm-way-1271725146",
    "name": null,
    "source": "osm",
    "status": "verified",
    "confidence": null,
    "hoops": null,
    "surface": null,
    "lit": null,
    "address": null,
    "region": "tennessee",
    "osm_id": "way/1271725146",
    "updated": "2026-10-08"
   }
  },
  {
   "type": "Feature",
   "geometry": {
    "type": "Point",
    "coordinates": [
     -86.891816,
     35.968519
    ]
   },
   "properties": {
    "id": "osm-way-1272101832",
    "name": null,
    "source": "osm",
    "status": "verified",
    "confidence": null,
    "hoops": 1,
    "surface": null,
    "lit": null,
    "address": null,
    "region": "tennessee",
    "osm_id": "way/1272101832",
    "updated": "2026-10-08"
   }
  },
  {
   "type": "Feature",
   "geometry": {
    "type": "Point",
    "coordinates": [
     -85.281091,
     35.799169
    ]
   },
   "properties": {
    "id": "osm-way-1272833367",
    "name": null,
    "source": "osm",
    "status": "verified",
    "confidence": null,
    "hoops": null,
    "surface": null,
    "lit": null,
    "address": null,
    "region": "tennessee",
    "osm_id": "way/1272833367",
    "updated": "2026-10-08"
   }
  },
  {
   "type": "Feature",
   "geometry": {
    "type": "Point",
    "coordinates": [
     -84.347802,
     36.039922
    ]
   },
   "properties": {
    "id": "osm-way-1273123313",
    "name": null,
    "source": "osm",
    "status": "verified",
    "confidence": null,
    "hoops": null,
    "surface": null,
    "lit": null,
    "address": null,
    "region": "tennessee",
    "osm_id": "way/1273123313",
    "updated": "2026-10-08"
   }
  },
  {
   "type": "Feature",
   "geometry": {
    "type": "Point",
    "coordinates": [
     -86.978313,
     36.044082
    ]
   },
   "properties": {
    "id": "osm-way-1273202453",
    "name": null,
    "source": "osm",
    "status": "verified",
    "confidence": null,
    "hoops": 1,
    "surface": "concrete",
    "lit": null,
    "address": null,
    "region": "tennessee",
    "osm_id": "way/1273202453",
    "updated": "2026-10-08"
   }
  },
  {
   "type": "Feature",
   "geometry": {
    "type": "Point",
    "coordinates": [
     -83.034573,
     36.017259
    ]
   },
   "properties": {
    "id": "osm-way-1273248340",
    "name": null,
    "source": "osm",
    "status": "verified",
    "confidence": null,
    "hoops": null,
    "surface": null,
    "lit": null,
    "address": null,
    "region": "tennessee",
    "osm_id": "way/1273248340",
    "updated": "2026-10-08"
   }
  },
  {
   "type": "Feature",
   "geometry": {
    "type": "Point",
    "coordinates": [
     -84.177125,
     36.019038
    ]
   },
   "properties": {
    "id": "osm-way-1273579413",
    "name": null,
    "source": "osm",
    "status": "verified",
    "confidence": null,
    "hoops": 1,
    "surface": null,
    "lit": null,
    "address": null,
    "region": "tennessee",
    "osm_id": "way/1273579413",
    "updated": "2026-10-08"
   }
  },
  {
   "type": "Feature",
   "geometry": {
    "type": "Point",
    "coordinates": [
     -85.098133,
     35.00268
    ]
   },
   "properties": {
    "id": "osm-way-1276146565",
    "name": null,
    "source": "osm",
    "status": "verified",
    "confidence": null,
    "hoops": null,
    "surface": null,
    "lit": null,
    "address": null,
    "region": "chattanooga",
    "osm_id": "way/1276146565",
    "updated": "2026-10-08"
   }
  },
  {
   "type": "Feature",
   "geometry": {
    "type": "Point",
    "coordinates": [
     -83.969374,
     36.03573
    ]
   },
   "properties": {
    "id": "osm-way-1278046485",
    "name": null,
    "source": "osm",
    "status": "verified",
    "confidence": null,
    "hoops": null,
    "surface": null,
    "lit": null,
    "address": null,
    "region": "tennessee",
    "osm_id": "way/1278046485",
    "updated": "2026-10-08"
   }
  },
  {
   "type": "Feature",
   "geometry": {
    "type": "Point",
    "coordinates": [
     -83.727258,
     36.023263
    ]
   },
   "properties": {
    "id": "osm-way-1278220255",
    "name": null,
    "source": "osm",
    "status": "verified",
    "confidence": null,
    "hoops": null,
    "surface": null,
    "lit": null,
    "address": null,
    "region": "tennessee",
    "osm_id": "way/1278220255",
    "updated": "2026-10-08"
   }
  },
  {
   "type": "Feature",
   "geometry": {
    "type": "Point",
    "coordinates": [
     -82.344467,
     36.33398
    ]
   },
   "properties": {
    "id": "osm-way-1284399015",
    "name": null,
    "source": "osm",
    "status": "verified",
    "confidence": null,
    "hoops": null,
    "surface": null,
    "lit": null,
    "address": null,
    "region": "tennessee",
    "osm_id": "way/1284399015",
    "updated": "2026-10-08"
   }
  },
  {
   "type": "Feature",
   "geometry": {
    "type": "Point",
    "coordinates": [
     -82.362769,
     36.323747
    ]
   },
   "properties": {
    "id": "osm-way-1284399329",
    "name": null,
    "source": "osm",
    "status": "verified",
    "confidence": null,
    "hoops": null,
    "surface": null,
    "lit": null,
    "address": null,
    "region": "tennessee",
    "osm_id": "way/1284399329",
    "updated": "2026-10-08"
   }
  },
  {
   "type": "Feature",
   "geometry": {
    "type": "Point",
    "coordinates": [
     -86.579826,
     35.613427
    ]
   },
   "properties": {
    "id": "osm-way-1284498706",
    "name": null,
    "source": "osm",
    "status": "verified",
    "confidence": null,
    "hoops": null,
    "surface": null,
    "lit": null,
    "address": null,
    "region": "tennessee",
    "osm_id": "way/1284498706",
    "updated": "2026-10-08"
   }
  },
  {
   "type": "Feature",
   "geometry": {
    "type": "Point",
    "coordinates": [
     -82.347806,
     36.310604
    ]
   },
   "properties": {
    "id": "osm-way-1284532579",
    "name": null,
    "source": "osm",
    "status": "verified",
    "confidence": null,
    "hoops": null,
    "surface": null,
    "lit": null,
    "address": null,
    "region": "tennessee",
    "osm_id": "way/1284532579",
    "updated": "2026-10-08"
   }
  },
  {
   "type": "Feature",
   "geometry": {
    "type": "Point",
    "coordinates": [
     -86.605156,
     36.104715
    ]
   },
   "properties": {
    "id": "osm-way-1284577370",
    "name": null,
    "source": "osm",
    "status": "verified",
    "confidence": null,
    "hoops": null,
    "surface": null,
    "lit": null,
    "address": null,
    "region": "tennessee",
    "osm_id": "way/1284577370",
    "updated": "2026-10-08"
   }
  },
  {
   "type": "Feature",
   "geometry": {
    "type": "Point",
    "coordinates": [
     -86.466512,
     35.492531
    ]
   },
   "properties": {
    "id": "osm-way-1287485316",
    "name": null,
    "source": "osm",
    "status": "verified",
    "confidence": null,
    "hoops": null,
    "surface": null,
    "lit": null,
    "address": null,
    "region": "tennessee",
    "osm_id": "way/1287485316",
    "updated": "2026-10-08"
   }
  },
  {
   "type": "Feature",
   "geometry": {
    "type": "Point",
    "coordinates": [
     -83.2234,
     36.530145
    ]
   },
   "properties": {
    "id": "osm-way-1288417525",
    "name": null,
    "source": "osm",
    "status": "verified",
    "confidence": null,
    "hoops": 2,
    "surface": "asphalt",
    "lit": false,
    "address": null,
    "region": "tennessee",
    "osm_id": "way/1288417525",
    "updated": "2026-10-08"
   }
  },
  {
   "type": "Feature",
   "geometry": {
    "type": "Point",
    "coordinates": [
     -83.224044,
     36.529002
    ]
   },
   "properties": {
    "id": "osm-way-1288814298",
    "name": null,
    "source": "osm",
    "status": "verified",
    "confidence": null,
    "hoops": 2,
    "surface": "asphalt",
    "lit": null,
    "address": null,
    "region": "tennessee",
    "osm_id": "way/1288814298",
    "updated": "2026-10-08"
   }
  },
  {
   "type": "Feature",
   "geometry": {
    "type": "Point",
    "coordinates": [
     -83.220569,
     36.533447
    ]
   },
   "properties": {
    "id": "osm-way-1291647441",
    "name": null,
    "source": "osm",
    "status": "verified",
    "confidence": null,
    "hoops": 2,
    "surface": "concrete",
    "lit": false,
    "address": null,
    "region": "tennessee",
    "osm_id": "way/1291647441",
    "updated": "2026-10-08"
   }
  },
  {
   "type": "Feature",
   "geometry": {
    "type": "Point",
    "coordinates": [
     -83.218906,
     36.533749
    ]
   },
   "properties": {
    "id": "osm-way-1291647460",
    "name": null,
    "source": "osm",
    "status": "verified",
    "confidence": null,
    "hoops": 2,
    "surface": "concrete",
    "lit": null,
    "address": null,
    "region": "tennessee",
    "osm_id": "way/1291647460",
    "updated": "2026-10-08"
   }
  },
  {
   "type": "Feature",
   "geometry": {
    "type": "Point",
    "coordinates": [
     -86.601783,
     36.106455
    ]
   },
   "properties": {
    "id": "osm-way-1301765710",
    "name": null,
    "source": "osm",
    "status": "verified",
    "confidence": null,
    "hoops": null,
    "surface": null,
    "lit": null,
    "address": null,
    "region": "tennessee",
    "osm_id": "way/1301765710",
    "updated": "2026-10-08"
   }
  },
  {
   "type": "Feature",
   "geometry": {
    "type": "Point",
    "coordinates": [
     -83.994472,
     35.99929
    ]
   },
   "properties": {
    "id": "osm-way-1302303365",
    "name": null,
    "source": "osm",
    "status": "verified",
    "confidence": null,
    "hoops": 2,
    "surface": "asphalt",
    "lit": null,
    "address": null,
    "region": "tennessee",
    "osm_id": "way/1302303365",
    "updated": "2026-10-08"
   }
  },
  {
   "type": "Feature",
   "geometry": {
    "type": "Point",
    "coordinates": [
     -83.981291,
     35.9838
    ]
   },
   "properties": {
    "id": "osm-way-1303111470",
    "name": null,
    "source": "osm",
    "status": "verified",
    "confidence": null,
    "hoops": null,
    "surface": "asphalt",
    "lit": null,
    "address": null,
    "region": "tennessee",
    "osm_id": "way/1303111470",
    "updated": "2026-10-08"
   }
  },
  {
   "type": "Feature",
   "geometry": {
    "type": "Point",
    "coordinates": [
     -89.911091,
     35.227101
    ]
   },
   "properties": {
    "id": "osm-way-1304646751",
    "name": null,
    "source": "osm",
    "status": "verified",
    "confidence": null,
    "hoops": null,
    "surface": null,
    "lit": null,
    "address": null,
    "region": "tennessee",
    "osm_id": "way/1304646751",
    "updated": "2026-10-08"
   }
  },
  {
   "type": "Feature",
   "geometry": {
    "type": "Point",
    "coordinates": [
     -86.472041,
     35.819997
    ]
   },
   "properties": {
    "id": "osm-way-1306187898",
    "name": null,
    "source": "osm",
    "status": "verified",
    "confidence": null,
    "hoops": null,
    "surface": null,
    "lit": null,
    "address": null,
    "region": "tennessee",
    "osm_id": "way/1306187898",
    "updated": "2026-10-08"
   }
  },
  {
   "type": "Feature",
   "geometry": {
    "type": "Point",
    "coordinates": [
     -86.468174,
     35.838249
    ]
   },
   "properties": {
    "id": "osm-way-1307755936",
    "name": null,
    "source": "osm",
    "status": "verified",
    "confidence": null,
    "hoops": null,
    "surface": null,
    "lit": null,
    "address": null,
    "region": "tennessee",
    "osm_id": "way/1307755936",
    "updated": "2026-10-08"
   }
  },
  {
   "type": "Feature",
   "geometry": {
    "type": "Point",
    "coordinates": [
     -83.953993,
     35.953217
    ]
   },
   "properties": {
    "id": "osm-way-1309042189",
    "name": null,
    "source": "osm",
    "status": "verified",
    "confidence": null,
    "hoops": null,
    "surface": null,
    "lit": null,
    "address": null,
    "region": "tennessee",
    "osm_id": "way/1309042189",
    "updated": "2026-10-08"
   }
  },
  {
   "type": "Feature",
   "geometry": {
    "type": "Point",
    "coordinates": [
     -86.680173,
     36.204039
    ]
   },
   "properties": {
    "id": "osm-way-1311571896",
    "name": null,
    "source": "osm",
    "status": "verified",
    "confidence": null,
    "hoops": null,
    "surface": null,
    "lit": null,
    "address": null,
    "region": "tennessee",
    "osm_id": "way/1311571896",
    "updated": "2026-10-08"
   }
  },
  {
   "type": "Feature",
   "geometry": {
    "type": "Point",
    "coordinates": [
     -88.37466,
     35.671674
    ]
   },
   "properties": {
    "id": "osm-way-1312668693",
    "name": null,
    "source": "osm",
    "status": "verified",
    "confidence": null,
    "hoops": 4,
    "surface": null,
    "lit": null,
    "address": null,
    "region": "tennessee",
    "osm_id": "way/1312668693",
    "updated": "2026-10-08"
   }
  },
  {
   "type": "Feature",
   "geometry": {
    "type": "Point",
    "coordinates": [
     -83.949385,
     35.949956
    ]
   },
   "properties": {
    "id": "osm-way-1312720239",
    "name": null,
    "source": "osm",
    "status": "verified",
    "confidence": null,
    "hoops": null,
    "surface": null,
    "lit": null,
    "address": null,
    "region": "tennessee",
    "osm_id": "way/1312720239",
    "updated": "2026-10-08"
   }
  },
  {
   "type": "Feature",
   "geometry": {
    "type": "Point",
    "coordinates": [
     -83.90697,
     35.973489
    ]
   },
   "properties": {
    "id": "osm-way-1312749736",
    "name": null,
    "source": "osm",
    "status": "verified",
    "confidence": null,
    "hoops": null,
    "surface": "concrete",
    "lit": null,
    "address": null,
    "region": "tennessee",
    "osm_id": "way/1312749736",
    "updated": "2026-10-08"
   }
  },
  {
   "type": "Feature",
   "geometry": {
    "type": "Point",
    "coordinates": [
     -83.906783,
     35.973554
    ]
   },
   "properties": {
    "id": "osm-way-1312749737",
    "name": null,
    "source": "osm",
    "status": "verified",
    "confidence": null,
    "hoops": null,
    "surface": "concrete",
    "lit": null,
    "address": null,
    "region": "tennessee",
    "osm_id": "way/1312749737",
    "updated": "2026-10-08"
   }
  },
  {
   "type": "Feature",
   "geometry": {
    "type": "Point",
    "coordinates": [
     -83.906598,
     35.973618
    ]
   },
   "properties": {
    "id": "osm-way-1312749738",
    "name": null,
    "source": "osm",
    "status": "verified",
    "confidence": null,
    "hoops": null,
    "surface": "concrete",
    "lit": null,
    "address": null,
    "region": "tennessee",
    "osm_id": "way/1312749738",
    "updated": "2026-10-08"
   }
  },
  {
   "type": "Feature",
   "geometry": {
    "type": "Point",
    "coordinates": [
     -85.705702,
     35.001833
    ]
   },
   "properties": {
    "id": "osm-way-1313878837",
    "name": null,
    "source": "osm",
    "status": "verified",
    "confidence": null,
    "hoops": null,
    "surface": null,
    "lit": null,
    "address": null,
    "region": "tennessee",
    "osm_id": "way/1313878837",
    "updated": "2026-10-08"
   }
  },
  {
   "type": "Feature",
   "geometry": {
    "type": "Point",
    "coordinates": [
     -82.658117,
     36.207515
    ]
   },
   "properties": {
    "id": "osm-way-1314418432",
    "name": null,
    "source": "osm",
    "status": "verified",
    "confidence": null,
    "hoops": null,
    "surface": null,
    "lit": null,
    "address": null,
    "region": "tennessee",
    "osm_id": "way/1314418432",
    "updated": "2026-10-08"
   }
  },
  {
   "type": "Feature",
   "geometry": {
    "type": "Point",
    "coordinates": [
     -86.680634,
     35.791095
    ]
   },
   "properties": {
    "id": "osm-way-1316062750",
    "name": null,
    "source": "osm",
    "status": "verified",
    "confidence": null,
    "hoops": null,
    "surface": null,
    "lit": null,
    "address": null,
    "region": "tennessee",
    "osm_id": "way/1316062750",
    "updated": "2026-10-08"
   }
  },
  {
   "type": "Feature",
   "geometry": {
    "type": "Point",
    "coordinates": [
     -86.677032,
     35.83002
    ]
   },
   "properties": {
    "id": "osm-way-1316225875",
    "name": null,
    "source": "osm",
    "status": "verified",
    "confidence": null,
    "hoops": null,
    "surface": null,
    "lit": null,
    "address": null,
    "region": "tennessee",
    "osm_id": "way/1316225875",
    "updated": "2026-10-08"
   }
  },
  {
   "type": "Feature",
   "geometry": {
    "type": "Point",
    "coordinates": [
     -86.788685,
     36.001928
    ]
   },
   "properties": {
    "id": "osm-way-1316564377",
    "name": "Williamson County Indoor Sports Complex",
    "source": "osm",
    "status": "verified",
    "confidence": null,
    "hoops": null,
    "surface": null,
    "lit": null,
    "address": null,
    "region": "tennessee",
    "osm_id": "way/1316564377",
    "updated": "2026-10-08"
   }
  },
  {
   "type": "Feature",
   "geometry": {
    "type": "Point",
    "coordinates": [
     -85.221966,
     35.012768
    ]
   },
   "properties": {
    "id": "osm-way-1316785782",
    "name": "Tacoa Park Half Court",
    "source": "osm",
    "status": "verified",
    "confidence": null,
    "hoops": 1,
    "surface": "asphalt",
    "lit": false,
    "address": null,
    "region": "chattanooga",
    "osm_id": "way/1316785782",
    "updated": "2026-10-08"
   }
  },
  {
   "type": "Feature",
   "geometry": {
    "type": "Point",
    "coordinates": [
     -82.356127,
     36.306705
    ]
   },
   "properties": {
    "id": "osm-way-1318456319",
    "name": null,
    "source": "osm",
    "status": "verified",
    "confidence": null,
    "hoops": 1,
    "surface": "concrete",
    "lit": null,
    "address": null,
    "region": "tennessee",
    "osm_id": "way/1318456319",
    "updated": "2026-10-08"
   }
  },
  {
   "type": "Feature",
   "geometry": {
    "type": "Point",
    "coordinates": [
     -83.880007,
     35.956162
    ]
   },
   "properties": {
    "id": "osm-way-1321940737",
    "name": null,
    "source": "osm",
    "status": "verified",
    "confidence": null,
    "hoops": null,
    "surface": "asphalt",
    "lit": null,
    "address": null,
    "region": "tennessee",
    "osm_id": "way/1321940737",
    "updated": "2026-10-08"
   }
  },
  {
   "type": "Feature",
   "geometry": {
    "type": "Point",
    "coordinates": [
     -84.873578,
     35.14977
    ]
   },
   "properties": {
    "id": "osm-way-1324098465",
    "name": null,
    "source": "osm",
    "status": "verified",
    "confidence": null,
    "hoops": null,
    "surface": null,
    "lit": null,
    "address": null,
    "region": "tennessee",
    "osm_id": "way/1324098465",
    "updated": "2026-10-08"
   }
  },
  {
   "type": "Feature",
   "geometry": {
    "type": "Point",
    "coordinates": [
     -84.190103,
     35.847135
    ]
   },
   "properties": {
    "id": "osm-way-1329202350",
    "name": null,
    "source": "osm",
    "status": "verified",
    "confidence": null,
    "hoops": null,
    "surface": null,
    "lit": null,
    "address": null,
    "region": "tennessee",
    "osm_id": "way/1329202350",
    "updated": "2026-10-08"
   }
  },
  {
   "type": "Feature",
   "geometry": {
    "type": "Point",
    "coordinates": [
     -84.300674,
     35.370708
    ]
   },
   "properties": {
    "id": "osm-way-1329665576",
    "name": null,
    "source": "osm",
    "status": "verified",
    "confidence": null,
    "hoops": null,
    "surface": null,
    "lit": null,
    "address": null,
    "region": "tennessee",
    "osm_id": "way/1329665576",
    "updated": "2026-10-08"
   }
  },
  {
   "type": "Feature",
   "geometry": {
    "type": "Point",
    "coordinates": [
     -84.505251,
     35.855176
    ]
   },
   "properties": {
    "id": "osm-way-1330695373",
    "name": null,
    "source": "osm",
    "status": "verified",
    "confidence": null,
    "hoops": 1,
    "surface": null,
    "lit": null,
    "address": null,
    "region": "tennessee",
    "osm_id": "way/1330695373",
    "updated": "2026-10-08"
   }
  },
  {
   "type": "Feature",
   "geometry": {
    "type": "Point",
    "coordinates": [
     -84.165319,
     35.853074
    ]
   },
   "properties": {
    "id": "osm-way-1332494916",
    "name": null,
    "source": "osm",
    "status": "verified",
    "confidence": null,
    "hoops": null,
    "surface": null,
    "lit": null,
    "address": null,
    "region": "tennessee",
    "osm_id": "way/1332494916",
    "updated": "2026-10-08"
   }
  },
  {
   "type": "Feature",
   "geometry": {
    "type": "Point",
    "coordinates": [
     -84.16549,
     35.853166
    ]
   },
   "properties": {
    "id": "osm-way-1332494917",
    "name": null,
    "source": "osm",
    "status": "verified",
    "confidence": null,
    "hoops": null,
    "surface": null,
    "lit": null,
    "address": null,
    "region": "tennessee",
    "osm_id": "way/1332494917",
    "updated": "2026-10-08"
   }
  },
  {
   "type": "Feature",
   "geometry": {
    "type": "Point",
    "coordinates": [
     -86.863286,
     36.201248
    ]
   },
   "properties": {
    "id": "osm-way-1332719233",
    "name": null,
    "source": "osm",
    "status": "verified",
    "confidence": null,
    "hoops": null,
    "surface": null,
    "lit": null,
    "address": null,
    "region": "tennessee",
    "osm_id": "way/1332719233",
    "updated": "2026-10-08"
   }
  },
  {
   "type": "Feature",
   "geometry": {
    "type": "Point",
    "coordinates": [
     -82.315258,
     36.276401
    ]
   },
   "properties": {
    "id": "osm-way-1333045768",
    "name": null,
    "source": "osm",
    "status": "verified",
    "confidence": null,
    "hoops": null,
    "surface": null,
    "lit": null,
    "address": null,
    "region": "tennessee",
    "osm_id": "way/1333045768",
    "updated": "2026-10-08"
   }
  },
  {
   "type": "Feature",
   "geometry": {
    "type": "Point",
    "coordinates": [
     -85.415154,
     35.342919
    ]
   },
   "properties": {
    "id": "osm-way-1334983185",
    "name": null,
    "source": "osm",
    "status": "verified",
    "confidence": null,
    "hoops": null,
    "surface": null,
    "lit": null,
    "address": null,
    "region": "tennessee",
    "osm_id": "way/1334983185",
    "updated": "2026-10-08"
   }
  },
  {
   "type": "Feature",
   "geometry": {
    "type": "Point",
    "coordinates": [
     -85.468096,
     35.928684
    ]
   },
   "properties": {
    "id": "osm-way-1334983506",
    "name": null,
    "source": "osm",
    "status": "verified",
    "confidence": null,
    "hoops": null,
    "surface": null,
    "lit": null,
    "address": null,
    "region": "tennessee",
    "osm_id": "way/1334983506",
    "updated": "2026-10-08"
   }
  },
  {
   "type": "Feature",
   "geometry": {
    "type": "Point",
    "coordinates": [
     -86.584872,
     36.243846
    ]
   },
   "properties": {
    "id": "osm-way-1334984064",
    "name": null,
    "source": "osm",
    "status": "verified",
    "confidence": null,
    "hoops": null,
    "surface": null,
    "lit": null,
    "address": null,
    "region": "tennessee",
    "osm_id": "way/1334984064",
    "updated": "2026-10-08"
   }
  },
  {
   "type": "Feature",
   "geometry": {
    "type": "Point",
    "coordinates": [
     -83.541377,
     35.778761
    ]
   },
   "properties": {
    "id": "osm-way-1334995372",
    "name": null,
    "source": "osm",
    "status": "verified",
    "confidence": null,
    "hoops": null,
    "surface": null,
    "lit": null,
    "address": null,
    "region": "tennessee",
    "osm_id": "way/1334995372",
    "updated": "2026-10-08"
   }
  },
  {
   "type": "Feature",
   "geometry": {
    "type": "Point",
    "coordinates": [
     -83.541257,
     35.778884
    ]
   },
   "properties": {
    "id": "osm-way-1334995373",
    "name": null,
    "source": "osm",
    "status": "verified",
    "confidence": null,
    "hoops": null,
    "surface": null,
    "lit": null,
    "address": null,
    "region": "tennessee",
    "osm_id": "way/1334995373",
    "updated": "2026-10-08"
   }
  },
  {
   "type": "Feature",
   "geometry": {
    "type": "Point",
    "coordinates": [
     -83.970938,
     35.98488
    ]
   },
   "properties": {
    "id": "osm-way-1334995597",
    "name": null,
    "source": "osm",
    "status": "verified",
    "confidence": null,
    "hoops": null,
    "surface": null,
    "lit": null,
    "address": null,
    "region": "tennessee",
    "osm_id": "way/1334995597",
    "updated": "2026-10-08"
   }
  },
  {
   "type": "Feature",
   "geometry": {
    "type": "Point",
    "coordinates": [
     -83.970748,
     35.984813
    ]
   },
   "properties": {
    "id": "osm-way-1334995598",
    "name": null,
    "source": "osm",
    "status": "verified",
    "confidence": null,
    "hoops": null,
    "surface": null,
    "lit": null,
    "address": null,
    "region": "tennessee",
    "osm_id": "way/1334995598",
    "updated": "2026-10-08"
   }
  },
  {
   "type": "Feature",
   "geometry": {
    "type": "Point",
    "coordinates": [
     -83.622781,
     35.974662
    ]
   },
   "properties": {
    "id": "osm-way-1338309167",
    "name": null,
    "source": "osm",
    "status": "verified",
    "confidence": null,
    "hoops": null,
    "surface": null,
    "lit": null,
    "address": null,
    "region": "tennessee",
    "osm_id": "way/1338309167",
    "updated": "2026-10-08"
   }
  },
  {
   "type": "Feature",
   "geometry": {
    "type": "Point",
    "coordinates": [
     -83.293566,
     36.098428
    ]
   },
   "properties": {
    "id": "osm-way-1338368568",
    "name": null,
    "source": "osm",
    "status": "verified",
    "confidence": null,
    "hoops": null,
    "surface": null,
    "lit": null,
    "address": null,
    "region": "tennessee",
    "osm_id": "way/1338368568",
    "updated": "2026-10-08"
   }
  },
  {
   "type": "Feature",
   "geometry": {
    "type": "Point",
    "coordinates": [
     -83.186805,
     35.978681
    ]
   },
   "properties": {
    "id": "osm-way-1340137617",
    "name": null,
    "source": "osm",
    "status": "verified",
    "confidence": null,
    "hoops": null,
    "surface": null,
    "lit": null,
    "address": null,
    "region": "tennessee",
    "osm_id": "way/1340137617",
    "updated": "2026-10-08"
   }
  },
  {
   "type": "Feature",
   "geometry": {
    "type": "Point",
    "coordinates": [
     -83.297423,
     36.236771
    ]
   },
   "properties": {
    "id": "osm-way-1340151939",
    "name": null,
    "source": "osm",
    "status": "verified",
    "confidence": null,
    "hoops": null,
    "surface": null,
    "lit": null,
    "address": null,
    "region": "tennessee",
    "osm_id": "way/1340151939",
    "updated": "2026-10-08"
   }
  },
  {
   "type": "Feature",
   "geometry": {
    "type": "Point",
    "coordinates": [
     -83.092321,
     36.007991
    ]
   },
   "properties": {
    "id": "osm-way-1341646478",
    "name": null,
    "source": "osm",
    "status": "verified",
    "confidence": null,
    "hoops": null,
    "surface": null,
    "lit": null,
    "address": null,
    "region": "tennessee",
    "osm_id": "way/1341646478",
    "updated": "2026-10-08"
   }
  },
  {
   "type": "Feature",
   "geometry": {
    "type": "Point",
    "coordinates": [
     -87.464122,
     36.640031
    ]
   },
   "properties": {
    "id": "osm-way-1342267113",
    "name": null,
    "source": "osm",
    "status": "verified",
    "confidence": null,
    "hoops": null,
    "surface": null,
    "lit": null,
    "address": null,
    "region": "tennessee",
    "osm_id": "way/1342267113",
    "updated": "2026-10-08"
   }
  },
  {
   "type": "Feature",
   "geometry": {
    "type": "Point",
    "coordinates": [
     -87.464019,
     36.639893
    ]
   },
   "properties": {
    "id": "osm-way-1342267115",
    "name": null,
    "source": "osm",
    "status": "verified",
    "confidence": null,
    "hoops": null,
    "surface": null,
    "lit": null,
    "address": null,
    "region": "tennessee",
    "osm_id": "way/1342267115",
    "updated": "2026-10-08"
   }
  },
  {
   "type": "Feature",
   "geometry": {
    "type": "Point",
    "coordinates": [
     -87.463919,
     36.639753
    ]
   },
   "properties": {
    "id": "osm-way-1342267116",
    "name": null,
    "source": "osm",
    "status": "verified",
    "confidence": null,
    "hoops": null,
    "surface": null,
    "lit": null,
    "address": null,
    "region": "tennessee",
    "osm_id": "way/1342267116",
    "updated": "2026-10-08"
   }
  },
  {
   "type": "Feature",
   "geometry": {
    "type": "Point",
    "coordinates": [
     -87.46381,
     36.639614
    ]
   },
   "properties": {
    "id": "osm-way-1342267117",
    "name": null,
    "source": "osm",
    "status": "verified",
    "confidence": null,
    "hoops": null,
    "surface": null,
    "lit": null,
    "address": null,
    "region": "tennessee",
    "osm_id": "way/1342267117",
    "updated": "2026-10-08"
   }
  },
  {
   "type": "Feature",
   "geometry": {
    "type": "Point",
    "coordinates": [
     -83.901501,
     36.237297
    ]
   },
   "properties": {
    "id": "osm-way-1344349741",
    "name": null,
    "source": "osm",
    "status": "verified",
    "confidence": null,
    "hoops": null,
    "surface": null,
    "lit": null,
    "address": null,
    "region": "tennessee",
    "osm_id": "way/1344349741",
    "updated": "2026-10-08"
   }
  },
  {
   "type": "Feature",
   "geometry": {
    "type": "Point",
    "coordinates": [
     -84.168839,
     35.839373
    ]
   },
   "properties": {
    "id": "osm-way-1344549504",
    "name": null,
    "source": "osm",
    "status": "verified",
    "confidence": null,
    "hoops": null,
    "surface": null,
    "lit": null,
    "address": null,
    "region": "tennessee",
    "osm_id": "way/1344549504",
    "updated": "2026-10-08"
   }
  },
  {
   "type": "Feature",
   "geometry": {
    "type": "Point",
    "coordinates": [
     -84.16892,
     35.83889
    ]
   },
   "properties": {
    "id": "osm-way-1344549508",
    "name": null,
    "source": "osm",
    "status": "verified",
    "confidence": null,
    "hoops": null,
    "surface": null,
    "lit": null,
    "address": null,
    "region": "tennessee",
    "osm_id": "way/1344549508",
    "updated": "2026-10-08"
   }
  },
  {
   "type": "Feature",
   "geometry": {
    "type": "Point",
    "coordinates": [
     -83.977511,
     35.95735
    ]
   },
   "properties": {
    "id": "osm-way-1344931247",
    "name": null,
    "source": "osm",
    "status": "verified",
    "confidence": null,
    "hoops": null,
    "surface": null,
    "lit": null,
    "address": null,
    "region": "tennessee",
    "osm_id": "way/1344931247",
    "updated": "2026-10-08"
   }
  },
  {
   "type": "Feature",
   "geometry": {
    "type": "Point",
    "coordinates": [
     -84.124038,
     36.353009
    ]
   },
   "properties": {
    "id": "osm-way-1347386123",
    "name": null,
    "source": "osm",
    "status": "verified",
    "confidence": null,
    "hoops": null,
    "surface": null,
    "lit": null,
    "address": null,
    "region": "tennessee",
    "osm_id": "way/1347386123",
    "updated": "2026-10-08"
   }
  },
  {
   "type": "Feature",
   "geometry": {
    "type": "Point",
    "coordinates": [
     -83.354934,
     36.030439
    ]
   },
   "properties": {
    "id": "osm-way-1348308710",
    "name": null,
    "source": "osm",
    "status": "verified",
    "confidence": null,
    "hoops": null,
    "surface": null,
    "lit": null,
    "address": null,
    "region": "tennessee",
    "osm_id": "way/1348308710",
    "updated": "2026-10-08"
   }
  },
  {
   "type": "Feature",
   "geometry": {
    "type": "Point",
    "coordinates": [
     -85.948088,
     36.224374
    ]
   },
   "properties": {
    "id": "osm-way-1356245625",
    "name": null,
    "source": "osm",
    "status": "verified",
    "confidence": null,
    "hoops": null,
    "surface": null,
    "lit": null,
    "address": null,
    "region": "tennessee",
    "osm_id": "way/1356245625",
    "updated": "2026-10-08"
   }
  },
  {
   "type": "Feature",
   "geometry": {
    "type": "Point",
    "coordinates": [
     -81.809044,
     36.478498
    ]
   },
   "properties": {
    "id": "osm-way-1357845815",
    "name": null,
    "source": "osm",
    "status": "verified",
    "confidence": null,
    "hoops": null,
    "surface": null,
    "lit": null,
    "address": null,
    "region": "tennessee",
    "osm_id": "way/1357845815",
    "updated": "2026-10-08"
   }
  },
  {
   "type": "Feature",
   "geometry": {
    "type": "Point",
    "coordinates": [
     -87.445785,
     36.622411
    ]
   },
   "properties": {
    "id": "osm-way-1364520380",
    "name": null,
    "source": "osm",
    "status": "verified",
    "confidence": null,
    "hoops": null,
    "surface": null,
    "lit": null,
    "address": null,
    "region": "tennessee",
    "osm_id": "way/1364520380",
    "updated": "2026-10-08"
   }
  },
  {
   "type": "Feature",
   "geometry": {
    "type": "Point",
    "coordinates": [
     -86.410681,
     36.13179
    ]
   },
   "properties": {
    "id": "osm-way-1370753882",
    "name": null,
    "source": "osm",
    "status": "verified",
    "confidence": null,
    "hoops": null,
    "surface": null,
    "lit": null,
    "address": null,
    "region": "tennessee",
    "osm_id": "way/1370753882",
    "updated": "2026-10-08"
   }
  },
  {
   "type": "Feature",
   "geometry": {
    "type": "Point",
    "coordinates": [
     -86.410479,
     36.131764
    ]
   },
   "properties": {
    "id": "osm-way-1370753883",
    "name": null,
    "source": "osm",
    "status": "verified",
    "confidence": null,
    "hoops": null,
    "surface": null,
    "lit": null,
    "address": null,
    "region": "tennessee",
    "osm_id": "way/1370753883",
    "updated": "2026-10-08"
   }
  },
  {
   "type": "Feature",
   "geometry": {
    "type": "Point",
    "coordinates": [
     -84.389313,
     35.021185
    ]
   },
   "properties": {
    "id": "osm-way-1377469401",
    "name": null,
    "source": "osm",
    "status": "verified",
    "confidence": null,
    "hoops": null,
    "surface": null,
    "lit": null,
    "address": null,
    "region": "tennessee",
    "osm_id": "way/1377469401",
    "updated": "2026-10-08"
   }
  },
  {
   "type": "Feature",
   "geometry": {
    "type": "Point",
    "coordinates": [
     -89.641903,
     35.542017
    ]
   },
   "properties": {
    "id": "osm-way-1377802774",
    "name": null,
    "source": "osm",
    "status": "verified",
    "confidence": null,
    "hoops": null,
    "surface": null,
    "lit": null,
    "address": null,
    "region": "tennessee",
    "osm_id": "way/1377802774",
    "updated": "2026-10-08"
   }
  },
  {
   "type": "Feature",
   "geometry": {
    "type": "Point",
    "coordinates": [
     -84.060906,
     35.932919
    ]
   },
   "properties": {
    "id": "osm-way-1377856864",
    "name": null,
    "source": "osm",
    "status": "verified",
    "confidence": null,
    "hoops": 1,
    "surface": null,
    "lit": null,
    "address": null,
    "region": "tennessee",
    "osm_id": "way/1377856864",
    "updated": "2026-10-08"
   }
  },
  {
   "type": "Feature",
   "geometry": {
    "type": "Point",
    "coordinates": [
     -86.787238,
     36.12707
    ]
   },
   "properties": {
    "id": "osm-way-1382798320",
    "name": null,
    "source": "osm",
    "status": "verified",
    "confidence": null,
    "hoops": 4,
    "surface": "asphalt",
    "lit": true,
    "address": null,
    "region": "tennessee",
    "osm_id": "way/1382798320",
    "updated": "2026-10-08"
   }
  },
  {
   "type": "Feature",
   "geometry": {
    "type": "Point",
    "coordinates": [
     -88.295218,
     35.440225
    ]
   },
   "properties": {
    "id": "osm-way-1386880571",
    "name": null,
    "source": "osm",
    "status": "verified",
    "confidence": null,
    "hoops": null,
    "surface": null,
    "lit": null,
    "address": null,
    "region": "tennessee",
    "osm_id": "way/1386880571",
    "updated": "2026-10-08"
   }
  },
  {
   "type": "Feature",
   "geometry": {
    "type": "Point",
    "coordinates": [
     -84.028201,
     35.932626
    ]
   },
   "properties": {
    "id": "osm-way-1391157555",
    "name": null,
    "source": "osm",
    "status": "verified",
    "confidence": null,
    "hoops": null,
    "surface": null,
    "lit": null,
    "address": null,
    "region": "tennessee",
    "osm_id": "way/1391157555",
    "updated": "2026-10-08"
   }
  },
  {
   "type": "Feature",
   "geometry": {
    "type": "Point",
    "coordinates": [
     -84.016037,
     35.939837
    ]
   },
   "properties": {
    "id": "osm-way-1393555353",
    "name": null,
    "source": "osm",
    "status": "verified",
    "confidence": null,
    "hoops": null,
    "surface": null,
    "lit": null,
    "address": null,
    "region": "tennessee",
    "osm_id": "way/1393555353",
    "updated": "2026-10-08"
   }
  },
  {
   "type": "Feature",
   "geometry": {
    "type": "Point",
    "coordinates": [
     -83.997021,
     35.949292
    ]
   },
   "properties": {
    "id": "osm-way-1408621557",
    "name": null,
    "source": "osm",
    "status": "verified",
    "confidence": null,
    "hoops": null,
    "surface": null,
    "lit": null,
    "address": null,
    "region": "tennessee",
    "osm_id": "way/1408621557",
    "updated": "2026-10-08"
   }
  },
  {
   "type": "Feature",
   "geometry": {
    "type": "Point",
    "coordinates": [
     -88.380495,
     35.233165
    ]
   },
   "properties": {
    "id": "osm-way-1411916033",
    "name": null,
    "source": "osm",
    "status": "verified",
    "confidence": null,
    "hoops": null,
    "surface": null,
    "lit": null,
    "address": null,
    "region": "tennessee",
    "osm_id": "way/1411916033",
    "updated": "2026-10-08"
   }
  },
  {
   "type": "Feature",
   "geometry": {
    "type": "Point",
    "coordinates": [
     -83.936334,
     35.938284
    ]
   },
   "properties": {
    "id": "osm-way-1413620179",
    "name": null,
    "source": "osm",
    "status": "verified",
    "confidence": null,
    "hoops": null,
    "surface": null,
    "lit": null,
    "address": null,
    "region": "tennessee",
    "osm_id": "way/1413620179",
    "updated": "2026-10-08"
   }
  },
  {
   "type": "Feature",
   "geometry": {
    "type": "Point",
    "coordinates": [
     -86.766762,
     35.970164
    ]
   },
   "properties": {
    "id": "osm-way-1413867042",
    "name": null,
    "source": "osm",
    "status": "verified",
    "confidence": null,
    "hoops": null,
    "surface": null,
    "lit": null,
    "address": null,
    "region": "tennessee",
    "osm_id": "way/1413867042",
    "updated": "2026-10-08"
   }
  },
  {
   "type": "Feature",
   "geometry": {
    "type": "Point",
    "coordinates": [
     -86.561135,
     35.841278
    ]
   },
   "properties": {
    "id": "osm-way-1415941659",
    "name": null,
    "source": "osm",
    "status": "verified",
    "confidence": null,
    "hoops": null,
    "surface": null,
    "lit": null,
    "address": null,
    "region": "tennessee",
    "osm_id": "way/1415941659",
    "updated": "2026-10-08"
   }
  },
  {
   "type": "Feature",
   "geometry": {
    "type": "Point",
    "coordinates": [
     -86.560986,
     35.84069
    ]
   },
   "properties": {
    "id": "osm-way-1415941660",
    "name": null,
    "source": "osm",
    "status": "verified",
    "confidence": null,
    "hoops": null,
    "surface": null,
    "lit": null,
    "address": null,
    "region": "tennessee",
    "osm_id": "way/1415941660",
    "updated": "2026-10-08"
   }
  },
  {
   "type": "Feature",
   "geometry": {
    "type": "Point",
    "coordinates": [
     -84.176209,
     35.856766
    ]
   },
   "properties": {
    "id": "osm-way-1416351519",
    "name": null,
    "source": "osm",
    "status": "verified",
    "confidence": null,
    "hoops": null,
    "surface": null,
    "lit": null,
    "address": null,
    "region": "tennessee",
    "osm_id": "way/1416351519",
    "updated": "2026-10-08"
   }
  },
  {
   "type": "Feature",
   "geometry": {
    "type": "Point",
    "coordinates": [
     -86.806969,
     35.944665
    ]
   },
   "properties": {
    "id": "osm-way-1416991946",
    "name": null,
    "source": "osm",
    "status": "verified",
    "confidence": null,
    "hoops": null,
    "surface": null,
    "lit": null,
    "address": null,
    "region": "tennessee",
    "osm_id": "way/1416991946",
    "updated": "2026-10-08"
   }
  },
  {
   "type": "Feature",
   "geometry": {
    "type": "Point",
    "coordinates": [
     -86.814761,
     35.924289
    ]
   },
   "properties": {
    "id": "osm-way-1417617440",
    "name": null,
    "source": "osm",
    "status": "verified",
    "confidence": null,
    "hoops": null,
    "surface": null,
    "lit": null,
    "address": null,
    "region": "tennessee",
    "osm_id": "way/1417617440",
    "updated": "2026-10-08"
   }
  },
  {
   "type": "Feature",
   "geometry": {
    "type": "Point",
    "coordinates": [
     -84.917679,
     35.178786
    ]
   },
   "properties": {
    "id": "osm-way-1418820799",
    "name": null,
    "source": "osm",
    "status": "verified",
    "confidence": null,
    "hoops": null,
    "surface": null,
    "lit": null,
    "address": null,
    "region": "tennessee",
    "osm_id": "way/1418820799",
    "updated": "2026-10-08"
   }
  },
  {
   "type": "Feature",
   "geometry": {
    "type": "Point",
    "coordinates": [
     -86.686079,
     35.950739
    ]
   },
   "properties": {
    "id": "osm-way-1422192923",
    "name": null,
    "source": "osm",
    "status": "verified",
    "confidence": null,
    "hoops": null,
    "surface": null,
    "lit": null,
    "address": null,
    "region": "tennessee",
    "osm_id": "way/1422192923",
    "updated": "2026-10-08"
   }
  },
  {
   "type": "Feature",
   "geometry": {
    "type": "Point",
    "coordinates": [
     -88.624274,
     35.441175
    ]
   },
   "properties": {
    "id": "osm-way-1425304545",
    "name": null,
    "source": "osm",
    "status": "verified",
    "confidence": null,
    "hoops": null,
    "surface": null,
    "lit": null,
    "address": null,
    "region": "tennessee",
    "osm_id": "way/1425304545",
    "updated": "2026-10-08"
   }
  },
  {
   "type": "Feature",
   "geometry": {
    "type": "Point",
    "coordinates": [
     -88.624292,
     35.441009
    ]
   },
   "properties": {
    "id": "osm-way-1425304546",
    "name": null,
    "source": "osm",
    "status": "verified",
    "confidence": null,
    "hoops": null,
    "surface": null,
    "lit": null,
    "address": null,
    "region": "tennessee",
    "osm_id": "way/1425304546",
    "updated": "2026-10-08"
   }
  },
  {
   "type": "Feature",
   "geometry": {
    "type": "Point",
    "coordinates": [
     -89.835172,
     35.00797
    ]
   },
   "properties": {
    "id": "osm-way-1426381204",
    "name": null,
    "source": "osm",
    "status": "verified",
    "confidence": null,
    "hoops": null,
    "surface": null,
    "lit": null,
    "address": null,
    "region": "tennessee",
    "osm_id": "way/1426381204",
    "updated": "2026-10-08"
   }
  },
  {
   "type": "Feature",
   "geometry": {
    "type": "Point",
    "coordinates": [
     -89.679135,
     34.998045
    ]
   },
   "properties": {
    "id": "osm-way-1426381438",
    "name": null,
    "source": "osm",
    "status": "verified",
    "confidence": null,
    "hoops": null,
    "surface": null,
    "lit": null,
    "address": null,
    "region": "tennessee",
    "osm_id": "way/1426381438",
    "updated": "2026-10-08"
   }
  },
  {
   "type": "Feature",
   "geometry": {
    "type": "Point",
    "coordinates": [
     -86.575937,
     36.234913
    ]
   },
   "properties": {
    "id": "osm-way-1426382067",
    "name": null,
    "source": "osm",
    "status": "verified",
    "confidence": null,
    "hoops": null,
    "surface": null,
    "lit": null,
    "address": null,
    "region": "tennessee",
    "osm_id": "way/1426382067",
    "updated": "2026-10-08"
   }
  },
  {
   "type": "Feature",
   "geometry": {
    "type": "Point",
    "coordinates": [
     -83.199495,
     35.954158
    ]
   },
   "properties": {
    "id": "osm-way-1428362594",
    "name": null,
    "source": "osm",
    "status": "verified",
    "confidence": null,
    "hoops": null,
    "surface": null,
    "lit": null,
    "address": null,
    "region": "tennessee",
    "osm_id": "way/1428362594",
    "updated": "2026-10-08"
   }
  },
  {
   "type": "Feature",
   "geometry": {
    "type": "Point",
    "coordinates": [
     -84.242654,
     36.005907
    ]
   },
   "properties": {
    "id": "osm-way-1430659577",
    "name": null,
    "source": "osm",
    "status": "verified",
    "confidence": null,
    "hoops": 0,
    "surface": "asphalt",
    "lit": false,
    "address": null,
    "region": "tennessee",
    "osm_id": "way/1430659577",
    "updated": "2026-10-08"
   }
  },
  {
   "type": "Feature",
   "geometry": {
    "type": "Point",
    "coordinates": [
     -84.242489,
     35.962752
    ]
   },
   "properties": {
    "id": "osm-way-1430870012",
    "name": null,
    "source": "osm",
    "status": "verified",
    "confidence": null,
    "hoops": 2,
    "surface": "asphalt",
    "lit": false,
    "address": null,
    "region": "tennessee",
    "osm_id": "way/1430870012",
    "updated": "2026-10-08"
   }
  },
  {
   "type": "Feature",
   "geometry": {
    "type": "Point",
    "coordinates": [
     -83.995911,
     35.919989
    ]
   },
   "properties": {
    "id": "osm-way-1435510896",
    "name": null,
    "source": "osm",
    "status": "verified",
    "confidence": null,
    "hoops": null,
    "surface": null,
    "lit": null,
    "address": null,
    "region": "tennessee",
    "osm_id": "way/1435510896",
    "updated": "2026-10-08"
   }
  },
  {
   "type": "Feature",
   "geometry": {
    "type": "Point",
    "coordinates": [
     -86.564847,
     36.021794
    ]
   },
   "properties": {
    "id": "osm-way-1436190586",
    "name": null,
    "source": "osm",
    "status": "verified",
    "confidence": null,
    "hoops": 4,
    "surface": "concrete",
    "lit": true,
    "address": null,
    "region": "tennessee",
    "osm_id": "way/1436190586",
    "updated": "2026-10-08"
   }
  },
  {
   "type": "Feature",
   "geometry": {
    "type": "Point",
    "coordinates": [
     -87.689623,
     35.832162
    ]
   },
   "properties": {
    "id": "osm-way-1441683657",
    "name": null,
    "source": "osm",
    "status": "verified",
    "confidence": null,
    "hoops": null,
    "surface": "asphalt",
    "lit": null,
    "address": null,
    "region": "tennessee",
    "osm_id": "way/1441683657",
    "updated": "2026-10-08"
   }
  },
  {
   "type": "Feature",
   "geometry": {
    "type": "Point",
    "coordinates": [
     -87.687505,
     35.831336
    ]
   },
   "properties": {
    "id": "osm-way-1441688655",
    "name": null,
    "source": "osm",
    "status": "verified",
    "confidence": null,
    "hoops": null,
    "surface": null,
    "lit": null,
    "address": null,
    "region": "tennessee",
    "osm_id": "way/1441688655",
    "updated": "2026-10-08"
   }
  },
  {
   "type": "Feature",
   "geometry": {
    "type": "Point",
    "coordinates": [
     -87.689654,
     35.828672
    ]
   },
   "properties": {
    "id": "osm-way-1441693344",
    "name": null,
    "source": "osm",
    "status": "verified",
    "confidence": null,
    "hoops": null,
    "surface": null,
    "lit": null,
    "address": null,
    "region": "tennessee",
    "osm_id": "way/1441693344",
    "updated": "2026-10-08"
   }
  },
  {
   "type": "Feature",
   "geometry": {
    "type": "Point",
    "coordinates": [
     -89.192594,
     36.260605
    ]
   },
   "properties": {
    "id": "osm-way-1442182120",
    "name": null,
    "source": "osm",
    "status": "verified",
    "confidence": null,
    "hoops": null,
    "surface": null,
    "lit": null,
    "address": null,
    "region": "tennessee",
    "osm_id": "way/1442182120",
    "updated": "2026-10-08"
   }
  },
  {
   "type": "Feature",
   "geometry": {
    "type": "Point",
    "coordinates": [
     -86.58035,
     35.960597
    ]
   },
   "properties": {
    "id": "osm-way-1442197593",
    "name": null,
    "source": "osm",
    "status": "verified",
    "confidence": null,
    "hoops": null,
    "surface": null,
    "lit": null,
    "address": null,
    "region": "tennessee",
    "osm_id": "way/1442197593",
    "updated": "2026-10-08"
   }
  },
  {
   "type": "Feature",
   "geometry": {
    "type": "Point",
    "coordinates": [
     -88.527849,
     36.133242
    ]
   },
   "properties": {
    "id": "osm-way-1442203286",
    "name": null,
    "source": "osm",
    "status": "verified",
    "confidence": null,
    "hoops": null,
    "surface": null,
    "lit": null,
    "address": null,
    "region": "tennessee",
    "osm_id": "way/1442203286",
    "updated": "2026-10-08"
   }
  },
  {
   "type": "Feature",
   "geometry": {
    "type": "Point",
    "coordinates": [
     -88.90717,
     36.492588
    ]
   },
   "properties": {
    "id": "osm-way-1443798453",
    "name": null,
    "source": "osm",
    "status": "verified",
    "confidence": null,
    "hoops": null,
    "surface": null,
    "lit": null,
    "address": null,
    "region": "tennessee",
    "osm_id": "way/1443798453",
    "updated": "2026-10-08"
   }
  },
  {
   "type": "Feature",
   "geometry": {
    "type": "Point",
    "coordinates": [
     -89.384044,
     36.089643
    ]
   },
   "properties": {
    "id": "osm-way-1446969738",
    "name": null,
    "source": "osm",
    "status": "verified",
    "confidence": null,
    "hoops": null,
    "surface": null,
    "lit": null,
    "address": null,
    "region": "tennessee",
    "osm_id": "way/1446969738",
    "updated": "2026-10-08"
   }
  },
  {
   "type": "Feature",
   "geometry": {
    "type": "Point",
    "coordinates": [
     -83.848708,
     36.117875
    ]
   },
   "properties": {
    "id": "osm-way-1447241632",
    "name": "Damon Patterson Pavillion",
    "source": "osm",
    "status": "verified",
    "confidence": null,
    "hoops": null,
    "surface": null,
    "lit": null,
    "address": null,
    "region": "tennessee",
    "osm_id": "way/1447241632",
    "updated": "2026-10-08"
   }
  },
  {
   "type": "Feature",
   "geometry": {
    "type": "Point",
    "coordinates": [
     -89.024228,
     35.273476
    ]
   },
   "properties": {
    "id": "osm-way-1447527181",
    "name": null,
    "source": "osm",
    "status": "verified",
    "confidence": null,
    "hoops": null,
    "surface": null,
    "lit": null,
    "address": null,
    "region": "tennessee",
    "osm_id": "way/1447527181",
    "updated": "2026-10-08"
   }
  },
  {
   "type": "Feature",
   "geometry": {
    "type": "Point",
    "coordinates": [
     -82.541693,
     36.534726
    ]
   },
   "properties": {
    "id": "osm-way-1450313571",
    "name": null,
    "source": "osm",
    "status": "verified",
    "confidence": null,
    "hoops": null,
    "surface": null,
    "lit": null,
    "address": null,
    "region": "tennessee",
    "osm_id": "way/1450313571",
    "updated": "2026-10-08"
   }
  },
  {
   "type": "Feature",
   "geometry": {
    "type": "Point",
    "coordinates": [
     -86.631718,
     36.263427
    ]
   },
   "properties": {
    "id": "osm-way-1456611226",
    "name": null,
    "source": "osm",
    "status": "verified",
    "confidence": null,
    "hoops": 2,
    "surface": null,
    "lit": null,
    "address": null,
    "region": "tennessee",
    "osm_id": "way/1456611226",
    "updated": "2026-10-08"
   }
  },
  {
   "type": "Feature",
   "geometry": {
    "type": "Point",
    "coordinates": [
     -86.630366,
     36.264307
    ]
   },
   "properties": {
    "id": "osm-way-1456611228",
    "name": null,
    "source": "osm",
    "status": "verified",
    "confidence": null,
    "hoops": 2,
    "surface": null,
    "lit": null,
    "address": null,
    "region": "tennessee",
    "osm_id": "way/1456611228",
    "updated": "2026-10-08"
   }
  },
  {
   "type": "Feature",
   "geometry": {
    "type": "Point",
    "coordinates": [
     -86.622567,
     36.323746
    ]
   },
   "properties": {
    "id": "osm-way-1456913957",
    "name": null,
    "source": "osm",
    "status": "verified",
    "confidence": null,
    "hoops": null,
    "surface": null,
    "lit": null,
    "address": null,
    "region": "tennessee",
    "osm_id": "way/1456913957",
    "updated": "2026-10-08"
   }
  },
  {
   "type": "Feature",
   "geometry": {
    "type": "Point",
    "coordinates": [
     -82.681998,
     36.496809
    ]
   },
   "properties": {
    "id": "osm-way-1459951155",
    "name": null,
    "source": "osm",
    "status": "verified",
    "confidence": null,
    "hoops": null,
    "surface": null,
    "lit": null,
    "address": null,
    "region": "tennessee",
    "osm_id": "way/1459951155",
    "updated": "2026-10-08"
   }
  },
  {
   "type": "Feature",
   "geometry": {
    "type": "Point",
    "coordinates": [
     -89.556381,
     35.745787
    ]
   },
   "properties": {
    "id": "osm-way-1462396982",
    "name": null,
    "source": "osm",
    "status": "verified",
    "confidence": null,
    "hoops": null,
    "surface": null,
    "lit": null,
    "address": null,
    "region": "tennessee",
    "osm_id": "way/1462396982",
    "updated": "2026-10-08"
   }
  },
  {
   "type": "Feature",
   "geometry": {
    "type": "Point",
    "coordinates": [
     -83.594926,
     35.796525
    ]
   },
   "properties": {
    "id": "osm-way-1463535108",
    "name": null,
    "source": "osm",
    "status": "verified",
    "confidence": null,
    "hoops": 1,
    "surface": null,
    "lit": null,
    "address": null,
    "region": "tennessee",
    "osm_id": "way/1463535108",
    "updated": "2026-10-08"
   }
  },
  {
   "type": "Feature",
   "geometry": {
    "type": "Point",
    "coordinates": [
     -84.071518,
     35.945793
    ]
   },
   "properties": {
    "id": "osm-way-1464145983",
    "name": null,
    "source": "osm",
    "status": "verified",
    "confidence": null,
    "hoops": null,
    "surface": null,
    "lit": null,
    "address": null,
    "region": "tennessee",
    "osm_id": "way/1464145983",
    "updated": "2026-10-08"
   }
  },
  {
   "type": "Feature",
   "geometry": {
    "type": "Point",
    "coordinates": [
     -88.119676,
     36.052867
    ]
   },
   "properties": {
    "id": "osm-way-1464439976",
    "name": null,
    "source": "osm",
    "status": "verified",
    "confidence": null,
    "hoops": null,
    "surface": null,
    "lit": null,
    "address": null,
    "region": "tennessee",
    "osm_id": "way/1464439976",
    "updated": "2026-10-08"
   }
  },
  {
   "type": "Feature",
   "geometry": {
    "type": "Point",
    "coordinates": [
     -88.426589,
     36.004335
    ]
   },
   "properties": {
    "id": "osm-way-1464456775",
    "name": null,
    "source": "osm",
    "status": "verified",
    "confidence": null,
    "hoops": null,
    "surface": null,
    "lit": null,
    "address": null,
    "region": "tennessee",
    "osm_id": "way/1464456775",
    "updated": "2026-10-08"
   }
  },
  {
   "type": "Feature",
   "geometry": {
    "type": "Point",
    "coordinates": [
     -88.42677,
     36.004325
    ]
   },
   "properties": {
    "id": "osm-way-1464456776",
    "name": null,
    "source": "osm",
    "status": "verified",
    "confidence": null,
    "hoops": null,
    "surface": null,
    "lit": null,
    "address": null,
    "region": "tennessee",
    "osm_id": "way/1464456776",
    "updated": "2026-10-08"
   }
  },
  {
   "type": "Feature",
   "geometry": {
    "type": "Point",
    "coordinates": [
     -87.962569,
     36.026326
    ]
   },
   "properties": {
    "id": "osm-way-1464918070",
    "name": null,
    "source": "osm",
    "status": "verified",
    "confidence": null,
    "hoops": null,
    "surface": null,
    "lit": null,
    "address": null,
    "region": "tennessee",
    "osm_id": "way/1464918070",
    "updated": "2026-10-08"
   }
  },
  {
   "type": "Feature",
   "geometry": {
    "type": "Point",
    "coordinates": [
     -87.96253,
     36.026224
    ]
   },
   "properties": {
    "id": "osm-way-1464918071",
    "name": null,
    "source": "osm",
    "status": "verified",
    "confidence": null,
    "hoops": null,
    "surface": null,
    "lit": null,
    "address": null,
    "region": "tennessee",
    "osm_id": "way/1464918071",
    "updated": "2026-10-08"
   }
  },
  {
   "type": "Feature",
   "geometry": {
    "type": "Point",
    "coordinates": [
     -89.776498,
     35.084948
    ]
   },
   "properties": {
    "id": "osm-way-1465103887",
    "name": null,
    "source": "osm",
    "status": "verified",
    "confidence": null,
    "hoops": 1,
    "surface": "concrete",
    "lit": null,
    "address": null,
    "region": "tennessee",
    "osm_id": "way/1465103887",
    "updated": "2026-10-08"
   }
  },
  {
   "type": "Feature",
   "geometry": {
    "type": "Point",
    "coordinates": [
     -89.777573,
     35.093523
    ]
   },
   "properties": {
    "id": "osm-way-1465108629",
    "name": null,
    "source": "osm",
    "status": "verified",
    "confidence": null,
    "hoops": 2,
    "surface": "concrete",
    "lit": null,
    "address": null,
    "region": "tennessee",
    "osm_id": "way/1465108629",
    "updated": "2026-10-08"
   }
  },
  {
   "type": "Feature",
   "geometry": {
    "type": "Point",
    "coordinates": [
     -89.913323,
     35.141021
    ]
   },
   "properties": {
    "id": "osm-way-1465314205",
    "name": null,
    "source": "osm",
    "status": "verified",
    "confidence": null,
    "hoops": null,
    "surface": null,
    "lit": null,
    "address": null,
    "region": "tennessee",
    "osm_id": "way/1465314205",
    "updated": "2026-10-08"
   }
  },
  {
   "type": "Feature",
   "geometry": {
    "type": "Point",
    "coordinates": [
     -86.930213,
     35.707162
    ]
   },
   "properties": {
    "id": "osm-way-1466599549",
    "name": null,
    "source": "osm",
    "status": "verified",
    "confidence": null,
    "hoops": null,
    "surface": null,
    "lit": null,
    "address": null,
    "region": "tennessee",
    "osm_id": "way/1466599549",
    "updated": "2026-10-08"
   }
  },
  {
   "type": "Feature",
   "geometry": {
    "type": "Point",
    "coordinates": [
     -89.75791,
     35.058064
    ]
   },
   "properties": {
    "id": "osm-way-1466810593",
    "name": null,
    "source": "osm",
    "status": "verified",
    "confidence": null,
    "hoops": 2,
    "surface": "concrete",
    "lit": null,
    "address": null,
    "region": "tennessee",
    "osm_id": "way/1466810593",
    "updated": "2026-10-08"
   }
  },
  {
   "type": "Feature",
   "geometry": {
    "type": "Point",
    "coordinates": [
     -89.220413,
     35.815142
    ]
   },
   "properties": {
    "id": "osm-way-1469878490",
    "name": null,
    "source": "osm",
    "status": "verified",
    "confidence": null,
    "hoops": null,
    "surface": null,
    "lit": null,
    "address": null,
    "region": "tennessee",
    "osm_id": "way/1469878490",
    "updated": "2026-10-08"
   }
  },
  {
   "type": "Feature",
   "geometry": {
    "type": "Point",
    "coordinates": [
     -89.743937,
     35.670913
    ]
   },
   "properties": {
    "id": "osm-way-1469896755",
    "name": null,
    "source": "osm",
    "status": "verified",
    "confidence": null,
    "hoops": null,
    "surface": null,
    "lit": null,
    "address": null,
    "region": "tennessee",
    "osm_id": "way/1469896755",
    "updated": "2026-10-08"
   }
  },
  {
   "type": "Feature",
   "geometry": {
    "type": "Point",
    "coordinates": [
     -89.744158,
     35.668841
    ]
   },
   "properties": {
    "id": "osm-way-1469896759",
    "name": null,
    "source": "osm",
    "status": "verified",
    "confidence": null,
    "hoops": null,
    "surface": null,
    "lit": null,
    "address": null,
    "region": "tennessee",
    "osm_id": "way/1469896759",
    "updated": "2026-10-08"
   }
  },
  {
   "type": "Feature",
   "geometry": {
    "type": "Point",
    "coordinates": [
     -89.743378,
     35.669835
    ]
   },
   "properties": {
    "id": "osm-way-1469896760",
    "name": null,
    "source": "osm",
    "status": "verified",
    "confidence": null,
    "hoops": null,
    "surface": null,
    "lit": null,
    "address": null,
    "region": "tennessee",
    "osm_id": "way/1469896760",
    "updated": "2026-10-08"
   }
  },
  {
   "type": "Feature",
   "geometry": {
    "type": "Point",
    "coordinates": [
     -89.750681,
     35.669535
    ]
   },
   "properties": {
    "id": "osm-way-1469896775",
    "name": null,
    "source": "osm",
    "status": "verified",
    "confidence": null,
    "hoops": null,
    "surface": null,
    "lit": null,
    "address": null,
    "region": "tennessee",
    "osm_id": "way/1469896775",
    "updated": "2026-10-08"
   }
  },
  {
   "type": "Feature",
   "geometry": {
    "type": "Point",
    "coordinates": [
     -89.74404,
     35.672018
    ]
   },
   "properties": {
    "id": "osm-way-1469896776",
    "name": null,
    "source": "osm",
    "status": "verified",
    "confidence": null,
    "hoops": null,
    "surface": null,
    "lit": null,
    "address": null,
    "region": "tennessee",
    "osm_id": "way/1469896776",
    "updated": "2026-10-08"
   }
  },
  {
   "type": "Feature",
   "geometry": {
    "type": "Point",
    "coordinates": [
     -87.651817,
     36.109874
    ]
   },
   "properties": {
    "id": "osm-way-1476328147",
    "name": null,
    "source": "osm",
    "status": "verified",
    "confidence": null,
    "hoops": 2,
    "surface": null,
    "lit": null,
    "address": null,
    "region": "tennessee",
    "osm_id": "way/1476328147",
    "updated": "2026-10-08"
   }
  },
  {
   "type": "Feature",
   "geometry": {
    "type": "Point",
    "coordinates": [
     -84.57973,
     35.42778
    ]
   },
   "properties": {
    "id": "osm-way-1477325209",
    "name": null,
    "source": "osm",
    "status": "verified",
    "confidence": null,
    "hoops": null,
    "surface": null,
    "lit": null,
    "address": null,
    "region": "tennessee",
    "osm_id": "way/1477325209",
    "updated": "2026-10-08"
   }
  },
  {
   "type": "Feature",
   "geometry": {
    "type": "Point",
    "coordinates": [
     -89.194867,
     35.043187
    ]
   },
   "properties": {
    "id": "osm-way-1477864926",
    "name": null,
    "source": "osm",
    "status": "verified",
    "confidence": null,
    "hoops": null,
    "surface": null,
    "lit": null,
    "address": null,
    "region": "tennessee",
    "osm_id": "way/1477864926",
    "updated": "2026-10-08"
   }
  },
  {
   "type": "Feature",
   "geometry": {
    "type": "Point",
    "coordinates": [
     -82.840198,
     36.149532
    ]
   },
   "properties": {
    "id": "osm-way-1478427532",
    "name": null,
    "source": "osm",
    "status": "verified",
    "confidence": null,
    "hoops": 2,
    "surface": null,
    "lit": true,
    "address": null,
    "region": "tennessee",
    "osm_id": "way/1478427532",
    "updated": "2026-10-08"
   }
  },
  {
   "type": "Feature",
   "geometry": {
    "type": "Point",
    "coordinates": [
     -86.841926,
     35.913186
    ]
   },
   "properties": {
    "id": "osm-way-1482062453",
    "name": null,
    "source": "osm",
    "status": "verified",
    "confidence": null,
    "hoops": null,
    "surface": null,
    "lit": null,
    "address": null,
    "region": "tennessee",
    "osm_id": "way/1482062453",
    "updated": "2026-10-08"
   }
  },
  {
   "type": "Feature",
   "geometry": {
    "type": "Point",
    "coordinates": [
     -89.260623,
     36.118902
    ]
   },
   "properties": {
    "id": "osm-way-1482967557",
    "name": null,
    "source": "osm",
    "status": "verified",
    "confidence": null,
    "hoops": null,
    "surface": null,
    "lit": null,
    "address": null,
    "region": "tennessee",
    "osm_id": "way/1482967557",
    "updated": "2026-10-08"
   }
  },
  {
   "type": "Feature",
   "geometry": {
    "type": "Point",
    "coordinates": [
     -82.307428,
     36.417839
    ]
   },
   "properties": {
    "id": "osm-way-1483059063",
    "name": null,
    "source": "osm",
    "status": "verified",
    "confidence": null,
    "hoops": null,
    "surface": null,
    "lit": null,
    "address": null,
    "region": "tennessee",
    "osm_id": "way/1483059063",
    "updated": "2026-10-08"
   }
  },
  {
   "type": "Feature",
   "geometry": {
    "type": "Point",
    "coordinates": [
     -88.851893,
     36.3435
    ]
   },
   "properties": {
    "id": "osm-way-1484091256",
    "name": null,
    "source": "osm",
    "status": "verified",
    "confidence": null,
    "hoops": null,
    "surface": null,
    "lit": null,
    "address": null,
    "region": "tennessee",
    "osm_id": "way/1484091256",
    "updated": "2026-10-08"
   }
  },
  {
   "type": "Feature",
   "geometry": {
    "type": "Point",
    "coordinates": [
     -86.475902,
     36.164455
    ]
   },
   "properties": {
    "id": "osm-way-1484110884",
    "name": null,
    "source": "osm",
    "status": "verified",
    "confidence": null,
    "hoops": 1,
    "surface": null,
    "lit": null,
    "address": null,
    "region": "tennessee",
    "osm_id": "way/1484110884",
    "updated": "2026-10-08"
   }
  },
  {
   "type": "Feature",
   "geometry": {
    "type": "Point",
    "coordinates": [
     -86.947323,
     36.074823
    ]
   },
   "properties": {
    "id": "osm-way-1484191204",
    "name": null,
    "source": "osm",
    "status": "verified",
    "confidence": null,
    "hoops": null,
    "surface": null,
    "lit": null,
    "address": null,
    "region": "tennessee",
    "osm_id": "way/1484191204",
    "updated": "2026-10-08"
   }
  },
  {
   "type": "Feature",
   "geometry": {
    "type": "Point",
    "coordinates": [
     -85.344605,
     35.130284
    ]
   },
   "properties": {
    "id": "osm-way-1486702587",
    "name": null,
    "source": "osm",
    "status": "verified",
    "confidence": null,
    "hoops": null,
    "surface": null,
    "lit": null,
    "address": null,
    "region": "chattanooga",
    "osm_id": "way/1486702587",
    "updated": "2026-10-08"
   }
  },
  {
   "type": "Feature",
   "geometry": {
    "type": "Point",
    "coordinates": [
     -88.517843,
     36.149754
    ]
   },
   "properties": {
    "id": "osm-way-1487798086",
    "name": null,
    "source": "osm",
    "status": "verified",
    "confidence": null,
    "hoops": null,
    "surface": null,
    "lit": null,
    "address": null,
    "region": "tennessee",
    "osm_id": "way/1487798086",
    "updated": "2026-10-08"
   }
  },
  {
   "type": "Feature",
   "geometry": {
    "type": "Point",
    "coordinates": [
     -88.517847,
     36.149589
    ]
   },
   "properties": {
    "id": "osm-way-1487798087",
    "name": null,
    "source": "osm",
    "status": "verified",
    "confidence": null,
    "hoops": null,
    "surface": null,
    "lit": null,
    "address": null,
    "region": "tennessee",
    "osm_id": "way/1487798087",
    "updated": "2026-10-08"
   }
  },
  {
   "type": "Feature",
   "geometry": {
    "type": "Point",
    "coordinates": [
     -82.633929,
     36.170133
    ]
   },
   "properties": {
    "id": "osm-way-1493200207",
    "name": null,
    "source": "osm",
    "status": "verified",
    "confidence": null,
    "hoops": 2,
    "surface": null,
    "lit": null,
    "address": null,
    "region": "tennessee",
    "osm_id": "way/1493200207",
    "updated": "2026-10-08"
   }
  },
  {
   "type": "Feature",
   "geometry": {
    "type": "Point",
    "coordinates": [
     -84.0451,
     36.022216
    ]
   },
   "properties": {
    "id": "osm-way-1493544556",
    "name": null,
    "source": "osm",
    "status": "verified",
    "confidence": null,
    "hoops": null,
    "surface": null,
    "lit": null,
    "address": null,
    "region": "tennessee",
    "osm_id": "way/1493544556",
    "updated": "2026-10-08"
   }
  },
  {
   "type": "Feature",
   "geometry": {
    "type": "Point",
    "coordinates": [
     -82.272165,
     36.463892
    ]
   },
   "properties": {
    "id": "osm-way-1497465445",
    "name": null,
    "source": "osm",
    "status": "verified",
    "confidence": null,
    "hoops": null,
    "surface": null,
    "lit": null,
    "address": null,
    "region": "tennessee",
    "osm_id": "way/1497465445",
    "updated": "2026-10-08"
   }
  },
  {
   "type": "Feature",
   "geometry": {
    "type": "Point",
    "coordinates": [
     -84.056616,
     35.958016
    ]
   },
   "properties": {
    "id": "osm-way-1499385069",
    "name": null,
    "source": "osm",
    "status": "verified",
    "confidence": null,
    "hoops": null,
    "surface": null,
    "lit": null,
    "address": null,
    "region": "tennessee",
    "osm_id": "way/1499385069",
    "updated": "2026-10-08"
   }
  },
  {
   "type": "Feature",
   "geometry": {
    "type": "Point",
    "coordinates": [
     -89.542365,
     35.039179
    ]
   },
   "properties": {
    "id": "osm-way-1499791441",
    "name": null,
    "source": "osm",
    "status": "verified",
    "confidence": null,
    "hoops": null,
    "surface": null,
    "lit": null,
    "address": null,
    "region": "tennessee",
    "osm_id": "way/1499791441",
    "updated": "2026-10-08"
   }
  },
  {
   "type": "Feature",
   "geometry": {
    "type": "Point",
    "coordinates": [
     -84.097786,
     35.945333
    ]
   },
   "properties": {
    "id": "osm-way-1500977926",
    "name": null,
    "source": "osm",
    "status": "verified",
    "confidence": null,
    "hoops": null,
    "surface": null,
    "lit": null,
    "address": null,
    "region": "tennessee",
    "osm_id": "way/1500977926",
    "updated": "2026-10-08"
   }
  },
  {
   "type": "Feature",
   "geometry": {
    "type": "Point",
    "coordinates": [
     -89.45246,
     36.415797
    ]
   },
   "properties": {
    "id": "osm-way-1501952646",
    "name": null,
    "source": "osm",
    "status": "verified",
    "confidence": null,
    "hoops": null,
    "surface": null,
    "lit": null,
    "address": null,
    "region": "tennessee",
    "osm_id": "way/1501952646",
    "updated": "2026-10-08"
   }
  },
  {
   "type": "Feature",
   "geometry": {
    "type": "Point",
    "coordinates": [
     -85.262085,
     35.052839
    ]
   },
   "properties": {
    "id": "osm-way-1503462833",
    "name": null,
    "source": "osm",
    "status": "verified",
    "confidence": null,
    "hoops": null,
    "surface": null,
    "lit": null,
    "address": null,
    "region": "chattanooga",
    "osm_id": "way/1503462833",
    "updated": "2026-10-08"
   }
  },
  {
   "type": "Feature",
   "geometry": {
    "type": "Point",
    "coordinates": [
     -85.266111,
     35.052436
    ]
   },
   "properties": {
    "id": "osm-way-1503462844",
    "name": null,
    "source": "osm",
    "status": "verified",
    "confidence": null,
    "hoops": null,
    "surface": null,
    "lit": null,
    "address": null,
    "region": "chattanooga",
    "osm_id": "way/1503462844",
    "updated": "2026-10-08"
   }
  },
  {
   "type": "Feature",
   "geometry": {
    "type": "Point",
    "coordinates": [
     -84.881793,
     36.379716
    ]
   },
   "properties": {
    "id": "osm-way-1503646405",
    "name": null,
    "source": "osm",
    "status": "verified",
    "confidence": null,
    "hoops": null,
    "surface": null,
    "lit": null,
    "address": null,
    "region": "tennessee",
    "osm_id": "way/1503646405",
    "updated": "2026-10-08"
   }
  },
  {
   "type": "Feature",
   "geometry": {
    "type": "Point",
    "coordinates": [
     -89.351216,
     36.377797
    ]
   },
   "properties": {
    "id": "osm-way-1505945990",
    "name": null,
    "source": "osm",
    "status": "verified",
    "confidence": null,
    "hoops": null,
    "surface": null,
    "lit": null,
    "address": null,
    "region": "tennessee",
    "osm_id": "way/1505945990",
    "updated": "2026-10-08"
   }
  },
  {
   "type": "Feature",
   "geometry": {
    "type": "Point",
    "coordinates": [
     -85.925066,
     35.196089
    ]
   },
   "properties": {
    "id": "osm-way-1509987130",
    "name": null,
    "source": "osm",
    "status": "verified",
    "confidence": null,
    "hoops": null,
    "surface": null,
    "lit": null,
    "address": null,
    "region": "tennessee",
    "osm_id": "way/1509987130",
    "updated": "2026-10-08"
   }
  },
  {
   "type": "Feature",
   "geometry": {
    "type": "Point",
    "coordinates": [
     -83.170262,
     35.956007
    ]
   },
   "properties": {
    "id": "osm-way-1512529780",
    "name": null,
    "source": "osm",
    "status": "verified",
    "confidence": null,
    "hoops": 1,
    "surface": null,
    "lit": null,
    "address": null,
    "region": "tennessee",
    "osm_id": "way/1512529780",
    "updated": "2026-10-08"
   }
  },
  {
   "type": "Feature",
   "geometry": {
    "type": "Point",
    "coordinates": [
     -85.004577,
     35.924596
    ]
   },
   "properties": {
    "id": "osm-way-1512630981",
    "name": null,
    "source": "osm",
    "status": "verified",
    "confidence": null,
    "hoops": null,
    "surface": null,
    "lit": null,
    "address": null,
    "region": "tennessee",
    "osm_id": "way/1512630981",
    "updated": "2026-10-08"
   }
  },
  {
   "type": "Feature",
   "geometry": {
    "type": "Point",
    "coordinates": [
     -86.931368,
     35.769056
    ]
   },
   "properties": {
    "id": "osm-way-1514559112",
    "name": null,
    "source": "osm",
    "status": "verified",
    "confidence": null,
    "hoops": null,
    "surface": null,
    "lit": null,
    "address": null,
    "region": "tennessee",
    "osm_id": "way/1514559112",
    "updated": "2026-10-08"
   }
  },
  {
   "type": "Feature",
   "geometry": {
    "type": "Point",
    "coordinates": [
     -84.24496,
     36.012689
    ]
   },
   "properties": {
    "id": "osm-way-1517824309",
    "name": null,
    "source": "osm",
    "status": "verified",
    "confidence": null,
    "hoops": 2,
    "surface": "asphalt",
    "lit": false,
    "address": null,
    "region": "tennessee",
    "osm_id": "way/1517824309",
    "updated": "2026-10-08"
   }
  },
  {
   "type": "Feature",
   "geometry": {
    "type": "Point",
    "coordinates": [
     -84.244282,
     36.011479
    ]
   },
   "properties": {
    "id": "osm-way-1517824320",
    "name": null,
    "source": "osm",
    "status": "verified",
    "confidence": null,
    "hoops": 2,
    "surface": "asphalt",
    "lit": null,
    "address": null,
    "region": "tennessee",
    "osm_id": "way/1517824320",
    "updated": "2026-10-08"
   }
  },
  {
   "type": "Feature",
   "geometry": {
    "type": "Point",
    "coordinates": [
     -84.229557,
     36.018858
    ]
   },
   "properties": {
    "id": "osm-way-1520372291",
    "name": null,
    "source": "osm",
    "status": "verified",
    "confidence": null,
    "hoops": 2,
    "surface": "asphalt",
    "lit": null,
    "address": null,
    "region": "tennessee",
    "osm_id": "way/1520372291",
    "updated": "2026-10-08"
   }
  },
  {
   "type": "Feature",
   "geometry": {
    "type": "Point",
    "coordinates": [
     -88.806232,
     35.644306
    ]
   },
   "properties": {
    "id": "osm-way-1522865918",
    "name": null,
    "source": "osm",
    "status": "verified",
    "confidence": null,
    "hoops": null,
    "surface": null,
    "lit": null,
    "address": null,
    "region": "tennessee",
    "osm_id": "way/1522865918",
    "updated": "2026-10-08"
   }
  },
  {
   "type": "Feature",
   "geometry": {
    "type": "Point",
    "coordinates": [
     -88.806432,
     35.6443
    ]
   },
   "properties": {
    "id": "osm-way-1522865919",
    "name": null,
    "source": "osm",
    "status": "verified",
    "confidence": null,
    "hoops": null,
    "surface": null,
    "lit": null,
    "address": null,
    "region": "tennessee",
    "osm_id": "way/1522865919",
    "updated": "2026-10-08"
   }
  },
  {
   "type": "Feature",
   "geometry": {
    "type": "Point",
    "coordinates": [
     -84.182014,
     35.852114
    ]
   },
   "properties": {
    "id": "osm-way-1525522405",
    "name": null,
    "source": "osm",
    "status": "verified",
    "confidence": null,
    "hoops": null,
    "surface": null,
    "lit": null,
    "address": null,
    "region": "tennessee",
    "osm_id": "way/1525522405",
    "updated": "2026-10-08"
   }
  },
  {
   "type": "Feature",
   "geometry": {
    "type": "Point",
    "coordinates": [
     -86.915706,
     35.787176
    ]
   },
   "properties": {
    "id": "osm-way-1526801052",
    "name": null,
    "source": "osm",
    "status": "verified",
    "confidence": null,
    "hoops": 1,
    "surface": null,
    "lit": null,
    "address": null,
    "region": "tennessee",
    "osm_id": "way/1526801052",
    "updated": "2026-10-08"
   }
  },
  {
   "type": "Feature",
   "geometry": {
    "type": "Point",
    "coordinates": [
     -86.913724,
     35.786235
    ]
   },
   "properties": {
    "id": "osm-way-1526801068",
    "name": null,
    "source": "osm",
    "status": "verified",
    "confidence": null,
    "hoops": null,
    "surface": null,
    "lit": null,
    "address": null,
    "region": "tennessee",
    "osm_id": "way/1526801068",
    "updated": "2026-10-08"
   }
  },
  {
   "type": "Feature",
   "geometry": {
    "type": "Point",
    "coordinates": [
     -84.21422,
     36.047953
    ]
   },
   "properties": {
    "id": "osm-way-1529308696",
    "name": null,
    "source": "osm",
    "status": "verified",
    "confidence": null,
    "hoops": 4,
    "surface": "asphalt",
    "lit": null,
    "address": null,
    "region": "tennessee",
    "osm_id": "way/1529308696",
    "updated": "2026-10-08"
   }
  },
  {
   "type": "Feature",
   "geometry": {
    "type": "Point",
    "coordinates": [
     -84.220014,
     36.068395
    ]
   },
   "properties": {
    "id": "osm-way-1530260910",
    "name": null,
    "source": "osm",
    "status": "verified",
    "confidence": null,
    "hoops": null,
    "surface": null,
    "lit": null,
    "address": null,
    "region": "tennessee",
    "osm_id": "way/1530260910",
    "updated": "2026-10-08"
   }
  },
  {
   "type": "Feature",
   "geometry": {
    "type": "Point",
    "coordinates": [
     -89.976389,
     35.124604
    ]
   },
   "properties": {
    "id": "osm-way-1530467434",
    "name": null,
    "source": "osm",
    "status": "verified",
    "confidence": null,
    "hoops": null,
    "surface": null,
    "lit": null,
    "address": null,
    "region": "tennessee",
    "osm_id": "way/1530467434",
    "updated": "2026-10-08"
   }
  },
  {
   "type": "Feature",
   "geometry": {
    "type": "Point",
    "coordinates": [
     -88.933965,
     35.978865
    ]
   },
   "properties": {
    "id": "osm-way-1532378944",
    "name": null,
    "source": "osm",
    "status": "verified",
    "confidence": null,
    "hoops": null,
    "surface": null,
    "lit": null,
    "address": null,
    "region": "tennessee",
    "osm_id": "way/1532378944",
    "updated": "2026-10-08"
   }
  },
  {
   "type": "Feature",
   "geometry": {
    "type": "Point",
    "coordinates": [
     -84.120542,
     36.117824
    ]
   },
   "properties": {
    "id": "osm-way-1533332088",
    "name": null,
    "source": "osm",
    "status": "verified",
    "confidence": null,
    "hoops": 2,
    "surface": "concrete",
    "lit": true,
    "address": null,
    "region": "tennessee",
    "osm_id": "way/1533332088",
    "updated": "2026-10-08"
   }
  },
  {
   "type": "Feature",
   "geometry": {
    "type": "Point",
    "coordinates": [
     -90.063222,
     35.136814
    ]
   },
   "properties": {
    "id": "osm-way-1538415348",
    "name": null,
    "source": "osm",
    "status": "verified",
    "confidence": null,
    "hoops": null,
    "surface": null,
    "lit": null,
    "address": null,
    "region": "tennessee",
    "osm_id": "way/1538415348",
    "updated": "2026-10-08"
   }
  },
  {
   "type": "Feature",
   "geometry": {
    "type": "Point",
    "coordinates": [
     -90.063059,
     35.136761
    ]
   },
   "properties": {
    "id": "osm-way-1538415349",
    "name": null,
    "source": "osm",
    "status": "verified",
    "confidence": null,
    "hoops": null,
    "surface": null,
    "lit": null,
    "address": null,
    "region": "tennessee",
    "osm_id": "way/1538415349",
    "updated": "2026-10-08"
   }
  },
  {
   "type": "Feature",
   "geometry": {
    "type": "Point",
    "coordinates": [
     -85.850851,
     36.537162
    ]
   },
   "properties": {
    "id": "osm-way-1539785144",
    "name": null,
    "source": "osm",
    "status": "verified",
    "confidence": null,
    "hoops": null,
    "surface": null,
    "lit": null,
    "address": null,
    "region": "tennessee",
    "osm_id": "way/1539785144",
    "updated": "2026-10-08"
   }
  },
  {
   "type": "Feature",
   "geometry": {
    "type": "Point",
    "coordinates": [
     -85.849303,
     36.531669
    ]
   },
   "properties": {
    "id": "osm-way-1539785160",
    "name": null,
    "source": "osm",
    "status": "verified",
    "confidence": null,
    "hoops": null,
    "surface": null,
    "lit": null,
    "address": null,
    "region": "tennessee",
    "osm_id": "way/1539785160",
    "updated": "2026-10-08"
   }
  },
  {
   "type": "Feature",
   "geometry": {
    "type": "Point",
    "coordinates": [
     -89.370388,
     35.104681
    ]
   },
   "properties": {
    "id": "osm-way-1540767748",
    "name": null,
    "source": "osm",
    "status": "verified",
    "confidence": null,
    "hoops": 2,
    "surface": null,
    "lit": null,
    "address": null,
    "region": "tennessee",
    "osm_id": "way/1540767748",
    "updated": "2026-10-08"
   }
  },
  {
   "type": "Feature",
   "geometry": {
    "type": "Point",
    "coordinates": [
     -84.146329,
     36.091
    ]
   },
   "properties": {
    "id": "osm-way-1541025857",
    "name": null,
    "source": "osm",
    "status": "verified",
    "confidence": null,
    "hoops": 2,
    "surface": "asphalt",
    "lit": null,
    "address": null,
    "region": "tennessee",
    "osm_id": "way/1541025857",
    "updated": "2026-10-08"
   }
  },
  {
   "type": "Feature",
   "geometry": {
    "type": "Point",
    "coordinates": [
     -89.594953,
     35.200536
    ]
   },
   "properties": {
    "id": "osm-way-1541099772",
    "name": null,
    "source": "osm",
    "status": "verified",
    "confidence": null,
    "hoops": null,
    "surface": null,
    "lit": null,
    "address": null,
    "region": "tennessee",
    "osm_id": "way/1541099772",
    "updated": "2026-10-08"
   }
  },
  {
   "type": "Feature",
   "geometry": {
    "type": "Point",
    "coordinates": [
     -86.186068,
     35.372833
    ]
   },
   "properties": {
    "id": "osm-way-1543974955",
    "name": null,
    "source": "osm",
    "status": "verified",
    "confidence": null,
    "hoops": null,
    "surface": "concrete",
    "lit": true,
    "address": null,
    "region": "tennessee",
    "osm_id": "way/1543974955",
    "updated": "2026-10-08"
   }
  },
  {
   "type": "Feature",
   "geometry": {
    "type": "Point",
    "coordinates": [
     -90.037829,
     35.219119
    ]
   },
   "properties": {
    "id": "osm-way-1548183092",
    "name": null,
    "source": "osm",
    "status": "verified",
    "confidence": null,
    "hoops": null,
    "surface": null,
    "lit": null,
    "address": null,
    "region": "tennessee",
    "osm_id": "way/1548183092",
    "updated": "2026-10-08"
   }
  },
  {
   "type": "Feature",
   "geometry": {
    "type": "Point",
    "coordinates": [
     -82.235609,
     36.509587
    ]
   },
   "properties": {
    "id": "osm-way-1552090774",
    "name": null,
    "source": "osm",
    "status": "verified",
    "confidence": null,
    "hoops": null,
    "surface": null,
    "lit": null,
    "address": null,
    "region": "tennessee",
    "osm_id": "way/1552090774",
    "updated": "2026-10-08"
   }
  },
  {
   "type": "Feature",
   "geometry": {
    "type": "Point",
    "coordinates": [
     -85.69595,
     36.553842
    ]
   },
   "properties": {
    "id": "osm-way-1552567510",
    "name": null,
    "source": "osm",
    "status": "verified",
    "confidence": null,
    "hoops": null,
    "surface": null,
    "lit": null,
    "address": null,
    "region": "tennessee",
    "osm_id": "way/1552567510",
    "updated": "2026-10-08"
   }
  },
  {
   "type": "Feature",
   "geometry": {
    "type": "Point",
    "coordinates": [
     -86.752519,
     36.213862
    ]
   },
   "properties": {
    "id": "osm-way-1553993534",
    "name": null,
    "source": "osm",
    "status": "verified",
    "confidence": null,
    "hoops": null,
    "surface": null,
    "lit": null,
    "address": null,
    "region": "tennessee",
    "osm_id": "way/1553993534",
    "updated": "2026-10-08"
   }
  },
  {
   "type": "Feature",
   "geometry": {
    "type": "Point",
    "coordinates": [
     -86.751003,
     36.214997
    ]
   },
   "properties": {
    "id": "osm-way-1553993539",
    "name": null,
    "source": "osm",
    "status": "verified",
    "confidence": null,
    "hoops": null,
    "surface": null,
    "lit": null,
    "address": null,
    "region": "tennessee",
    "osm_id": "way/1553993539",
    "updated": "2026-10-08"
   }
  },
  {
   "type": "Feature",
   "geometry": {
    "type": "Point",
    "coordinates": [
     -87.20454,
     35.544316
    ]
   },
   "properties": {
    "id": "osm-way-1556483739",
    "name": null,
    "source": "osm",
    "status": "verified",
    "confidence": null,
    "hoops": null,
    "surface": null,
    "lit": null,
    "address": null,
    "region": "tennessee",
    "osm_id": "way/1556483739",
    "updated": "2026-10-08"
   }
  },
  {
   "type": "Feature",
   "geometry": {
    "type": "Point",
    "coordinates": [
     -87.21615,
     35.542651
    ]
   },
   "properties": {
    "id": "osm-way-1556496661",
    "name": null,
    "source": "osm",
    "status": "verified",
    "confidence": null,
    "hoops": null,
    "surface": null,
    "lit": null,
    "address": null,
    "region": "tennessee",
    "osm_id": "way/1556496661",
    "updated": "2026-10-08"
   }
  },
  {
   "type": "Feature",
   "geometry": {
    "type": "Point",
    "coordinates": [
     -84.122492,
     35.953572
    ]
   },
   "properties": {
    "id": "osm-way-1561832083",
    "name": null,
    "source": "osm",
    "status": "verified",
    "confidence": null,
    "hoops": 1,
    "surface": null,
    "lit": null,
    "address": null,
    "region": "tennessee",
    "osm_id": "way/1561832083",
    "updated": "2026-10-08"
   }
  },
  {
   "type": "Feature",
   "geometry": {
    "type": "Point",
    "coordinates": [
     -89.690814,
     35.173859
    ]
   },
   "properties": {
    "id": "osm-way-1561886078",
    "name": null,
    "source": "osm",
    "status": "verified",
    "confidence": null,
    "hoops": 1,
    "surface": null,
    "lit": null,
    "address": null,
    "region": "tennessee",
    "osm_id": "way/1561886078",
    "updated": "2026-10-08"
   }
  },
  {
   "type": "Feature",
   "geometry": {
    "type": "Point",
    "coordinates": [
     -89.689178,
     35.179691
    ]
   },
   "properties": {
    "id": "osm-way-1563011203",
    "name": null,
    "source": "osm",
    "status": "verified",
    "confidence": null,
    "hoops": null,
    "surface": null,
    "lit": null,
    "address": null,
    "region": "tennessee",
    "osm_id": "way/1563011203",
    "updated": "2026-10-08"
   }
  },
  {
   "type": "Feature",
   "geometry": {
    "type": "Point",
    "coordinates": [
     -90.040361,
     35.165043
    ]
   },
   "properties": {
    "id": "osm-way-1564215359",
    "name": null,
    "source": "osm",
    "status": "verified",
    "confidence": null,
    "hoops": null,
    "surface": null,
    "lit": null,
    "address": null,
    "region": "tennessee",
    "osm_id": "way/1564215359",
    "updated": "2026-10-08"
   }
  },
  {
   "type": "Feature",
   "geometry": {
    "type": "Point",
    "coordinates": [
     -87.356669,
     36.536238
    ]
   },
   "properties": {
    "id": "osm-relation-5765425",
    "name": "Winfield Dunn Center",
    "source": "osm",
    "status": "verified",
    "confidence": null,
    "hoops": null,
    "surface": null,
    "lit": null,
    "address": null,
    "region": "tennessee",
    "osm_id": "relation/5765425",
    "updated": "2026-10-08"
   }
  },
  {
   "type": "Feature",
   "geometry": {
    "type": "Point",
    "coordinates": [
     -85.510424,
     36.172826
    ]
   },
   "properties": {
    "id": "osm-relation-15313406",
    "name": "Marc L. Burnett Student Recreation and Fitness Center",
    "source": "osm",
    "status": "verified",
    "confidence": null,
    "hoops": null,
    "surface": null,
    "lit": null,
    "address": null,
    "region": "tennessee",
    "osm_id": "relation/15313406",
    "updated": "2026-10-08"
   }
  },
  {
   "type": "Feature",
   "geometry": {
    "type": "Point",
    "coordinates": [
     -84.158317,
     35.8547
    ]
   },
   "properties": {
    "id": "osm-relation-19291875",
    "name": null,
    "source": "osm",
    "status": "verified",
    "confidence": null,
    "hoops": null,
    "surface": "paved",
    "lit": null,
    "address": null,
    "region": "tennessee",
    "osm_id": "relation/19291875",
    "updated": "2026-10-08"
   }
  },
  {
   "type": "Feature",
   "geometry": {
    "type": "Point",
    "coordinates": [
     -83.335058,
     35.928616
    ]
   },
   "properties": {
    "id": "osm-relation-21095792",
    "name": null,
    "source": "osm",
    "status": "verified",
    "confidence": null,
    "hoops": null,
    "surface": null,
    "lit": null,
    "address": null,
    "region": "tennessee",
    "osm_id": "relation/21095792",
    "updated": "2026-10-08"
   }
  },
  {
   "type": "Feature",
   "geometry": {
    "type": "Point",
    "coordinates": [
     -82.262879,
     36.47173
    ]
   },
   "properties": {
    "id": "osm-relation-21455843",
    "name": null,
    "source": "osm",
    "status": "verified",
    "confidence": null,
    "hoops": null,
    "surface": null,
    "lit": null,
    "address": null,
    "region": "tennessee",
    "osm_id": "relation/21455843",
    "updated": "2026-10-08"
   }
  },
  {
   "type": "Feature",
   "geometry": {
    "type": "Point",
    "coordinates": [
     -73.8775,
     40.8342
    ]
   },
   "properties": {
    "id": "nyc-X159",
    "name": "Captain William Harry Thompson Playground",
    "source": "nyc_parks",
    "status": "verified",
    "confidence": null,
    "hoops": null,
    "surface": null,
    "lit": null,
    "address": "E 174 St. & Bronx River Ave.",
    "region": "nyc",
    "osm_id": null,
    "updated": "2026-10-08"
   }
  },
  {
   "type": "Feature",
   "geometry": {
    "type": "Point",
    "coordinates": [
     -73.9021,
     40.8149
    ]
   },
   "properties": {
    "id": "nyc-X179",
    "name": "52 Playground",
    "source": "nyc_parks",
    "status": "verified",
    "confidence": null,
    "hoops": null,
    "surface": null,
    "lit": null,
    "address": "Kelly St. & Ave. St. John",
    "region": "nyc",
    "osm_id": null,
    "updated": "2026-10-08"
   }
  },
  {
   "type": "Feature",
   "geometry": {
    "type": "Point",
    "coordinates": [
     -73.9044,
     40.8172
    ]
   },
   "properties": {
    "id": "nyc-X216",
    "name": "Abigail Adams Playground",
    "source": "nyc_parks",
    "status": "verified",
    "confidence": null,
    "hoops": null,
    "surface": null,
    "lit": null,
    "address": "Tinton Ave. & E 156 St.",
    "region": "nyc",
    "osm_id": null,
    "updated": "2026-10-08"
   }
  },
  {
   "type": "Feature",
   "geometry": {
    "type": "Point",
    "coordinates": [
     -73.8619,
     40.8804
    ]
   },
   "properties": {
    "id": "nyc-X169",
    "name": "Agnes Haywood Playground",
    "source": "nyc_parks",
    "status": "verified",
    "confidence": null,
    "hoops": null,
    "surface": null,
    "lit": null,
    "address": "Barnes Ave. & E 215 St.",
    "region": "nyc",
    "osm_id": null,
    "updated": "2026-10-08"
   }
  },
  {
   "type": "Feature",
   "geometry": {
    "type": "Point",
    "coordinates": [
     -73.8503,
     40.8659
    ]
   },
   "properties": {
    "id": "nyc-X172",
    "name": "Allerton Playground",
    "source": "nyc_parks",
    "status": "verified",
    "confidence": null,
    "hoops": null,
    "surface": null,
    "lit": null,
    "address": "Bouck & Throop Aves.",
    "region": "nyc",
    "osm_id": null,
    "updated": "2026-10-08"
   }
  },
  {
   "type": "Feature",
   "geometry": {
    "type": "Point",
    "coordinates": [
     -73.843,
     40.8679
    ]
   },
   "properties": {
    "id": "nyc-X187",
    "name": "Angelo Campanero Playground",
    "source": "nyc_parks",
    "status": "verified",
    "confidence": null,
    "hoops": null,
    "surface": null,
    "lit": null,
    "address": "Gun Hill Rd., Eastchester Rd. and O'Neill Pl.",
    "region": "nyc",
    "osm_id": null,
    "updated": "2026-10-08"
   }
  },
  {
   "type": "Feature",
   "geometry": {
    "type": "Point",
    "coordinates": [
     -73.9035,
     40.8634
    ]
   },
   "properties": {
    "id": "nyc-X001",
    "name": "Aqueduct Lands Playground",
    "source": "nyc_parks",
    "status": "verified",
    "confidence": null,
    "hoops": null,
    "surface": null,
    "lit": null,
    "address": "W 183 St., Aqueduct Ave., W Tremont Ave. and University Ave.",
    "region": "nyc",
    "osm_id": null,
    "updated": "2026-10-08"
   }
  },
  {
   "type": "Feature",
   "geometry": {
    "type": "Point",
    "coordinates": [
     -73.9145,
     40.8271
    ]
   },
   "properties": {
    "id": "nyc-X219",
    "name": "Arcilla Playground",
    "source": "nyc_parks",
    "status": "verified",
    "confidence": null,
    "hoops": null,
    "surface": null,
    "lit": null,
    "address": "E 164 St. & Teller Ave.",
    "region": "nyc",
    "osm_id": null,
    "updated": "2026-10-08"
   }
  },
  {
   "type": "Feature",
   "geometry": {
    "type": "Point",
    "coordinates": [
     -73.9008,
     40.8811
    ]
   },
   "properties": {
    "id": "nyc-X150J",
    "name": "Bailey Playground",
    "source": "nyc_parks",
    "status": "verified",
    "confidence": null,
    "hoops": null,
    "surface": null,
    "lit": null,
    "address": "Bailey Ave. & W 234-W 238 Sts.",
    "region": "nyc",
    "osm_id": null,
    "updated": "2026-10-08"
   }
  },
  {
   "type": "Feature",
   "geometry": {
    "type": "Point",
    "coordinates": [
     -73.9015,
     40.8254
    ]
   },
   "properties": {
    "id": "nyc-X166",
    "name": "Behagen Playground",
    "source": "nyc_parks",
    "status": "verified",
    "confidence": null,
    "hoops": null,
    "surface": null,
    "lit": null,
    "address": "E 166 St., Union Ave. and Tinton Ave.",
    "region": "nyc",
    "osm_id": null,
    "updated": "2026-10-08"
   }
  },
  {
   "type": "Feature",
   "geometry": {
    "type": "Point",
    "coordinates": [
     -73.8875,
     40.8497
    ]
   },
   "properties": {
    "id": "nyc-X108",
    "name": "Belmont Playground",
    "source": "nyc_parks",
    "status": "verified",
    "confidence": null,
    "hoops": null,
    "surface": null,
    "lit": null,
    "address": "Crotona Ave. & E 181 St.",
    "region": "nyc",
    "osm_id": null,
    "updated": "2026-10-08"
   }
  },
  {
   "type": "Feature",
   "geometry": {
    "type": "Point",
    "coordinates": [
     -73.8705,
     40.8512
    ]
   },
   "properties": {
    "id": "nyc-X002",
    "name": "Brady Playground",
    "source": "nyc_parks",
    "status": "verified",
    "confidence": null,
    "hoops": null,
    "surface": null,
    "lit": null,
    "address": "Bronxdale Ave. & Bronx Pk E",
    "region": "nyc",
    "osm_id": null,
    "updated": "2026-10-08"
   }
  },
  {
   "type": "Feature",
   "geometry": {
    "type": "Point",
    "coordinates": [
     -73.924,
     40.8443
    ]
   },
   "properties": {
    "id": "nyc-X148A3",
    "name": "Bridge Playground",
    "source": "nyc_parks",
    "status": "verified",
    "confidence": null,
    "hoops": null,
    "surface": null,
    "lit": null,
    "address": "Boscobel Pl., University Ave. and W 171 St.",
    "region": "nyc",
    "osm_id": null,
    "updated": "2026-10-08"
   }
  },
  {
   "type": "Feature",
   "geometry": {
    "type": "Point",
    "coordinates": [
     -73.8289,
     40.8268
    ]
   },
   "properties": {
    "id": "nyc-X183",
    "name": "Bruckner Playground",
    "source": "nyc_parks",
    "status": "verified",
    "confidence": null,
    "hoops": null,
    "surface": null,
    "lit": null,
    "address": "Phillips Ave. & E 177 St.",
    "region": "nyc",
    "osm_id": null,
    "updated": "2026-10-08"
   }
  },
  {
   "type": "Feature",
   "geometry": {
    "type": "Point",
    "coordinates": [
     -73.8312,
     40.838
    ]
   },
   "properties": {
    "id": "nyc-X121",
    "name": "Bufano Playground",
    "source": "nyc_parks",
    "status": "verified",
    "confidence": null,
    "hoops": null,
    "surface": null,
    "lit": null,
    "address": "Bradford, Edison, La Salle and Waterbury Aves.",
    "region": "nyc",
    "osm_id": null,
    "updated": "2026-10-08"
   }
  },
  {
   "type": "Feature",
   "geometry": {
    "type": "Point",
    "coordinates": [
     -73.907,
     40.8179
    ]
   },
   "properties": {
    "id": "nyc-X194",
    "name": "Capt. Rivera Playground",
    "source": "nyc_parks",
    "status": "verified",
    "confidence": null,
    "hoops": null,
    "surface": null,
    "lit": null,
    "address": "Forest Ave. & E 156 St.",
    "region": "nyc",
    "osm_id": null,
    "updated": "2026-10-08"
   }
  },
  {
   "type": "Feature",
   "geometry": {
    "type": "Point",
    "coordinates": [
     -73.854,
     40.8372
    ]
   },
   "properties": {
    "id": "nyc-X160",
    "name": "Caserta Playground",
    "source": "nyc_parks",
    "status": "verified",
    "confidence": null,
    "hoops": null,
    "surface": null,
    "lit": null,
    "address": "St. Raymond Ave. & Odell St.",
    "region": "nyc",
    "osm_id": null,
    "updated": "2026-10-08"
   }
  },
  {
   "type": "Feature",
   "geometry": {
    "type": "Point",
    "coordinates": [
     -73.9177,
     40.8548
    ]
   },
   "properties": {
    "id": "nyc-X111",
    "name": "Cedar Playground",
    "source": "nyc_parks",
    "status": "verified",
    "confidence": null,
    "hoops": null,
    "surface": null,
    "lit": null,
    "address": "W 179 St. & Sedgwick Ave.",
    "region": "nyc",
    "osm_id": null,
    "updated": "2026-10-08"
   }
  },
  {
   "type": "Feature",
   "geometry": {
    "type": "Point",
    "coordinates": [
     -73.9082,
     40.8378
    ]
   },
   "properties": {
    "id": "nyc-X008",
    "name": "Claremont Park",
    "source": "nyc_parks",
    "status": "verified",
    "confidence": null,
    "hoops": null,
    "surface": null,
    "lit": null,
    "address": "E 170 St. & Teller Ave.",
    "region": "nyc",
    "osm_id": null,
    "updated": "2026-10-08"
   }
  },
  {
   "type": "Feature",
   "geometry": {
    "type": "Point",
    "coordinates": [
     -73.9211,
     40.8136
    ]
   },
   "properties": {
    "id": "nyc-X200",
    "name": "Clark Playground",
    "source": "nyc_parks",
    "status": "verified",
    "confidence": null,
    "hoops": null,
    "surface": null,
    "lit": null,
    "address": "E 144 St. & 3 Ave.",
    "region": "nyc",
    "osm_id": null,
    "updated": "2026-10-08"
   }
  },
  {
   "type": "Feature",
   "geometry": {
    "type": "Point",
    "coordinates": [
     -73.8993,
     40.8384
    ]
   },
   "properties": {
    "id": "nyc-X010",
    "name": "Crotona Playground #11",
    "source": "nyc_parks",
    "status": "verified",
    "confidence": null,
    "hoops": null,
    "surface": null,
    "lit": null,
    "address": "Fulton Ave. between E 172 St. and Claremont",
    "region": "nyc",
    "osm_id": null,
    "updated": "2026-10-08"
   }
  },
  {
   "type": "Feature",
   "geometry": {
    "type": "Point",
    "coordinates": [
     -73.8913,
     40.8402
    ]
   },
   "properties": {
    "id": "nyc-X010-2",
    "name": "Crotona Playground #2",
    "source": "nyc_parks",
    "status": "verified",
    "confidence": null,
    "hoops": null,
    "surface": null,
    "lit": null,
    "address": "Crotona N between Marmion and Prospect",
    "region": "nyc",
    "osm_id": null,
    "updated": "2026-10-08"
   }
  },
  {
   "type": "Feature",
   "geometry": {
    "type": "Point",
    "coordinates": [
     -73.8908,
     40.8377
    ]
   },
   "properties": {
    "id": "nyc-X010-3",
    "name": "Crotona Playground #5",
    "source": "nyc_parks",
    "status": "verified",
    "confidence": null,
    "hoops": null,
    "surface": null,
    "lit": null,
    "address": "Crotona Pk E at E 173 St.",
    "region": "nyc",
    "osm_id": null,
    "updated": "2026-10-08"
   }
  },
  {
   "type": "Feature",
   "geometry": {
    "type": "Point",
    "coordinates": [
     -73.8926,
     40.8371
    ]
   },
   "properties": {
    "id": "nyc-X010-4",
    "name": "Crotona Playground #6",
    "source": "nyc_parks",
    "status": "verified",
    "confidence": null,
    "hoops": null,
    "surface": null,
    "lit": null,
    "address": "Crotona E between Suburban and Charlotte",
    "region": "nyc",
    "osm_id": null,
    "updated": "2026-10-08"
   }
  },
  {
   "type": "Feature",
   "geometry": {
    "type": "Point",
    "coordinates": [
     -73.8949,
     40.8363
    ]
   },
   "properties": {
    "id": "nyc-X010-5",
    "name": "Crotona Playground #7",
    "source": "nyc_parks",
    "status": "verified",
    "confidence": null,
    "hoops": null,
    "surface": null,
    "lit": null,
    "address": "Crotona E between Claremont and Charlotte",
    "region": "nyc",
    "osm_id": null,
    "updated": "2026-10-08"
   }
  },
  {
   "type": "Feature",
   "geometry": {
    "type": "Point",
    "coordinates": [
     -73.8931,
     40.8391
    ]
   },
   "properties": {
    "id": "nyc-X010-6",
    "name": "Crotona Playground #9",
    "source": "nyc_parks",
    "status": "verified",
    "confidence": null,
    "hoops": null,
    "surface": null,
    "lit": null,
    "address": "Crotona S between Clinton and Prospect",
    "region": "nyc",
    "osm_id": null,
    "updated": "2026-10-08"
   }
  },
  {
   "type": "Feature",
   "geometry": {
    "type": "Point",
    "coordinates": [
     -73.8982,
     40.8195
    ]
   },
   "properties": {
    "id": "nyc-X164",
    "name": "Dawson Playground",
    "source": "nyc_parks",
    "status": "verified",
    "confidence": null,
    "hoops": null,
    "surface": null,
    "lit": null,
    "address": "Intervale Ave. & Dawson St.",
    "region": "nyc",
    "osm_id": null,
    "updated": "2026-10-08"
   }
  },
  {
   "type": "Feature",
   "geometry": {
    "type": "Point",
    "coordinates": [
     -73.9058,
     40.8635
    ]
   },
   "properties": {
    "id": "nyc-X013",
    "name": "Devoe Park",
    "source": "nyc_parks",
    "status": "verified",
    "confidence": null,
    "hoops": null,
    "surface": null,
    "lit": null,
    "address": "Sedgwick Ave. & Fordham Ave.",
    "region": "nyc",
    "osm_id": null,
    "updated": "2026-10-08"
   }
  },
  {
   "type": "Feature",
   "geometry": {
    "type": "Point",
    "coordinates": [
     -73.9036,
     40.8334
    ]
   },
   "properties": {
    "id": "nyc-X021",
    "name": "Drew Playground",
    "source": "nyc_parks",
    "status": "verified",
    "confidence": null,
    "hoops": null,
    "surface": null,
    "lit": null,
    "address": "Fulton Ave. & E 169 St.",
    "region": "nyc",
    "osm_id": null,
    "updated": "2026-10-08"
   }
  },
  {
   "type": "Feature",
   "geometry": {
    "type": "Point",
    "coordinates": [
     -73.9064,
     40.8233
    ]
   },
   "properties": {
    "id": "nyc-X185",
    "name": "Dunbar Playground",
    "source": "nyc_parks",
    "status": "verified",
    "confidence": null,
    "hoops": null,
    "surface": null,
    "lit": null,
    "address": "E 161 St., Trinity Ave., E 163 St. and Cauldwell Ave.",
    "region": "nyc",
    "osm_id": null,
    "updated": "2026-10-08"
   }
  },
  {
   "type": "Feature",
   "geometry": {
    "type": "Point",
    "coordinates": [
     -73.8531,
     40.8698
    ]
   },
   "properties": {
    "id": "nyc-X156",
    "name": "Eastchester Playground",
    "source": "nyc_parks",
    "status": "verified",
    "confidence": null,
    "hoops": null,
    "surface": null,
    "lit": null,
    "address": "Adee & Tenbroeck Aves.",
    "region": "nyc",
    "osm_id": null,
    "updated": "2026-10-08"
   }
  },
  {
   "type": "Feature",
   "geometry": {
    "type": "Point",
    "coordinates": [
     -73.8457,
     40.8841
    ]
   },
   "properties": {
    "id": "nyc-X165",
    "name": "Edenwald Playground",
    "source": "nyc_parks",
    "status": "verified",
    "confidence": null,
    "hoops": null,
    "surface": null,
    "lit": null,
    "address": "Schieffelin Ave. & E 229 St.",
    "region": "nyc",
    "osm_id": null,
    "updated": "2026-10-08"
   }
  },
  {
   "type": "Feature",
   "geometry": {
    "type": "Point",
    "coordinates": [
     -73.8298,
     40.8157
    ]
   },
   "properties": {
    "id": "nyc-X126",
    "name": "Ferry Point Park",
    "source": "nyc_parks",
    "status": "verified",
    "confidence": null,
    "hoops": null,
    "surface": null,
    "lit": null,
    "address": "Corner of Balcom Avenue and Dewey Avenue",
    "region": "nyc",
    "osm_id": null,
    "updated": "2026-10-08"
   }
  },
  {
   "type": "Feature",
   "geometry": {
    "type": "Point",
    "coordinates": [
     -73.8343,
     40.852
    ]
   },
   "properties": {
    "id": "nyc-X122",
    "name": "Florence Colucci Playground",
    "source": "nyc_parks",
    "status": "verified",
    "confidence": null,
    "hoops": null,
    "surface": null,
    "lit": null,
    "address": "Wilkinson & Mayflower Aves.",
    "region": "nyc",
    "osm_id": null,
    "updated": "2026-10-08"
   }
  },
  {
   "type": "Feature",
   "geometry": {
    "type": "Point",
    "coordinates": [
     -73.9121,
     40.8212
    ]
   },
   "properties": {
    "id": "nyc-X146",
    "name": "Flynn Playground",
    "source": "nyc_parks",
    "status": "verified",
    "confidence": null,
    "hoops": null,
    "surface": null,
    "lit": null,
    "address": "Brook Ave. & E 157 St.",
    "region": "nyc",
    "osm_id": null,
    "updated": "2026-10-08"
   }
  },
  {
   "type": "Feature",
   "geometry": {
    "type": "Point",
    "coordinates": [
     -73.9101,
     40.8637
    ]
   },
   "properties": {
    "id": "nyc-X150E",
    "name": "Fordham Landing Playground",
    "source": "nyc_parks",
    "status": "verified",
    "confidence": null,
    "hoops": null,
    "surface": null,
    "lit": null,
    "address": "Landing Rd., Just off Fordam Rd.",
    "region": "nyc",
    "osm_id": null,
    "updated": "2026-10-08"
   }
  },
  {
   "type": "Feature",
   "geometry": {
    "type": "Point",
    "coordinates": [
     -73.9007,
     40.8745
    ]
   },
   "properties": {
    "id": "nyc-X038",
    "name": "Fort #4 Playground",
    "source": "nyc_parks",
    "status": "verified",
    "confidence": null,
    "hoops": null,
    "surface": null,
    "lit": null,
    "address": "Strong St. & Reservoir Ave.",
    "region": "nyc",
    "osm_id": null,
    "updated": "2026-10-08"
   }
  },
  {
   "type": "Feature",
   "geometry": {
    "type": "Point",
    "coordinates": [
     -73.895,
     40.8819
    ]
   },
   "properties": {
    "id": "nyc-X020",
    "name": "Fort Independence Playground",
    "source": "nyc_parks",
    "status": "verified",
    "confidence": null,
    "hoops": null,
    "surface": null,
    "lit": null,
    "address": "Sedgwick Ave. & Stevenson Pl.",
    "region": "nyc",
    "osm_id": null,
    "updated": "2026-10-08"
   }
  },
  {
   "type": "Feature",
   "geometry": {
    "type": "Point",
    "coordinates": [
     -73.8987,
     40.8147
    ]
   },
   "properties": {
    "id": "nyc-X247",
    "name": "Fox Playground",
    "source": "nyc_parks",
    "status": "verified",
    "confidence": null,
    "hoops": null,
    "surface": null,
    "lit": null,
    "address": "S/E Corner Fox St. & E 156 St.",
    "region": "nyc",
    "osm_id": null,
    "updated": "2026-10-08"
   }
  },
  {
   "type": "Feature",
   "geometry": {
    "type": "Point",
    "coordinates": [
     -73.9264,
     40.821
    ]
   },
   "properties": {
    "id": "nyc-X047",
    "name": "Franz Sigel Park",
    "source": "nyc_parks",
    "status": "verified",
    "confidence": null,
    "hoops": null,
    "surface": null,
    "lit": null,
    "address": "E 153 St. & Grand Concourse",
    "region": "nyc",
    "osm_id": null,
    "updated": "2026-10-08"
   }
  },
  {
   "type": "Feature",
   "geometry": {
    "type": "Point",
    "coordinates": [
     -73.9171,
     40.8437
    ]
   },
   "properties": {
    "id": "nyc-X114",
    "name": "Goble Playground",
    "source": "nyc_parks",
    "status": "verified",
    "confidence": null,
    "hoops": null,
    "surface": null,
    "lit": null,
    "address": "Macombs Pl. & Globel Rd",
    "region": "nyc",
    "osm_id": null,
    "updated": "2026-10-08"
   }
  },
  {
   "type": "Feature",
   "geometry": {
    "type": "Point",
    "coordinates": [
     -73.9035,
     40.8355
    ]
   },
   "properties": {
    "id": "nyc-X222",
    "name": "Gouverneur Morris Playground",
    "source": "nyc_parks",
    "status": "verified",
    "confidence": null,
    "hoops": null,
    "surface": null,
    "lit": null,
    "address": "3 Ave., Saint Paul's Pl. and Washington Ave.",
    "region": "nyc",
    "osm_id": null,
    "updated": "2026-10-08"
   }
  },
  {
   "type": "Feature",
   "geometry": {
    "type": "Point",
    "coordinates": [
     -73.9091,
     40.8197
    ]
   },
   "properties": {
    "id": "nyc-X235",
    "name": "Grove Hill Playground",
    "source": "nyc_parks",
    "status": "verified",
    "confidence": null,
    "hoops": null,
    "surface": null,
    "lit": null,
    "address": "Eagle Ave. & E 158 St.",
    "region": "nyc",
    "osm_id": null,
    "updated": "2026-10-08"
   }
  },
  {
   "type": "Feature",
   "geometry": {
    "type": "Point",
    "coordinates": [
     -73.8656,
     40.8747
    ]
   },
   "properties": {
    "id": "nyc-X161",
    "name": "Gun Hill Playground",
    "source": "nyc_parks",
    "status": "verified",
    "confidence": null,
    "hoops": null,
    "surface": null,
    "lit": null,
    "address": "Holland Ave. & Magenta St.",
    "region": "nyc",
    "osm_id": null,
    "updated": "2026-10-08"
   }
  },
  {
   "type": "Feature",
   "geometry": {
    "type": "Point",
    "coordinates": [
     -73.8398,
     40.8735
    ]
   },
   "properties": {
    "id": "nyc-X196",
    "name": "Haffen Park",
    "source": "nyc_parks",
    "status": "verified",
    "confidence": null,
    "hoops": null,
    "surface": null,
    "lit": null,
    "address": "Ely & Burke Ave.",
    "region": "nyc",
    "osm_id": null,
    "updated": "2026-10-08"
   }
  },
  {
   "type": "Feature",
   "geometry": {
    "type": "Point",
    "coordinates": [
     -73.8567,
     40.8102
    ]
   },
   "properties": {
    "id": "nyc-X262",
    "name": "Harding Park",
    "source": "nyc_parks",
    "status": "verified",
    "confidence": null,
    "hoops": null,
    "surface": null,
    "lit": null,
    "address": "Bolton Ave. between O'Brien and Cornell Aves.",
    "region": "nyc",
    "osm_id": null,
    "updated": "2026-10-08"
   }
  },
  {
   "type": "Feature",
   "geometry": {
    "type": "Point",
    "coordinates": [
     -73.8476,
     40.83
    ]
   },
   "properties": {
    "id": "nyc-X148M1",
    "name": "Havemeyer",
    "source": "nyc_parks",
    "status": "verified",
    "confidence": null,
    "hoops": null,
    "surface": null,
    "lit": null,
    "address": "N/S Cross Bronx Expwy., Havemeyer Ave. and Watson Ave.",
    "region": "nyc",
    "osm_id": null,
    "updated": "2026-10-08"
   }
  },
  {
   "type": "Feature",
   "geometry": {
    "type": "Point",
    "coordinates": [
     -73.8589,
     40.8289
    ]
   },
   "properties": {
    "id": "nyc-X208",
    "name": "Haviland Playground",
    "source": "nyc_parks",
    "status": "verified",
    "confidence": null,
    "hoops": null,
    "surface": null,
    "lit": null,
    "address": "Pugsley, Haviland, and Watson Aves.",
    "region": "nyc",
    "osm_id": null,
    "updated": "2026-10-08"
   }
  },
  {
   "type": "Feature",
   "geometry": {
    "type": "Point",
    "coordinates": [
     -73.9202,
     40.8813
    ]
   },
   "properties": {
    "id": "nyc-X080",
    "name": "Henry Hudson Park",
    "source": "nyc_parks",
    "status": "verified",
    "confidence": null,
    "hoops": null,
    "surface": null,
    "lit": null,
    "address": "Independence & W 227 St.",
    "region": "nyc",
    "osm_id": null,
    "updated": "2026-10-08"
   }
  },
  {
   "type": "Feature",
   "geometry": {
    "type": "Point",
    "coordinates": [
     -73.9101,
     40.811
    ]
   },
   "properties": {
    "id": "nyc-X228",
    "name": "I Am Park",
    "source": "nyc_parks",
    "status": "verified",
    "confidence": null,
    "hoops": null,
    "surface": null,
    "lit": null,
    "address": "147 St. & Jackson Ave.",
    "region": "nyc",
    "osm_id": null,
    "updated": "2026-10-08"
   }
  },
  {
   "type": "Feature",
   "geometry": {
    "type": "Point",
    "coordinates": [
     -73.8882,
     40.8229
    ]
   },
   "properties": {
    "id": "nyc-X029",
    "name": "James Lyons Square Playground",
    "source": "nyc_parks",
    "status": "verified",
    "confidence": null,
    "hoops": null,
    "surface": null,
    "lit": null,
    "address": "Aldus St. & Bryant Ave.",
    "region": "nyc",
    "osm_id": null,
    "updated": "2026-10-08"
   }
  },
  {
   "type": "Feature",
   "geometry": {
    "type": "Point",
    "coordinates": [
     -73.7865,
     40.8466
    ]
   },
   "properties": {
    "id": "nyc-X017",
    "name": "Richman (Echo) Park",
    "source": "nyc_parks",
    "status": "verified",
    "confidence": null,
    "hoops": null,
    "surface": null,
    "lit": null,
    "address": "E 178 St. & Upper Level",
    "region": "nyc",
    "osm_id": null,
    "updated": "2026-10-08"
   }
  },
  {
   "type": "Feature",
   "geometry": {
    "type": "Point",
    "coordinates": [
     -73.8827,
     40.8776
    ]
   },
   "properties": {
    "id": "nyc-X033",
    "name": "Kossuth Playground",
    "source": "nyc_parks",
    "status": "verified",
    "confidence": null,
    "hoops": null,
    "surface": null,
    "lit": null,
    "address": "Moshulu Pkwy N & Kossuth Ave.",
    "region": "nyc",
    "osm_id": null,
    "updated": "2026-10-08"
   }
  },
  {
   "type": "Feature",
   "geometry": {
    "type": "Point",
    "coordinates": [
     -73.8518,
     40.849
    ]
   },
   "properties": {
    "id": "nyc-X163",
    "name": "Loreto Playground",
    "source": "nyc_parks",
    "status": "verified",
    "confidence": null,
    "hoops": null,
    "surface": null,
    "lit": null,
    "address": "Morris Park, Tomlinson, Van Nest and Haight Aves.",
    "region": "nyc",
    "osm_id": null,
    "updated": "2026-10-08"
   }
  },
  {
   "type": "Feature",
   "geometry": {
    "type": "Point",
    "coordinates": [
     -73.9247,
     40.8078
    ]
   },
   "properties": {
    "id": "nyc-X131",
    "name": "Lozada Playground",
    "source": "nyc_parks",
    "status": "verified",
    "confidence": null,
    "hoops": null,
    "surface": null,
    "lit": null,
    "address": "Willis Ave. & E 135 St.",
    "region": "nyc",
    "osm_id": null,
    "updated": "2026-10-08"
   }
  },
  {
   "type": "Feature",
   "geometry": {
    "type": "Point",
    "coordinates": [
     -73.9287,
     40.8279
    ]
   },
   "properties": {
    "id": "nyc-X030",
    "name": "Macombs",
    "source": "nyc_parks",
    "status": "verified",
    "confidence": null,
    "hoops": null,
    "surface": null,
    "lit": null,
    "address": "E 158th St. & Ruppert Plaza",
    "region": "nyc",
    "osm_id": null,
    "updated": "2026-10-08"
   }
  },
  {
   "type": "Feature",
   "geometry": {
    "type": "Point",
    "coordinates": [
     -73.8678,
     40.8738
    ]
   },
   "properties": {
    "id": "nyc-X214",
    "name": "Magenta Playground",
    "source": "nyc_parks",
    "status": "verified",
    "confidence": null,
    "hoops": null,
    "surface": null,
    "lit": null,
    "address": "Olinville Ave. & Rosewood St.",
    "region": "nyc",
    "osm_id": null,
    "updated": "2026-10-08"
   }
  },
  {
   "type": "Feature",
   "geometry": {
    "type": "Point",
    "coordinates": [
     -73.9076,
     40.8775
    ]
   },
   "properties": {
    "id": "nyc-X202",
    "name": "Marble Hill Playground",
    "source": "nyc_parks",
    "status": "verified",
    "confidence": null,
    "hoops": null,
    "surface": null,
    "lit": null,
    "address": "Marble Hill Ave. between W 228 and W 230 Sts.",
    "region": "nyc",
    "osm_id": null,
    "updated": "2026-10-08"
   }
  },
  {
   "type": "Feature",
   "geometry": {
    "type": "Point",
    "coordinates": [
     -73.8613,
     40.8467
    ]
   },
   "properties": {
    "id": "nyc-X178",
    "name": "Matthews-Muliner Playground",
    "source": "nyc_parks",
    "status": "verified",
    "confidence": null,
    "hoops": null,
    "surface": null,
    "lit": null,
    "address": "Matthews & Muliner Aves.",
    "region": "nyc",
    "osm_id": null,
    "updated": "2026-10-08"
   }
  },
  {
   "type": "Feature",
   "geometry": {
    "type": "Point",
    "coordinates": [
     -73.8585,
     40.8625
    ]
   },
   "properties": {
    "id": "nyc-X157",
    "name": "Mazzei Playground",
    "source": "nyc_parks",
    "status": "verified",
    "confidence": null,
    "hoops": null,
    "surface": null,
    "lit": null,
    "address": "Mace Ave. & Williamsbridge Rd.",
    "region": "nyc",
    "osm_id": null,
    "updated": "2026-10-08"
   }
  },
  {
   "type": "Feature",
   "geometry": {
    "type": "Point",
    "coordinates": [
     -73.9266,
     40.8388
    ]
   },
   "properties": {
    "id": "nyc-X153",
    "name": "Merriam Playground (lower)",
    "source": "nyc_parks",
    "status": "verified",
    "confidence": null,
    "hoops": null,
    "surface": null,
    "lit": null,
    "address": "W 168 St., Merriam Ave., Ogden Ave. and University Ave.",
    "region": "nyc",
    "osm_id": null,
    "updated": "2026-10-08"
   }
  },
  {
   "type": "Feature",
   "geometry": {
    "type": "Point",
    "coordinates": [
     -73.9269,
     40.8408
    ]
   },
   "properties": {
    "id": "nyc-X153-2",
    "name": "Merriam Playground (upper)",
    "source": "nyc_parks",
    "status": "verified",
    "confidence": null,
    "hoops": null,
    "surface": null,
    "lit": null,
    "address": "W 168 St., Merriam Ave., Ogden Ave. and University Ave.",
    "region": "nyc",
    "osm_id": null,
    "updated": "2026-10-08"
   }
  },
  {
   "type": "Feature",
   "geometry": {
    "type": "Point",
    "coordinates": [
     -73.9162,
     40.8042
    ]
   },
   "properties": {
    "id": "nyc-X182",
    "name": "Millbrook Playground",
    "source": "nyc_parks",
    "status": "verified",
    "confidence": null,
    "hoops": null,
    "surface": null,
    "lit": null,
    "address": "E 135 St. & Cypress Ave.",
    "region": "nyc",
    "osm_id": null,
    "updated": "2026-10-08"
   }
  },
  {
   "type": "Feature",
   "geometry": {
    "type": "Point",
    "coordinates": [
     -73.9074,
     40.8325
    ]
   },
   "properties": {
    "id": "nyc-X206",
    "name": "Morgan Playground",
    "source": "nyc_parks",
    "status": "verified",
    "confidence": null,
    "hoops": null,
    "surface": null,
    "lit": null,
    "address": "E 168 St., Park Ave. and Washington Ave.",
    "region": "nyc",
    "osm_id": null,
    "updated": "2026-10-08"
   }
  },
  {
   "type": "Feature",
   "geometry": {
    "type": "Point",
    "coordinates": [
     -73.9141,
     40.8515
    ]
   },
   "properties": {
    "id": "nyc-X001A",
    "name": "Morton Playground",
    "source": "nyc_parks",
    "status": "verified",
    "confidence": null,
    "hoops": null,
    "surface": null,
    "lit": null,
    "address": "Morton Pl. & University Ave.",
    "region": "nyc",
    "osm_id": null,
    "updated": "2026-10-08"
   }
  },
  {
   "type": "Feature",
   "geometry": {
    "type": "Point",
    "coordinates": [
     -73.9146,
     40.8314
    ]
   },
   "properties": {
    "id": "nyc-X115",
    "name": "Mott Playground",
    "source": "nyc_parks",
    "status": "verified",
    "confidence": null,
    "hoops": null,
    "surface": null,
    "lit": null,
    "address": "E 166 St. & Morris Ave.",
    "region": "nyc",
    "osm_id": null,
    "updated": "2026-10-08"
   }
  },
  {
   "type": "Feature",
   "geometry": {
    "type": "Point",
    "coordinates": [
     -73.9094,
     40.8505
    ]
   },
   "properties": {
    "id": "nyc-X257",
    "name": "Mount Hope Playground",
    "source": "nyc_parks",
    "status": "verified",
    "confidence": null,
    "hoops": null,
    "surface": null,
    "lit": null,
    "address": "E. 177 St. & Walton Ave.",
    "region": "nyc",
    "osm_id": null,
    "updated": "2026-10-08"
   }
  },
  {
   "type": "Feature",
   "geometry": {
    "type": "Point",
    "coordinates": [
     -73.925,
     40.8317
    ]
   },
   "properties": {
    "id": "nyc-X034",
    "name": "Rev. T. Wendell Foster Park",
    "source": "nyc_parks",
    "status": "verified",
    "confidence": null,
    "hoops": null,
    "surface": null,
    "lit": null,
    "address": "E 164 St. & River Ave.",
    "region": "nyc",
    "osm_id": null,
    "updated": "2026-10-08"
   }
  },
  {
   "type": "Feature",
   "geometry": {
    "type": "Point",
    "coordinates": [
     -73.9269,
     40.8347
    ]
   },
   "properties": {
    "id": "nyc-X168",
    "name": "Nelson Playground",
    "source": "nyc_parks",
    "status": "verified",
    "confidence": null,
    "hoops": null,
    "surface": null,
    "lit": null,
    "address": "W 166 St. & Nelson Ave.",
    "region": "nyc",
    "osm_id": null,
    "updated": "2026-10-08"
   }
  },
  {
   "type": "Feature",
   "geometry": {
    "type": "Point",
    "coordinates": [
     -73.8726,
     40.8369
    ]
   },
   "properties": {
    "id": "nyc-X123",
    "name": "Noble Playground",
    "source": "nyc_parks",
    "status": "verified",
    "confidence": null,
    "hoops": null,
    "surface": null,
    "lit": null,
    "address": "Noble & Bronx River Aves.",
    "region": "nyc",
    "osm_id": null,
    "updated": "2026-10-08"
   }
  },
  {
   "type": "Feature",
   "geometry": {
    "type": "Point",
    "coordinates": [
     73.7922,
     40.8688
    ]
   },
   "properties": {
    "id": "nyc-X039",
    "name": "Orchard Beach",
    "source": "nyc_parks",
    "status": "verified",
    "confidence": null,
    "hoops": null,
    "surface": null,
    "lit": null,
    "address": "Bruckner Blvd., Eastchester Bay, Hutchinson River and LI Sound",
    "region": "nyc",
    "osm_id": null,
    "updated": "2026-10-08"
   }
  },
  {
   "type": "Feature",
   "geometry": {
    "type": "Point",
    "coordinates": [
     -73.8505,
     40.8237
    ]
   },
   "properties": {
    "id": "nyc-X151",
    "name": "P.O. Hillario Serrano Playground",
    "source": "nyc_parks",
    "status": "verified",
    "confidence": null,
    "hoops": null,
    "surface": null,
    "lit": null,
    "address": "Olmstead & Castle Hill Aves.",
    "region": "nyc",
    "osm_id": null,
    "updated": "2026-10-08"
   }
  },
  {
   "type": "Feature",
   "geometry": {
    "type": "Point",
    "coordinates": [
     -73.853,
     40.8392
    ]
   },
   "properties": {
    "id": "nyc-X177",
    "name": "Parker Playground",
    "source": "nyc_parks",
    "status": "verified",
    "confidence": null,
    "hoops": null,
    "surface": null,
    "lit": null,
    "address": "Castle Hill Ave. & Parker St.",
    "region": "nyc",
    "osm_id": null,
    "updated": "2026-10-08"
   }
  },
  {
   "type": "Feature",
   "geometry": {
    "type": "Point",
    "coordinates": [
     -73.868,
     40.8682
    ]
   },
   "properties": {
    "id": "nyc-X162",
    "name": "Parkside Playground",
    "source": "nyc_parks",
    "status": "verified",
    "confidence": null,
    "hoops": null,
    "surface": null,
    "lit": null,
    "address": "Arnow Ave. & Olinville Ave.",
    "region": "nyc",
    "osm_id": null,
    "updated": "2026-10-08"
   }
  },
  {
   "type": "Feature",
   "geometry": {
    "type": "Point",
    "coordinates": [
     -73.9216,
     40.816
    ]
   },
   "properties": {
    "id": "nyc-X155",
    "name": "Patterson Playground",
    "source": "nyc_parks",
    "status": "verified",
    "confidence": null,
    "hoops": null,
    "surface": null,
    "lit": null,
    "address": "Morris & College Aves.",
    "region": "nyc",
    "osm_id": null,
    "updated": "2026-10-08"
   }
  },
  {
   "type": "Feature",
   "geometry": {
    "type": "Point",
    "coordinates": [
     -73.8252,
     40.8483
    ]
   },
   "properties": {
    "id": "nyc-X039-2",
    "name": "Pelham Bay Playground",
    "source": "nyc_parks",
    "status": "verified",
    "confidence": null,
    "hoops": null,
    "surface": null,
    "lit": null,
    "address": "Middletown Road, off Bruckner Blvd.",
    "region": "nyc",
    "osm_id": null,
    "updated": "2026-10-08"
   }
  },
  {
   "type": "Feature",
   "geometry": {
    "type": "Point",
    "coordinates": [
     -73.8906,
     40.8432
    ]
   },
   "properties": {
    "id": "nyc-X148H1",
    "name": "Prospect Playground",
    "source": "nyc_parks",
    "status": "verified",
    "confidence": null,
    "hoops": null,
    "surface": null,
    "lit": null,
    "address": "Clinton Ave. & E 176 St.",
    "region": "nyc",
    "osm_id": null,
    "updated": "2026-10-08"
   }
  },
  {
   "type": "Feature",
   "geometry": {
    "type": "Point",
    "coordinates": [
     -73.8592,
     40.8879
    ]
   },
   "properties": {
    "id": "nyc-X141",
    "name": "PS 21 Playground/Rienzi Playground",
    "source": "nyc_parks",
    "status": "verified",
    "confidence": null,
    "hoops": null,
    "surface": null,
    "lit": null,
    "address": "E 225 St. & White Plains Rd.",
    "region": "nyc",
    "osm_id": null,
    "updated": "2026-10-08"
   }
  },
  {
   "type": "Feature",
   "geometry": {
    "type": "Point",
    "coordinates": [
     -73.819,
     40.8225
    ]
   },
   "properties": {
    "id": "nyc-X133",
    "name": "PS 48 Playground/Hunts Point Playground",
    "source": "nyc_parks",
    "status": "verified",
    "confidence": null,
    "hoops": null,
    "surface": null,
    "lit": null,
    "address": "Faile St. & Hunts Point Ave.",
    "region": "nyc",
    "osm_id": null,
    "updated": "2026-10-08"
   }
  },
  {
   "type": "Feature",
   "geometry": {
    "type": "Point",
    "coordinates": [
     -73.8494,
     40.8193
    ]
   },
   "properties": {
    "id": "nyc-X203",
    "name": "Randall Playground",
    "source": "nyc_parks",
    "status": "verified",
    "confidence": null,
    "hoops": null,
    "surface": null,
    "lit": null,
    "address": "Randall & Castle Hill Aves.",
    "region": "nyc",
    "osm_id": null,
    "updated": "2026-10-08"
   }
  },
  {
   "type": "Feature",
   "geometry": {
    "type": "Point",
    "coordinates": [
     -73.9152,
     40.8883
    ]
   },
   "properties": {
    "id": "nyc-X186",
    "name": "Riverdale Playground",
    "source": "nyc_parks",
    "status": "verified",
    "confidence": null,
    "hoops": null,
    "surface": null,
    "lit": null,
    "address": "W 237 St. & Independence Ave.",
    "region": "nyc",
    "osm_id": null,
    "updated": "2026-10-08"
   }
  },
  {
   "type": "Feature",
   "geometry": {
    "type": "Point",
    "coordinates": [
     -73.9193,
     40.8088
    ]
   },
   "properties": {
    "id": "nyc-X238",
    "name": "Saw Mill Playground",
    "source": "nyc_parks",
    "status": "verified",
    "confidence": null,
    "hoops": null,
    "surface": null,
    "lit": null,
    "address": "Brook Avenue and East 140 Street",
    "region": "nyc",
    "osm_id": null,
    "updated": "2026-10-08"
   }
  },
  {
   "type": "Feature",
   "geometry": {
    "type": "Point",
    "coordinates": [
     -73.923,
     40.8455
    ]
   },
   "properties": {
    "id": "nyc-X158",
    "name": "Sedgwick Playground",
    "source": "nyc_parks",
    "status": "verified",
    "confidence": null,
    "hoops": null,
    "surface": null,
    "lit": null,
    "address": "Undercliff Ave. & Cross Bronx Expwy.",
    "region": "nyc",
    "osm_id": null,
    "updated": "2026-10-08"
   }
  },
  {
   "type": "Feature",
   "geometry": {
    "type": "Point",
    "coordinates": [
     -73.9171,
     40.8864
    ]
   },
   "properties": {
    "id": "nyc-X201",
    "name": "Seton Park",
    "source": "nyc_parks",
    "status": "verified",
    "confidence": null,
    "hoops": null,
    "surface": null,
    "lit": null,
    "address": "W 235 St. & Douglas Ave.",
    "region": "nyc",
    "osm_id": null,
    "updated": "2026-10-08"
   }
  },
  {
   "type": "Feature",
   "geometry": {
    "type": "Point",
    "coordinates": [
     -73.8988,
     40.8574
    ]
   },
   "properties": {
    "id": "nyc-X085",
    "name": "Slattery Playground",
    "source": "nyc_parks",
    "status": "verified",
    "confidence": null,
    "hoops": null,
    "surface": null,
    "lit": null,
    "address": "Ryer & Valentine Aves.",
    "region": "nyc",
    "osm_id": null,
    "updated": "2026-10-08"
   }
  },
  {
   "type": "Feature",
   "geometry": {
    "type": "Point",
    "coordinates": [
     -73.8655,
     40.8143
    ]
   },
   "properties": {
    "id": "nyc-X118",
    "name": "Sound View Park",
    "source": "nyc_parks",
    "status": "verified",
    "confidence": null,
    "hoops": null,
    "surface": null,
    "lit": null,
    "address": "Bronx River & Lafayette Aves.",
    "region": "nyc",
    "osm_id": null,
    "updated": "2026-10-08"
   }
  },
  {
   "type": "Feature",
   "geometry": {
    "type": "Point",
    "coordinates": [
     -73.8598,
     40.8225
    ]
   },
   "properties": {
    "id": "nyc-X221",
    "name": "Space-Time Playground",
    "source": "nyc_parks",
    "status": "verified",
    "confidence": null,
    "hoops": null,
    "surface": null,
    "lit": null,
    "address": "Lafayette & Bolton Aves.",
    "region": "nyc",
    "osm_id": null,
    "updated": "2026-10-08"
   }
  },
  {
   "type": "Feature",
   "geometry": {
    "type": "Point",
    "coordinates": [
     -73.9156,
     40.8871
    ]
   },
   "properties": {
    "id": "nyc-X171",
    "name": "Spuyten Duyvil Playground",
    "source": "nyc_parks",
    "status": "verified",
    "confidence": null,
    "hoops": null,
    "surface": null,
    "lit": null,
    "address": "W 236 St. & Douglas Ave.",
    "region": "nyc",
    "osm_id": null,
    "updated": "2026-10-08"
   }
  },
  {
   "type": "Feature",
   "geometry": {
    "type": "Point",
    "coordinates": [
     -73.8972,
     40.8658
    ]
   },
   "properties": {
    "id": "nyc-X044",
    "name": "St. James Park",
    "source": "nyc_parks",
    "status": "verified",
    "confidence": null,
    "hoops": null,
    "surface": null,
    "lit": null,
    "address": "E 193 St. & Jerome Ave.",
    "region": "nyc",
    "osm_id": null,
    "updated": "2026-10-08"
   }
  },
  {
   "type": "Feature",
   "geometry": {
    "type": "Point",
    "coordinates": [
     -73.9138,
     40.8125
    ]
   },
   "properties": {
    "id": "nyc-X045",
    "name": "St. Mary's Playground East",
    "source": "nyc_parks",
    "status": "verified",
    "confidence": null,
    "hoops": null,
    "surface": null,
    "lit": null,
    "address": "Jackson Ave. & St. Mary's St.",
    "region": "nyc",
    "osm_id": null,
    "updated": "2026-10-08"
   }
  },
  {
   "type": "Feature",
   "geometry": {
    "type": "Point",
    "coordinates": [
     -73.9105,
     40.8102
    ]
   },
   "properties": {
    "id": "nyc-X045-2",
    "name": "St. Mary's Playground West",
    "source": "nyc_parks",
    "status": "verified",
    "confidence": null,
    "hoops": null,
    "surface": null,
    "lit": null,
    "address": "Saint Ann's Ave. & E 147 St.",
    "region": "nyc",
    "osm_id": null,
    "updated": "2026-10-08"
   }
  },
  {
   "type": "Feature",
   "geometry": {
    "type": "Point",
    "coordinates": [
     -73.8396,
     40.8857
    ]
   },
   "properties": {
    "id": "nyc-X193",
    "name": "Stars & Stripes Playground",
    "source": "nyc_parks",
    "status": "verified",
    "confidence": null,
    "hoops": null,
    "surface": null,
    "lit": null,
    "address": "Crawford & Baychester Aves.",
    "region": "nyc",
    "osm_id": null,
    "updated": "2026-10-08"
   }
  },
  {
   "type": "Feature",
   "geometry": {
    "type": "Point",
    "coordinates": [
     -73.8983,
     40.8226
    ]
   },
   "properties": {
    "id": "nyc-X211",
    "name": "Stebbins Playground",
    "source": "nyc_parks",
    "status": "verified",
    "confidence": null,
    "hoops": null,
    "surface": null,
    "lit": null,
    "address": "E 165 St. & Stebbins Ave.",
    "region": "nyc",
    "osm_id": null,
    "updated": "2026-10-08"
   }
  },
  {
   "type": "Feature",
   "geometry": {
    "type": "Point",
    "coordinates": [
     -73.8631,
     40.8229
    ]
   },
   "properties": {
    "id": "nyc-X204",
    "name": "Story Playground",
    "source": "nyc_parks",
    "status": "verified",
    "confidence": null,
    "hoops": null,
    "surface": null,
    "lit": null,
    "address": "Theriot & Story Aves.",
    "region": "nyc",
    "osm_id": null,
    "updated": "2026-10-08"
   }
  },
  {
   "type": "Feature",
   "geometry": {
    "type": "Point",
    "coordinates": [
     -73.8503,
     40.8659
    ]
   },
   "properties": {
    "id": "nyc-X172-2",
    "name": "The Pearly Gates Playground",
    "source": "nyc_parks",
    "status": "verified",
    "confidence": null,
    "hoops": null,
    "surface": null,
    "lit": null,
    "address": "Tratman & Saint Peter's Aves.",
    "region": "nyc",
    "osm_id": null,
    "updated": "2026-10-08"
   }
  },
  {
   "type": "Feature",
   "geometry": {
    "type": "Point",
    "coordinates": [
     -73.8944,
     40.8249
    ]
   },
   "properties": {
    "id": "nyc-X190",
    "name": "Tiffany Playground",
    "source": "nyc_parks",
    "status": "verified",
    "confidence": null,
    "hoops": null,
    "surface": null,
    "lit": null,
    "address": "Fox, Tiffany & E 167 Sts.",
    "region": "nyc",
    "osm_id": null,
    "updated": "2026-10-08"
   }
  },
  {
   "type": "Feature",
   "geometry": {
    "type": "Point",
    "coordinates": [
     -73.891,
     40.8853
    ]
   },
   "properties": {
    "id": "nyc-X092",
    "name": "Van Cortlandt Park Basketball Court",
    "source": "nyc_parks",
    "status": "verified",
    "confidence": null,
    "hoops": null,
    "surface": null,
    "lit": null,
    "address": "Broadway between Van Cortlandt Park South and West 242nd Street (next to the stadium)",
    "region": "nyc",
    "osm_id": null,
    "updated": "2026-10-08"
   }
  },
  {
   "type": "Feature",
   "geometry": {
    "type": "Point",
    "coordinates": [
     -73.8543,
     40.9018
    ]
   },
   "properties": {
    "id": "nyc-X188",
    "name": "Wakefield Playground",
    "source": "nyc_parks",
    "status": "verified",
    "confidence": null,
    "hoops": null,
    "surface": null,
    "lit": null,
    "address": "Carpenter Ave. & E 239 St.",
    "region": "nyc",
    "osm_id": null,
    "updated": "2026-10-08"
   }
  },
  {
   "type": "Feature",
   "geometry": {
    "type": "Point",
    "coordinates": [
     -73.8715,
     40.8602
    ]
   },
   "properties": {
    "id": "nyc-X002-2",
    "name": "Waring Playground",
    "source": "nyc_parks",
    "status": "verified",
    "confidence": null,
    "hoops": null,
    "surface": null,
    "lit": null,
    "address": "Waring Ave. & Bronx Pk E.",
    "region": "nyc",
    "osm_id": null,
    "updated": "2026-10-08"
   }
  },
  {
   "type": "Feature",
   "geometry": {
    "type": "Point",
    "coordinates": [
     -73.8689,
     40.8281
    ]
   },
   "properties": {
    "id": "nyc-X124",
    "name": "Watson Gleason Playground",
    "source": "nyc_parks",
    "status": "verified",
    "confidence": null,
    "hoops": null,
    "surface": null,
    "lit": null,
    "address": "Watson & Rosedale Aves.",
    "region": "nyc",
    "osm_id": null,
    "updated": "2026-10-08"
   }
  },
  {
   "type": "Feature",
   "geometry": {
    "type": "Point",
    "coordinates": [
     -73.8927,
     40.8594
    ]
   },
   "properties": {
    "id": "nyc-X174",
    "name": "Webster Playground",
    "source": "nyc_parks",
    "status": "verified",
    "confidence": null,
    "hoops": null,
    "surface": null,
    "lit": null,
    "address": "E 188 St. & Webster Ave.",
    "region": "nyc",
    "osm_id": null,
    "updated": "2026-10-08"
   }
  },
  {
   "type": "Feature",
   "geometry": {
    "type": "Point",
    "coordinates": [
     -73.8776,
     40.8768
    ]
   },
   "properties": {
    "id": "nyc-X104",
    "name": "Williamsbridge Oval",
    "source": "nyc_parks",
    "status": "verified",
    "confidence": null,
    "hoops": null,
    "surface": null,
    "lit": null,
    "address": "Van Cortlandt Ave. E, Bainbridge Ave. and Reservoir Oval",
    "region": "nyc",
    "osm_id": null,
    "updated": "2026-10-08"
   }
  },
  {
   "type": "Feature",
   "geometry": {
    "type": "Point",
    "coordinates": [
     -73.9236,
     40.8107
    ]
   },
   "properties": {
    "id": "nyc-X217",
    "name": "Willis Playground",
    "source": "nyc_parks",
    "status": "verified",
    "confidence": null,
    "hoops": null,
    "surface": null,
    "lit": null,
    "address": "Willis Ave. & E 141 St.",
    "region": "nyc",
    "osm_id": null,
    "updated": "2026-10-08"
   }
  },
  {
   "type": "Feature",
   "geometry": {
    "type": "Point",
    "coordinates": [
     -73.9808,
     40.646
    ]
   },
   "properties": {
    "id": "nyc-B297",
    "name": "Albemarle Playground",
    "source": "nyc_parks",
    "status": "verified",
    "confidence": null,
    "hoops": null,
    "surface": null,
    "lit": null,
    "address": "Albermarle Rd., Dahill Rd. and McDonald Ave.",
    "region": "nyc",
    "osm_id": null,
    "updated": "2026-10-08"
   }
  },
  {
   "type": "Feature",
   "geometry": {
    "type": "Point",
    "coordinates": [
     -73.9709,
     40.6905
    ]
   },
   "properties": {
    "id": "nyc-B253",
    "name": "Albert J. Parham Playground",
    "source": "nyc_parks",
    "status": "verified",
    "confidence": null,
    "hoops": null,
    "surface": null,
    "lit": null,
    "address": "Franklin Ave. between Willoughby and DeKalb Aves.",
    "region": "nyc",
    "osm_id": null,
    "updated": "2026-10-08"
   }
  },
  {
   "type": "Feature",
   "geometry": {
    "type": "Point",
    "coordinates": [
     -73.9709,
     40.6905
    ]
   },
   "properties": {
    "id": "nyc-B253-2",
    "name": "Albert Lysander Parham Playground",
    "source": "nyc_parks",
    "status": "verified",
    "confidence": null,
    "hoops": null,
    "surface": null,
    "lit": null,
    "address": "Adelphi St., Clermont, DeKalb and Willoughby Aves.",
    "region": "nyc",
    "osm_id": null,
    "updated": "2026-10-08"
   }
  },
  {
   "type": "Feature",
   "geometry": {
    "type": "Point",
    "coordinates": [
     -73.9405,
     40.6626
    ]
   },
   "properties": {
    "id": "nyc-B193",
    "name": "Alex Hamilton-Metz Memorial Field",
    "source": "nyc_parks",
    "status": "verified",
    "confidence": null,
    "hoops": null,
    "surface": null,
    "lit": null,
    "address": "Albany, East New York and Lefferts Aves.",
    "region": "nyc",
    "osm_id": null,
    "updated": "2026-10-08"
   }
  },
  {
   "type": "Feature",
   "geometry": {
    "type": "Point",
    "coordinates": [
     -73.912,
     40.6131
    ]
   },
   "properties": {
    "id": "nyc-B329",
    "name": "Alex Lindower Park",
    "source": "nyc_parks",
    "status": "verified",
    "confidence": null,
    "hoops": null,
    "surface": null,
    "lit": null,
    "address": "Mill & Strickland Aves.",
    "region": "nyc",
    "osm_id": null,
    "updated": "2026-10-08"
   }
  },
  {
   "type": "Feature",
   "geometry": {
    "type": "Point",
    "coordinates": [
     -73.9578,
     40.729
    ]
   },
   "properties": {
    "id": "nyc-B001",
    "name": "American Playground",
    "source": "nyc_parks",
    "status": "verified",
    "confidence": null,
    "hoops": null,
    "surface": null,
    "lit": null,
    "address": "Noble, Franklin & Milton Sts.",
    "region": "nyc",
    "osm_id": null,
    "updated": "2026-10-08"
   }
  },
  {
   "type": "Feature",
   "geometry": {
    "type": "Point",
    "coordinates": [
     -73.9464,
     40.623
    ]
   },
   "properties": {
    "id": "nyc-B287",
    "name": "Andries Playground",
    "source": "nyc_parks",
    "status": "verified",
    "confidence": null,
    "hoops": null,
    "surface": null,
    "lit": null,
    "address": "Ave. K & Nostrand Ave.",
    "region": "nyc",
    "osm_id": null,
    "updated": "2026-10-08"
   }
  },
  {
   "type": "Feature",
   "geometry": {
    "type": "Point",
    "coordinates": [
     -73.9494,
     40.6903
    ]
   },
   "properties": {
    "id": "nyc-B140",
    "name": "Banneker Playground",
    "source": "nyc_parks",
    "status": "verified",
    "confidence": null,
    "hoops": null,
    "surface": null,
    "lit": null,
    "address": "Marcy Ave., Kosciusko St. and Lafayette Ave.",
    "region": "nyc",
    "osm_id": null,
    "updated": "2026-10-08"
   }
  },
  {
   "type": "Feature",
   "geometry": {
    "type": "Point",
    "coordinates": [
     -73.946,
     40.7012
    ]
   },
   "properties": {
    "id": "nyc-B286",
    "name": "Bartlett Playground",
    "source": "nyc_parks",
    "status": "verified",
    "confidence": null,
    "hoops": null,
    "surface": null,
    "lit": null,
    "address": "Bartlett St. & Throop Ave.",
    "region": "nyc",
    "osm_id": null,
    "updated": "2026-10-08"
   }
  },
  {
   "type": "Feature",
   "geometry": {
    "type": "Point",
    "coordinates": [
     -74.0107,
     40.6024
    ]
   },
   "properties": {
    "id": "nyc-B164",
    "name": "Bath Beach Playground",
    "source": "nyc_parks",
    "status": "verified",
    "confidence": null,
    "hoops": null,
    "surface": null,
    "lit": null,
    "address": "Shore Pkwy. & 17 Ave.",
    "region": "nyc",
    "osm_id": null,
    "updated": "2026-10-08"
   }
  },
  {
   "type": "Feature",
   "geometry": {
    "type": "Point",
    "coordinates": [
     -73.9936,
     40.5946
    ]
   },
   "properties": {
    "id": "nyc-B349",
    "name": "Bath Playground",
    "source": "nyc_parks",
    "status": "verified",
    "confidence": null,
    "hoops": null,
    "surface": null,
    "lit": null,
    "address": "Bath Ave. between 24 Ave. and Bay 37 St.",
    "region": "nyc",
    "osm_id": null,
    "updated": "2026-10-08"
   }
  },
  {
   "type": "Feature",
   "geometry": {
    "type": "Point",
    "coordinates": [
     -73.8871,
     40.6348
    ]
   },
   "properties": {
    "id": "nyc-B274",
    "name": "Bay View Houses & PS 272",
    "source": "nyc_parks",
    "status": "verified",
    "confidence": null,
    "hoops": null,
    "surface": null,
    "lit": null,
    "address": "S/JS Seaview Ave. Opposite E 99 St.",
    "region": "nyc",
    "osm_id": null,
    "updated": "2026-10-08"
   }
  },
  {
   "type": "Feature",
   "geometry": {
    "type": "Point",
    "coordinates": [
     -73.9859,
     40.6079
    ]
   },
   "properties": {
    "id": "nyc-B100",
    "name": "Bealin Square & Seth Low Playground",
    "source": "nyc_parks",
    "status": "verified",
    "confidence": null,
    "hoops": null,
    "surface": null,
    "lit": null,
    "address": "Ave. P., Bay Pkwy. and W 12 St.",
    "region": "nyc",
    "osm_id": null,
    "updated": "2026-10-08"
   }
  },
  {
   "type": "Feature",
   "geometry": {
    "type": "Point",
    "coordinates": [
     -73.9637,
     40.7084
    ]
   },
   "properties": {
    "id": "nyc-B142",
    "name": "Bedford Playground",
    "source": "nyc_parks",
    "status": "verified",
    "confidence": null,
    "hoops": null,
    "surface": null,
    "lit": null,
    "address": "Bedford Ave., S 9 St. and Division Ave.",
    "region": "nyc",
    "osm_id": null,
    "updated": "2026-10-08"
   }
  },
  {
   "type": "Feature",
   "geometry": {
    "type": "Point",
    "coordinates": [
     -73.8629,
     40.6757
    ]
   },
   "properties": {
    "id": "nyc-B283",
    "name": "Belmont Playground",
    "source": "nyc_parks",
    "status": "verified",
    "confidence": null,
    "hoops": null,
    "surface": null,
    "lit": null,
    "address": "Pitkin Ave., Drew St., Belmont Ave., and N Conduit Ave.",
    "region": "nyc",
    "osm_id": null,
    "updated": "2026-10-08"
   }
  },
  {
   "type": "Feature",
   "geometry": {
    "type": "Point",
    "coordinates": [
     -74.0025,
     40.6027
    ]
   },
   "properties": {
    "id": "nyc-B277",
    "name": "Benson Playground",
    "source": "nyc_parks",
    "status": "verified",
    "confidence": null,
    "hoops": null,
    "surface": null,
    "lit": null,
    "address": "Bath Ave. between Bay 22 and Bay 23 Sts.",
    "region": "nyc",
    "osm_id": null,
    "updated": "2026-10-08"
   }
  },
  {
   "type": "Feature",
   "geometry": {
    "type": "Point",
    "coordinates": [
     -74.0011,
     40.5977
    ]
   },
   "properties": {
    "id": "nyc-B007",
    "name": "Bensonhurst Park",
    "source": "nyc_parks",
    "status": "verified",
    "confidence": null,
    "hoops": null,
    "surface": null,
    "lit": null,
    "address": "Gravesend Bay, 21 Ave., Cropsey Ave. and Bay Pkwy.",
    "region": "nyc",
    "osm_id": null,
    "updated": "2026-10-08"
   }
  },
  {
   "type": "Feature",
   "geometry": {
    "type": "Point",
    "coordinates": [
     -73.9095,
     40.6226
    ]
   },
   "properties": {
    "id": "nyc-B353",
    "name": "Bergen Beach Park",
    "source": "nyc_parks",
    "status": "verified",
    "confidence": null,
    "hoops": null,
    "surface": null,
    "lit": null,
    "address": "Ave. T, Ave. N, E 71 St. and E 72 St.",
    "region": "nyc",
    "osm_id": null,
    "updated": "2026-10-08"
   }
  },
  {
   "type": "Feature",
   "geometry": {
    "type": "Point",
    "coordinates": [
     -73.9637,
     40.7126
    ]
   },
   "properties": {
    "id": "nyc-B154",
    "name": "Berry Playground",
    "source": "nyc_parks",
    "status": "verified",
    "confidence": null,
    "hoops": null,
    "surface": null,
    "lit": null,
    "address": "S 3 St., Berry St. and Bedford Ave.",
    "region": "nyc",
    "osm_id": null,
    "updated": "2026-10-08"
   }
  },
  {
   "type": "Feature",
   "geometry": {
    "type": "Point",
    "coordinates": [
     -73.9119,
     40.6643
    ]
   },
   "properties": {
    "id": "nyc-B008",
    "name": "Betsy Head Memorial Playground",
    "source": "nyc_parks",
    "status": "verified",
    "confidence": null,
    "hoops": null,
    "surface": null,
    "lit": null,
    "address": "Livonia Ave., Dumont Ave., Hopkinson Ave., Blake Ave. and Strauss St.",
    "region": "nyc",
    "osm_id": null,
    "updated": "2026-10-08"
   }
  },
  {
   "type": "Feature",
   "geometry": {
    "type": "Point",
    "coordinates": [
     -73.9117,
     40.6354
    ]
   },
   "properties": {
    "id": "nyc-B335",
    "name": "Bildersee Playground",
    "source": "nyc_parks",
    "status": "verified",
    "confidence": null,
    "hoops": null,
    "surface": null,
    "lit": null,
    "address": "Flatlands Ave. between E 81 and E 82 St.",
    "region": "nyc",
    "osm_id": null,
    "updated": "2026-10-08"
   }
  },
  {
   "type": "Feature",
   "geometry": {
    "type": "Point",
    "coordinates": [
     -73.9657,
     40.5751
    ]
   },
   "properties": {
    "id": "nyc-B169A",
    "name": "Brighton Playground",
    "source": "nyc_parks",
    "status": "verified",
    "confidence": null,
    "hoops": null,
    "surface": null,
    "lit": null,
    "address": "W/S Brighton 2 Sts. At Boardwalk",
    "region": "nyc",
    "osm_id": null,
    "updated": "2026-10-08"
   }
  },
  {
   "type": "Feature",
   "geometry": {
    "type": "Point",
    "coordinates": [
     -73.9947,
     40.6424
    ]
   },
   "properties": {
    "id": "nyc-B162",
    "name": "Brizzi Playground",
    "source": "nyc_parks",
    "status": "verified",
    "confidence": null,
    "hoops": null,
    "surface": null,
    "lit": null,
    "address": "42 St. & 10 to New Utrecht Aves.",
    "region": "nyc",
    "osm_id": null,
    "updated": "2026-10-08"
   }
  },
  {
   "type": "Feature",
   "geometry": {
    "type": "Point",
    "coordinates": [
     -73.9442,
     40.6735
    ]
   },
   "properties": {
    "id": "nyc-B012",
    "name": "Brower Park & PS 189",
    "source": "nyc_parks",
    "status": "verified",
    "confidence": null,
    "hoops": null,
    "surface": null,
    "lit": null,
    "address": "Brooklyn Ave., St. Mark's Ave., Kingston Ave. and Strauss St.",
    "region": "nyc",
    "osm_id": null,
    "updated": "2026-10-08"
   }
  },
  {
   "type": "Feature",
   "geometry": {
    "type": "Point",
    "coordinates": [
     -73.9014,
     40.6568
    ]
   },
   "properties": {
    "id": "nyc-B270",
    "name": "Brownsville Rec. Center & Playground",
    "source": "nyc_parks",
    "status": "verified",
    "confidence": null,
    "hoops": null,
    "surface": null,
    "lit": null,
    "address": "Linden Blvd. and Christopher Ave.",
    "region": "nyc",
    "osm_id": null,
    "updated": "2026-10-08"
   }
  },
  {
   "type": "Feature",
   "geometry": {
    "type": "Point",
    "coordinates": [
     -73.9394,
     40.7018
    ]
   },
   "properties": {
    "id": "nyc-B310",
    "name": "Bushwick Playground",
    "source": "nyc_parks",
    "status": "verified",
    "confidence": null,
    "hoops": null,
    "surface": null,
    "lit": null,
    "address": "Knickerbocker Ave., Putnam Ave. and Woodbine St.",
    "region": "nyc",
    "osm_id": null,
    "updated": "2026-10-08"
   }
  },
  {
   "type": "Feature",
   "geometry": {
    "type": "Point",
    "coordinates": [
     -73.8933,
     40.6308
    ]
   },
   "properties": {
    "id": "nyc-B018",
    "name": "Canarsie Park",
    "source": "nyc_parks",
    "status": "verified",
    "confidence": null,
    "hoops": null,
    "surface": null,
    "lit": null,
    "address": "Paedergat Basin and Seaview Ave.",
    "region": "nyc",
    "osm_id": null,
    "updated": "2026-10-08"
   }
  },
  {
   "type": "Feature",
   "geometry": {
    "type": "Point",
    "coordinates": [
     -73.9135,
     40.6204
    ]
   },
   "properties": {
    "id": "nyc-B330",
    "name": "Capt. V. Hickman Park/IS 78",
    "source": "nyc_parks",
    "status": "verified",
    "confidence": null,
    "hoops": null,
    "surface": null,
    "lit": null,
    "address": "Veterans Ave. between E 66 and E 68 Sts.",
    "region": "nyc",
    "osm_id": null,
    "updated": "2026-10-08"
   }
  },
  {
   "type": "Feature",
   "geometry": {
    "type": "Point",
    "coordinates": [
     -73.9207,
     40.6805
    ]
   },
   "properties": {
    "id": "nyc-B347",
    "name": "Carver Playground",
    "source": "nyc_parks",
    "status": "verified",
    "confidence": null,
    "hoops": null,
    "surface": null,
    "lit": null,
    "address": "Ralph Ave., Sumpter St., Howard Ave. and Marion St.",
    "region": "nyc",
    "osm_id": null,
    "updated": "2026-10-08"
   }
  },
  {
   "type": "Feature",
   "geometry": {
    "type": "Point",
    "coordinates": [
     -73.97,
     40.577
    ]
   },
   "properties": {
    "id": "nyc-B337",
    "name": "Century Playground",
    "source": "nyc_parks",
    "status": "verified",
    "confidence": null,
    "hoops": null,
    "surface": null,
    "lit": null,
    "address": "W Brighton Ave. between W 2 and W 3 Sts.",
    "region": "nyc",
    "osm_id": null,
    "updated": "2026-10-08"
   }
  },
  {
   "type": "Feature",
   "geometry": {
    "type": "Point",
    "coordinates": [
     -73.9119,
     40.6688
    ]
   },
   "properties": {
    "id": "nyc-B362",
    "name": "Chester Playground",
    "source": "nyc_parks",
    "status": "verified",
    "confidence": null,
    "hoops": null,
    "surface": null,
    "lit": null,
    "address": "Chester St., Sutter Ave., Bristol St. and Pitkin Ave.",
    "region": "nyc",
    "osm_id": null,
    "updated": "2026-10-08"
   }
  },
  {
   "type": "Feature",
   "geometry": {
    "type": "Point",
    "coordinates": [
     -73.8746,
     40.6789
    ]
   },
   "properties": {
    "id": "nyc-B141",
    "name": "City Line Park",
    "source": "nyc_parks",
    "status": "verified",
    "confidence": null,
    "hoops": null,
    "surface": null,
    "lit": null,
    "address": "Atlantic & Fountain Aves.",
    "region": "nyc",
    "osm_id": null,
    "updated": "2026-10-08"
   }
  },
  {
   "type": "Feature",
   "geometry": {
    "type": "Point",
    "coordinates": [
     -73.9696,
     40.6097
    ]
   },
   "properties": {
    "id": "nyc-B128",
    "name": "Col. David Marcus Memorial Playground",
    "source": "nyc_parks",
    "status": "verified",
    "confidence": null,
    "hoops": null,
    "surface": null,
    "lit": null,
    "address": "Ave. P & E 5 Sts.",
    "region": "nyc",
    "osm_id": null,
    "updated": "2026-10-08"
   }
  },
  {
   "type": "Feature",
   "geometry": {
    "type": "Point",
    "coordinates": [
     -73.9791,
     40.6978
    ]
   },
   "properties": {
    "id": "nyc-B021",
    "name": "Commodore Barry Park & Playground",
    "source": "nyc_parks",
    "status": "verified",
    "confidence": null,
    "hoops": null,
    "surface": null,
    "lit": null,
    "address": "Park Ave., Navy St., Flushing Ave. and N. Eliot Pl.",
    "region": "nyc",
    "osm_id": null,
    "updated": "2026-10-08"
   }
  },
  {
   "type": "Feature",
   "geometry": {
    "type": "Point",
    "coordinates": [
     -73.9362,
     40.7156
    ]
   },
   "properties": {
    "id": "nyc-B025",
    "name": "Cooper Park",
    "source": "nyc_parks",
    "status": "verified",
    "confidence": null,
    "hoops": null,
    "surface": null,
    "lit": null,
    "address": "Sharon St, Olive St., Maspeth Ave. and Morgan Ave.",
    "region": "nyc",
    "osm_id": null,
    "updated": "2026-10-08"
   }
  },
  {
   "type": "Feature",
   "geometry": {
    "type": "Point",
    "coordinates": [
     -73.8711,
     40.6702
    ]
   },
   "properties": {
    "id": "nyc-B103",
    "name": "Cypress Hills Houses Playground",
    "source": "nyc_parks",
    "status": "verified",
    "confidence": null,
    "hoops": null,
    "surface": null,
    "lit": null,
    "address": "Blake & Euclid Aves.",
    "region": "nyc",
    "osm_id": null,
    "updated": "2026-10-08"
   }
  },
  {
   "type": "Feature",
   "geometry": {
    "type": "Point",
    "coordinates": [
     -73.9734,
     40.681
    ]
   },
   "properties": {
    "id": "nyc-B232",
    "name": "Dean Playground",
    "source": "nyc_parks",
    "status": "verified",
    "confidence": null,
    "hoops": null,
    "surface": null,
    "lit": null,
    "address": "Dean to Bergen Sts., between 6 and Carlton Aves.",
    "region": "nyc",
    "osm_id": null,
    "updated": "2026-10-08"
   }
  },
  {
   "type": "Feature",
   "geometry": {
    "type": "Point",
    "coordinates": [
     -73.9369,
     40.6815
    ]
   },
   "properties": {
    "id": "nyc-B215",
    "name": "Decatur Playground",
    "source": "nyc_parks",
    "status": "verified",
    "confidence": null,
    "hoops": null,
    "surface": null,
    "lit": null,
    "address": "Decatur and MacDonough Sts., between Sumner and Lewis Aves.",
    "region": "nyc",
    "osm_id": null,
    "updated": "2026-10-08"
   }
  },
  {
   "type": "Feature",
   "geometry": {
    "type": "Point",
    "coordinates": [
     -73.9609,
     40.6892
    ]
   },
   "properties": {
    "id": "nyc-B293",
    "name": "DeKalb Playground/PS 270 Playground",
    "source": "nyc_parks",
    "status": "verified",
    "confidence": null,
    "hoops": null,
    "surface": null,
    "lit": null,
    "address": "Lafayette & Classon Aves.",
    "region": "nyc",
    "osm_id": null,
    "updated": "2026-10-08"
   }
  },
  {
   "type": "Feature",
   "geometry": {
    "type": "Point",
    "coordinates": [
     -73.9143,
     40.6495
    ]
   },
   "properties": {
    "id": "nyc-B271",
    "name": "Ditmas Playground/Railroad Playground",
    "source": "nyc_parks",
    "status": "verified",
    "confidence": null,
    "hoops": null,
    "surface": null,
    "lit": null,
    "address": "Ditmas Ave. between E 91 & E 92 Sts.",
    "region": "nyc",
    "osm_id": null,
    "updated": "2026-10-08"
   }
  },
  {
   "type": "Feature",
   "geometry": {
    "type": "Point",
    "coordinates": [
     -73.8905,
     40.6681
    ]
   },
   "properties": {
    "id": "nyc-B056",
    "name": "Dr. Martin Luther King, Jr. Park",
    "source": "nyc_parks",
    "status": "verified",
    "confidence": null,
    "hoops": null,
    "surface": null,
    "lit": null,
    "address": "Dumont Ave., Blake Ave., Miller Ave. and Bradford St.",
    "region": "nyc",
    "osm_id": null,
    "updated": "2026-10-08"
   }
  },
  {
   "type": "Feature",
   "geometry": {
    "type": "Point",
    "coordinates": [
     -73.9066,
     40.6674
    ]
   },
   "properties": {
    "id": "nyc-B228",
    "name": "Dr. Richard Greene Playground",
    "source": "nyc_parks",
    "status": "verified",
    "confidence": null,
    "hoops": null,
    "surface": null,
    "lit": null,
    "address": "Stone & Sutter Aves.",
    "region": "nyc",
    "osm_id": null,
    "updated": "2026-10-08"
   }
  },
  {
   "type": "Feature",
   "geometry": {
    "type": "Point",
    "coordinates": [
     -73.9905,
     40.5876
    ]
   },
   "properties": {
    "id": "nyc-B125",
    "name": "Dreier-Offerman Park",
    "source": "nyc_parks",
    "status": "verified",
    "confidence": null,
    "hoops": null,
    "surface": null,
    "lit": null,
    "address": "Gravesend Bay, Bay 44-Bay 49 Sts. and Shore Pkwy.",
    "region": "nyc",
    "osm_id": null,
    "updated": "2026-10-08"
   }
  },
  {
   "type": "Feature",
   "geometry": {
    "type": "Point",
    "coordinates": [
     -74.0126,
     40.6126
    ]
   },
   "properties": {
    "id": "nyc-B028",
    "name": "Dyker Beach Park",
    "source": "nyc_parks",
    "status": "verified",
    "confidence": null,
    "hoops": null,
    "surface": null,
    "lit": null,
    "address": "Shore Pkwy., 86 St. and 7 to 14 Aves.",
    "region": "nyc",
    "osm_id": null,
    "updated": "2026-10-08"
   }
  },
  {
   "type": "Feature",
   "geometry": {
    "type": "Point",
    "coordinates": [
     -74.0135,
     40.6191
    ]
   },
   "properties": {
    "id": "nyc-B282",
    "name": "Patrick O&rsquo;Rourke Park",
    "source": "nyc_parks",
    "status": "verified",
    "confidence": null,
    "hoops": null,
    "surface": null,
    "lit": null,
    "address": "80 to 81 Sts. and 11 to 12 Aves.",
    "region": "nyc",
    "osm_id": null,
    "updated": "2026-10-08"
   }
  },
  {
   "type": "Feature",
   "geometry": {
    "type": "Point",
    "coordinates": [
     -73.9712,
     40.6892
    ]
   },
   "properties": {
    "id": "nyc-B321",
    "name": "Edmonds Playground",
    "source": "nyc_parks",
    "status": "verified",
    "confidence": null,
    "hoops": null,
    "surface": null,
    "lit": null,
    "address": "DeKalb Ave., Adelphi St., and Carlton Ave.",
    "region": "nyc",
    "osm_id": null,
    "updated": "2026-10-08"
   }
  },
  {
   "type": "Feature",
   "geometry": {
    "type": "Point",
    "coordinates": [
     -73.9712,
     40.6938
    ]
   },
   "properties": {
    "id": "nyc-B300",
    "name": "Edward C. Blum Playground/PS 46",
    "source": "nyc_parks",
    "status": "verified",
    "confidence": null,
    "hoops": null,
    "surface": null,
    "lit": null,
    "address": "Adelphi & Myrtle Aves.",
    "region": "nyc",
    "osm_id": null,
    "updated": "2026-10-08"
   }
  },
  {
   "type": "Feature",
   "geometry": {
    "type": "Point",
    "coordinates": [
     -73.9357,
     40.6927
    ]
   },
   "properties": {
    "id": "nyc-B359",
    "name": "Eleanor Roosevelt Playground",
    "source": "nyc_parks",
    "status": "verified",
    "confidence": null,
    "hoops": null,
    "surface": null,
    "lit": null,
    "address": "Lewis Ave., DeKalb Ave., Stuyvesant Ave. and Kosciusko St.",
    "region": "nyc",
    "osm_id": null,
    "updated": "2026-10-08"
   }
  },
  {
   "type": "Feature",
   "geometry": {
    "type": "Point",
    "coordinates": [
     -73.9304,
     40.6828
    ]
   },
   "properties": {
    "id": "nyc-B313",
    "name": "El-Shabazz Playground",
    "source": "nyc_parks",
    "status": "verified",
    "confidence": null,
    "hoops": null,
    "surface": null,
    "lit": null,
    "address": "Reid Ave., Malcolm X Blvd. and MacDonough St.",
    "region": "nyc",
    "osm_id": null,
    "updated": "2026-10-08"
   }
  },
  {
   "type": "Feature",
   "geometry": {
    "type": "Point",
    "coordinates": [
     -73.8871,
     40.6555
    ]
   },
   "properties": {
    "id": "nyc-B345",
    "name": "Ethan Allen Park",
    "source": "nyc_parks",
    "status": "verified",
    "confidence": null,
    "hoops": null,
    "surface": null,
    "lit": null,
    "address": "Cozine Ave. Vermont St. and New Jersey Ave.",
    "region": "nyc",
    "osm_id": null,
    "updated": "2026-10-08"
   }
  },
  {
   "type": "Feature",
   "geometry": {
    "type": "Point",
    "coordinates": [
     -73.9497,
     40.7028
    ]
   },
   "properties": {
    "id": "nyc-B358",
    "name": "Eugenio Maria De Hostos Playground",
    "source": "nyc_parks",
    "status": "verified",
    "confidence": null,
    "hoops": null,
    "surface": null,
    "lit": null,
    "address": "Harrison Ave., Walton to Lorimer Sts. and Throop Ave.",
    "region": "nyc",
    "osm_id": null,
    "updated": "2026-10-08"
   }
  },
  {
   "type": "Feature",
   "geometry": {
    "type": "Point",
    "coordinates": [
     -73.9107,
     40.6863
    ]
   },
   "properties": {
    "id": "nyc-B332",
    "name": "Evergreen Playground",
    "source": "nyc_parks",
    "status": "verified",
    "confidence": null,
    "hoops": null,
    "surface": null,
    "lit": null,
    "address": "Evergreen Ave., Decatur St. and Schaefer St.",
    "region": "nyc",
    "osm_id": null,
    "updated": "2026-10-08"
   }
  },
  {
   "type": "Feature",
   "geometry": {
    "type": "Point",
    "coordinates": [
     -73.9284,
     40.7007
    ]
   },
   "properties": {
    "id": "nyc-B334",
    "name": "Fermi Playground",
    "source": "nyc_parks",
    "status": "verified",
    "confidence": null,
    "hoops": null,
    "surface": null,
    "lit": null,
    "address": "Troutman St., Central Ave., Starr St. and Wilson Ave.",
    "region": "nyc",
    "osm_id": null,
    "updated": "2026-10-08"
   }
  },
  {
   "type": "Feature",
   "geometry": {
    "type": "Point",
    "coordinates": [
     -73.9147,
     40.6781
    ]
   },
   "properties": {
    "id": "nyc-B325",
    "name": "Fish Playground",
    "source": "nyc_parks",
    "status": "verified",
    "confidence": null,
    "hoops": null,
    "surface": null,
    "lit": null,
    "address": "Saratoga Ave. between Herkimer and Fulton Sts.",
    "region": "nyc",
    "osm_id": null,
    "updated": "2026-10-08"
   }
  },
  {
   "type": "Feature",
   "geometry": {
    "type": "Point",
    "coordinates": [
     -73.9773,
     40.6927
    ]
   },
   "properties": {
    "id": "nyc-B032",
    "name": "Fort Greene Park",
    "source": "nyc_parks",
    "status": "verified",
    "confidence": null,
    "hoops": null,
    "surface": null,
    "lit": null,
    "address": "Myrtle Ave., Cumberland St. and DeKalb Ave.",
    "region": "nyc",
    "osm_id": null,
    "updated": "2026-10-08"
   }
  },
  {
   "type": "Feature",
   "geometry": {
    "type": "Point",
    "coordinates": [
     -73.9236,
     40.6324
    ]
   },
   "properties": {
    "id": "nyc-B248",
    "name": "Fox Memorial Park/PS 251 Playground",
    "source": "nyc_parks",
    "status": "verified",
    "confidence": null,
    "hoops": null,
    "surface": null,
    "lit": null,
    "address": "Ave. H, Ave. I and E 54 to E 55 Sts.",
    "region": "nyc",
    "osm_id": null,
    "updated": "2026-10-08"
   }
  },
  {
   "type": "Feature",
   "geometry": {
    "type": "Point",
    "coordinates": [
     -73.9475,
     40.7057
    ]
   },
   "properties": {
    "id": "nyc-B055",
    "name": "Frances Hamburger Sternberg Park",
    "source": "nyc_parks",
    "status": "verified",
    "confidence": null,
    "hoops": null,
    "surface": null,
    "lit": null,
    "address": "Montrose Ave., Boerum St., Lorimer St. and Leonard St.",
    "region": "nyc",
    "osm_id": null,
    "updated": "2026-10-08"
   }
  },
  {
   "type": "Feature",
   "geometry": {
    "type": "Point",
    "coordinates": [
     -73.9381,
     40.7012
    ]
   },
   "properties": {
    "id": "nyc-B340",
    "name": "Garden Playground",
    "source": "nyc_parks",
    "status": "verified",
    "confidence": null,
    "hoops": null,
    "surface": null,
    "lit": null,
    "address": "Flushing Ave., Beaver St. and Garden St.",
    "region": "nyc",
    "osm_id": null,
    "updated": "2026-10-08"
   }
  },
  {
   "type": "Feature",
   "geometry": {
    "type": "Point",
    "coordinates": [
     -73.9442,
     40.6591
    ]
   },
   "properties": {
    "id": "nyc-B254",
    "name": "George Wingate HS Playground",
    "source": "nyc_parks",
    "status": "verified",
    "confidence": null,
    "hoops": null,
    "surface": null,
    "lit": null,
    "address": "SE Corner Brooklyn Ave. & Rutland Rd.",
    "region": "nyc",
    "osm_id": null,
    "updated": "2026-10-08"
   }
  },
  {
   "type": "Feature",
   "geometry": {
    "type": "Point",
    "coordinates": [
     -73.9199,
     40.6365
    ]
   },
   "properties": {
    "id": "nyc-B236",
    "name": "Glenwood Houses Playground",
    "source": "nyc_parks",
    "status": "verified",
    "confidence": null,
    "hoops": null,
    "surface": null,
    "lit": null,
    "address": "Ralph Ave. & Farragut Rd.",
    "region": "nyc",
    "osm_id": null,
    "updated": "2026-10-08"
   }
  },
  {
   "type": "Feature",
   "geometry": {
    "type": "Point",
    "coordinates": [
     -73.9828,
     40.6977
    ]
   },
   "properties": {
    "id": "nyc-B243",
    "name": "Golconda Playground",
    "source": "nyc_parks",
    "status": "verified",
    "confidence": null,
    "hoops": null,
    "surface": null,
    "lit": null,
    "address": "E/S Gold St. and Nassau to Concord Sts.",
    "region": "nyc",
    "osm_id": null,
    "updated": "2026-10-08"
   }
  },
  {
   "type": "Feature",
   "geometry": {
    "type": "Point",
    "coordinates": [
     -73.9876,
     40.6844
    ]
   },
   "properties": {
    "id": "nyc-B230",
    "name": "Gowanus Houses Playground",
    "source": "nyc_parks",
    "status": "verified",
    "confidence": null,
    "hoops": null,
    "surface": null,
    "lit": null,
    "address": "Hoyt, Wyckoff and Bond Sts.",
    "region": "nyc",
    "osm_id": null,
    "updated": "2026-10-08"
   }
  },
  {
   "type": "Feature",
   "geometry": {
    "type": "Point",
    "coordinates": [
     -73.8951,
     40.671
    ]
   },
   "properties": {
    "id": "nyc-B078",
    "name": "Grace Playground",
    "source": "nyc_parks",
    "status": "verified",
    "confidence": null,
    "hoops": null,
    "surface": null,
    "lit": null,
    "address": "Belmont Ave., Pitkin Ave., Vermont St. and New Jersey St.",
    "region": "nyc",
    "osm_id": null,
    "updated": "2026-10-08"
   }
  },
  {
   "type": "Feature",
   "geometry": {
    "type": "Point",
    "coordinates": [
     -73.9848,
     40.6235
    ]
   },
   "properties": {
    "id": "nyc-B042",
    "name": "Gravesend Park",
    "source": "nyc_parks",
    "status": "verified",
    "confidence": null,
    "hoops": null,
    "surface": null,
    "lit": null,
    "address": "18 Ave. Near 57 St.",
    "region": "nyc",
    "osm_id": null,
    "updated": "2026-10-08"
   }
  },
  {
   "type": "Feature",
   "geometry": {
    "type": "Point",
    "coordinates": [
     -73.9661,
     40.6865
    ]
   },
   "properties": {
    "id": "nyc-B301",
    "name": "Greene Playground/PS 11 Playground",
    "source": "nyc_parks",
    "status": "verified",
    "confidence": null,
    "hoops": null,
    "surface": null,
    "lit": null,
    "address": "Greene Ave. between Waverly and Washington Aves.",
    "region": "nyc",
    "osm_id": null,
    "updated": "2026-10-08"
   }
  },
  {
   "type": "Feature",
   "geometry": {
    "type": "Point",
    "coordinates": [
     -73.9231,
     40.6433
    ]
   },
   "properties": {
    "id": "nyc-B285",
    "name": "Harry Maze Memorial Park",
    "source": "nyc_parks",
    "status": "verified",
    "confidence": null,
    "hoops": null,
    "surface": null,
    "lit": null,
    "address": "Ave. D bet. E 56 & E 57 Sts.",
    "region": "nyc",
    "osm_id": null,
    "updated": "2026-10-08"
   }
  },
  {
   "type": "Feature",
   "geometry": {
    "type": "Point",
    "coordinates": [
     -73.9461,
     40.6858
    ]
   },
   "properties": {
    "id": "nyc-B323",
    "name": "Hattie Carthan Playground",
    "source": "nyc_parks",
    "status": "verified",
    "confidence": null,
    "hoops": null,
    "surface": null,
    "lit": null,
    "address": "Monroe St., Tompkins Ave., Madison St. and Marcy Ave.",
    "region": "nyc",
    "osm_id": null,
    "updated": "2026-10-08"
   }
  },
  {
   "type": "Feature",
   "geometry": {
    "type": "Point",
    "coordinates": [
     -73.9406,
     40.5982
    ]
   },
   "properties": {
    "id": "nyc-B235",
    "name": "Herman Dolgon Playground",
    "source": "nyc_parks",
    "status": "verified",
    "confidence": null,
    "hoops": null,
    "surface": null,
    "lit": null,
    "address": "Ave. V, Nostrand St. and Batchelder St.",
    "region": "nyc",
    "osm_id": null,
    "updated": "2026-10-08"
   }
  },
  {
   "type": "Feature",
   "geometry": {
    "type": "Point",
    "coordinates": [
     -73.957,
     40.586
    ]
   },
   "properties": {
    "id": "nyc-B166B",
    "name": "Homecrest Playground",
    "source": "nyc_parks",
    "status": "verified",
    "confidence": null,
    "hoops": null,
    "surface": null,
    "lit": null,
    "address": "Shore Pkwy. To Williams Ct. and E 12 St.",
    "region": "nyc",
    "osm_id": null,
    "updated": "2026-10-08"
   }
  },
  {
   "type": "Feature",
   "geometry": {
    "type": "Point",
    "coordinates": [
     -73.9053,
     40.6721
    ]
   },
   "properties": {
    "id": "nyc-B363",
    "name": "Houston Playground",
    "source": "nyc_parks",
    "status": "verified",
    "confidence": null,
    "hoops": null,
    "surface": null,
    "lit": null,
    "address": "Powell St., Liberty Ave., Sackman St. and Glenmore Ave.",
    "region": "nyc",
    "osm_id": null,
    "updated": "2026-10-08"
   }
  },
  {
   "type": "Feature",
   "geometry": {
    "type": "Point",
    "coordinates": [
     -73.9084,
     40.6718
    ]
   },
   "properties": {
    "id": "nyc-B260",
    "name": "Howard Houses Playground & Pool",
    "source": "nyc_parks",
    "status": "verified",
    "confidence": null,
    "hoops": null,
    "surface": null,
    "lit": null,
    "address": "Glenmore & Mother Gaston Blvd.",
    "region": "nyc",
    "osm_id": null,
    "updated": "2026-10-08"
   }
  },
  {
   "type": "Feature",
   "geometry": {
    "type": "Point",
    "coordinates": [
     -73.8844,
     40.6763
    ]
   },
   "properties": {
    "id": "nyc-B163",
    "name": "IS 302 (Sperandeo Brothers)",
    "source": "nyc_parks",
    "status": "verified",
    "confidence": null,
    "hoops": null,
    "surface": null,
    "lit": null,
    "address": "Atlantic Ave. between Elton and Linwood Sts.",
    "region": "nyc",
    "osm_id": null,
    "updated": "2026-10-08"
   }
  },
  {
   "type": "Feature",
   "geometry": {
    "type": "Point",
    "coordinates": [
     -73.9399,
     40.6865
    ]
   },
   "properties": {
    "id": "nyc-B216",
    "name": "Israel Putnam Playground",
    "source": "nyc_parks",
    "status": "verified",
    "confidence": null,
    "hoops": null,
    "surface": null,
    "lit": null,
    "address": "Sumner Ave. and Madison to Monroe Sts.",
    "region": "nyc",
    "osm_id": null,
    "updated": "2026-10-08"
   }
  },
  {
   "type": "Feature",
   "geometry": {
    "type": "Point",
    "coordinates": [
     -73.893,
     40.6442
    ]
   },
   "properties": {
    "id": "nyc-B305",
    "name": "J Playground",
    "source": "nyc_parks",
    "status": "verified",
    "confidence": null,
    "hoops": null,
    "surface": null,
    "lit": null,
    "address": "Ave. J, Ave. K, 103 St. and 104 Sts.",
    "region": "nyc",
    "osm_id": null,
    "updated": "2026-10-08"
   }
  },
  {
   "type": "Feature",
   "geometry": {
    "type": "Point",
    "coordinates": [
     -73.9842,
     40.6728
    ]
   },
   "properties": {
    "id": "nyc-B111",
    "name": "J.J. Byrne Memorial Park/JHS 51",
    "source": "nyc_parks",
    "status": "verified",
    "confidence": null,
    "hoops": null,
    "surface": null,
    "lit": null,
    "address": "3 to 4 Sts. and 4 to 5 Aves.",
    "region": "nyc",
    "osm_id": null,
    "updated": "2026-10-08"
   }
  },
  {
   "type": "Feature",
   "geometry": {
    "type": "Point",
    "coordinates": [
     -73.9277,
     40.68
    ]
   },
   "properties": {
    "id": "nyc-B294",
    "name": "Jackie Robinson Park",
    "source": "nyc_parks",
    "status": "verified",
    "confidence": null,
    "hoops": null,
    "surface": null,
    "lit": null,
    "address": "Chauncey St. E/O Reid Ave.",
    "region": "nyc",
    "osm_id": null,
    "updated": "2026-10-08"
   }
  },
  {
   "type": "Feature",
   "geometry": {
    "type": "Point",
    "coordinates": [
     -73.9592,
     40.6657
    ]
   },
   "properties": {
    "id": "nyc-B357",
    "name": "Jackie Robinson Playground",
    "source": "nyc_parks",
    "status": "verified",
    "confidence": null,
    "hoops": null,
    "surface": null,
    "lit": null,
    "address": "Sullivan Pl., Franklin Ave. and Montgomery St.",
    "region": "nyc",
    "osm_id": null,
    "updated": "2026-10-08"
   }
  },
  {
   "type": "Feature",
   "geometry": {
    "type": "Point",
    "coordinates": [
     -73.9194,
     40.625
    ]
   },
   "properties": {
    "id": "nyc-B324",
    "name": "Jacob Joffe Park",
    "source": "nyc_parks",
    "status": "verified",
    "confidence": null,
    "hoops": null,
    "surface": null,
    "lit": null,
    "address": "Ave. K between E 58 and E 59 Sts.",
    "region": "nyc",
    "osm_id": null,
    "updated": "2026-10-08"
   }
  },
  {
   "type": "Feature",
   "geometry": {
    "type": "Point",
    "coordinates": [
     -73.9276,
     40.6183
    ]
   },
   "properties": {
    "id": "nyc-B291",
    "name": "James Marshall Power Playground",
    "source": "nyc_parks",
    "status": "verified",
    "confidence": null,
    "hoops": null,
    "surface": null,
    "lit": null,
    "address": "Ave. N & Utica Ave.",
    "region": "nyc",
    "osm_id": null,
    "updated": "2026-10-08"
   }
  },
  {
   "type": "Feature",
   "geometry": {
    "type": "Point",
    "coordinates": [
     -73.8796,
     40.6591
    ]
   },
   "properties": {
    "id": "nyc-B246",
    "name": "Jerome Playground",
    "source": "nyc_parks",
    "status": "verified",
    "confidence": null,
    "hoops": null,
    "surface": null,
    "lit": null,
    "address": "Wortman Ave. & Warwick St.",
    "region": "nyc",
    "osm_id": null,
    "updated": "2026-10-08"
   }
  },
  {
   "type": "Feature",
   "geometry": {
    "type": "Point",
    "coordinates": [
     -73.9326,
     40.6912
    ]
   },
   "properties": {
    "id": "nyc-B269",
    "name": "Jesse Owens Playground",
    "source": "nyc_parks",
    "status": "verified",
    "confidence": null,
    "hoops": null,
    "surface": null,
    "lit": null,
    "address": "Stuyvesant & Lafayette Aves.",
    "region": "nyc",
    "osm_id": null,
    "updated": "2026-10-08"
   }
  },
  {
   "type": "Feature",
   "geometry": {
    "type": "Point",
    "coordinates": [
     -73.98,
     40.638
    ]
   },
   "properties": {
    "id": "nyc-B151",
    "name": "Jessie & Charles Dome Playground",
    "source": "nyc_parks",
    "status": "verified",
    "confidence": null,
    "hoops": null,
    "surface": null,
    "lit": null,
    "address": "NE Corner 38 St. & Dahill Rd.",
    "region": "nyc",
    "osm_id": null,
    "updated": "2026-10-08"
   }
  },
  {
   "type": "Feature",
   "geometry": {
    "type": "Point",
    "coordinates": [
     -73.9484,
     40.7205
    ]
   },
   "properties": {
    "id": "nyc-B346",
    "name": "JHS 126 Playground",
    "source": "nyc_parks",
    "status": "verified",
    "confidence": null,
    "hoops": null,
    "surface": null,
    "lit": null,
    "address": "Manhattan Ave. & Leonard St. (Ericsson Playground)",
    "region": "nyc",
    "osm_id": null,
    "updated": "2026-10-08"
   }
  },
  {
   "type": "Feature",
   "geometry": {
    "type": "Point",
    "coordinates": [
     -74.0084,
     40.6523
    ]
   },
   "properties": {
    "id": "nyc-B210I",
    "name": "JHS 136 Playground (Playground Three-Forty)",
    "source": "nyc_parks",
    "status": "verified",
    "confidence": null,
    "hoops": null,
    "surface": null,
    "lit": null,
    "address": "40 St., 41 St. and 3 Ave.",
    "region": "nyc",
    "osm_id": null,
    "updated": "2026-10-08"
   }
  },
  {
   "type": "Feature",
   "geometry": {
    "type": "Point",
    "coordinates": [
     -74.0242,
     40.6399
    ]
   },
   "properties": {
    "id": "nyc-B210A",
    "name": "John Allen Payne Park",
    "source": "nyc_parks",
    "status": "verified",
    "confidence": null,
    "hoops": null,
    "surface": null,
    "lit": null,
    "address": "64 to 65 Sts. and 3 Ave.",
    "region": "nyc",
    "osm_id": null,
    "updated": "2026-10-08"
   }
  },
  {
   "type": "Feature",
   "geometry": {
    "type": "Point",
    "coordinates": [
     -73.9543,
     40.6822
    ]
   },
   "properties": {
    "id": "nyc-B237",
    "name": "John Hancock Playground",
    "source": "nyc_parks",
    "status": "verified",
    "confidence": null,
    "hoops": null,
    "surface": null,
    "lit": null,
    "address": "Bedford Ave., Hancock St. and Jefferson Ave.",
    "region": "nyc",
    "osm_id": null,
    "updated": "2026-10-08"
   }
  },
  {
   "type": "Feature",
   "geometry": {
    "type": "Point",
    "coordinates": [
     -74.0302,
     40.6133
    ]
   },
   "properties": {
    "id": "nyc-B210W",
    "name": "John J. Carty Park",
    "source": "nyc_parks",
    "status": "verified",
    "confidence": null,
    "hoops": null,
    "surface": null,
    "lit": null,
    "address": "Ft. Hamilton, Gowanus Pkwy., and 94 to 101 Sts.",
    "region": "nyc",
    "osm_id": null,
    "updated": "2026-10-08"
   }
  },
  {
   "type": "Feature",
   "geometry": {
    "type": "Point",
    "coordinates": [
     -73.9564,
     40.6042
    ]
   },
   "properties": {
    "id": "nyc-B157",
    "name": "Kelly Playground",
    "source": "nyc_parks",
    "status": "verified",
    "confidence": null,
    "hoops": null,
    "surface": null,
    "lit": null,
    "address": "N/S Ave. S between BMT and PS 255",
    "region": "nyc",
    "osm_id": null,
    "updated": "2026-10-08"
   }
  },
  {
   "type": "Feature",
   "geometry": {
    "type": "Point",
    "coordinates": [
     -73.9221,
     40.6586
    ]
   },
   "properties": {
    "id": "nyc-B304",
    "name": "Kennedy King Playground",
    "source": "nyc_parks",
    "status": "verified",
    "confidence": null,
    "hoops": null,
    "surface": null,
    "lit": null,
    "address": "Lenox Rd., Clarkson Ave., E 93 St. and E 94 St.",
    "region": "nyc",
    "osm_id": null,
    "updated": "2026-10-08"
   }
  },
  {
   "type": "Feature",
   "geometry": {
    "type": "Point",
    "coordinates": [
     -73.9574,
     40.6896
    ]
   },
   "properties": {
    "id": "nyc-B317",
    "name": "Lafayette Gardens Playground",
    "source": "nyc_parks",
    "status": "verified",
    "confidence": null,
    "hoops": null,
    "surface": null,
    "lit": null,
    "address": "Lafayette & Franklin Aves.",
    "region": "nyc",
    "osm_id": null,
    "updated": "2026-10-08"
   }
  },
  {
   "type": "Feature",
   "geometry": {
    "type": "Point",
    "coordinates": [
     -73.9854,
     40.5946
    ]
   },
   "properties": {
    "id": "nyc-B106B",
    "name": "Lafayette Playground",
    "source": "nyc_parks",
    "status": "verified",
    "confidence": null,
    "hoops": null,
    "surface": null,
    "lit": null,
    "address": "Lafayette & E/O Reid Aves.",
    "region": "nyc",
    "osm_id": null,
    "updated": "2026-10-08"
   }
  },
  {
   "type": "Feature",
   "geometry": {
    "type": "Point",
    "coordinates": [
     -73.9593,
     40.71
    ]
   },
   "properties": {
    "id": "nyc-B167A",
    "name": "LaGuardia Playground",
    "source": "nyc_parks",
    "status": "verified",
    "confidence": null,
    "hoops": null,
    "surface": null,
    "lit": null,
    "address": "Havemeyer to Roebling Sts. and S 4 to S 5 Sts.",
    "region": "nyc",
    "osm_id": null,
    "updated": "2026-10-08"
   }
  },
  {
   "type": "Feature",
   "geometry": {
    "type": "Point",
    "coordinates": [
     -74.0205,
     40.636
    ]
   },
   "properties": {
    "id": "nyc-B052",
    "name": "Leif Ericson Park & Square",
    "source": "nyc_parks",
    "status": "verified",
    "confidence": null,
    "hoops": null,
    "surface": null,
    "lit": null,
    "address": "66-67 Sts. and 8 to 9 Aves.",
    "region": "nyc",
    "osm_id": null,
    "updated": "2026-10-08"
   }
  },
  {
   "type": "Feature",
   "geometry": {
    "type": "Point",
    "coordinates": [
     -73.9962,
     40.5784
    ]
   },
   "properties": {
    "id": "nyc-B129",
    "name": "Leon S. Kaiser Playground",
    "source": "nyc_parks",
    "status": "verified",
    "confidence": null,
    "hoops": null,
    "surface": null,
    "lit": null,
    "address": "Coney Island Creek and W 24 St.",
    "region": "nyc",
    "osm_id": null,
    "updated": "2026-10-08"
   }
  },
  {
   "type": "Feature",
   "geometry": {
    "type": "Point",
    "coordinates": [
     -73.9268,
     40.6657
    ]
   },
   "properties": {
    "id": "nyc-B054",
    "name": "Lincoln Terrace",
    "source": "nyc_parks",
    "status": "verified",
    "confidence": null,
    "hoops": null,
    "surface": null,
    "lit": null,
    "address": "Rochester Ave. and President St.",
    "region": "nyc",
    "osm_id": null,
    "updated": "2026-10-08"
   }
  },
  {
   "type": "Feature",
   "geometry": {
    "type": "Point",
    "coordinates": [
     -73.8869,
     40.659
    ]
   },
   "properties": {
    "id": "nyc-B214",
    "name": "Linden Playground/JHS 166",
    "source": "nyc_parks",
    "status": "verified",
    "confidence": null,
    "hoops": null,
    "surface": null,
    "lit": null,
    "address": "Linden Blvd., Stanley Ave. and Vermont to Wyona Sts.",
    "region": "nyc",
    "osm_id": null,
    "updated": "2026-10-08"
   }
  },
  {
   "type": "Feature",
   "geometry": {
    "type": "Point",
    "coordinates": [
     -73.8802,
     40.6659
    ]
   },
   "properties": {
    "id": "nyc-B149B",
    "name": "Linwood Playground",
    "source": "nyc_parks",
    "status": "verified",
    "confidence": null,
    "hoops": null,
    "surface": null,
    "lit": null,
    "address": "Linwood St., New Lots Ave. and Hegeman Aves.",
    "region": "nyc",
    "osm_id": null,
    "updated": "2026-10-08"
   }
  },
  {
   "type": "Feature",
   "geometry": {
    "type": "Point",
    "coordinates": [
     -73.8997,
     40.6626
    ]
   },
   "properties": {
    "id": "nyc-B107",
    "name": "Lion's Pride Playground",
    "source": "nyc_parks",
    "status": "verified",
    "confidence": null,
    "hoops": null,
    "surface": null,
    "lit": null,
    "address": "Riverdale, Van Sinderen, Livonia and Snediker Aves.",
    "region": "nyc",
    "osm_id": null,
    "updated": "2026-10-08"
   }
  },
  {
   "type": "Feature",
   "geometry": {
    "type": "Point",
    "coordinates": [
     -73.863,
     40.6663
    ]
   },
   "properties": {
    "id": "nyc-B309",
    "name": "Louis H. Pink Houses Playground",
    "source": "nyc_parks",
    "status": "verified",
    "confidence": null,
    "hoops": null,
    "surface": null,
    "lit": null,
    "address": "Stanley Ave. & Eldert Lane",
    "region": "nyc",
    "osm_id": null,
    "updated": "2026-10-08"
   }
  },
  {
   "type": "Feature",
   "geometry": {
    "type": "Point",
    "coordinates": [
     -73.9985,
     40.6189
    ]
   },
   "properties": {
    "id": "nyc-B099",
    "name": "Lt. Petrosino Playground",
    "source": "nyc_parks",
    "status": "verified",
    "confidence": null,
    "hoops": null,
    "surface": null,
    "lit": null,
    "address": "New Utrecht to 16 Aves. and 70 to 71 Sts.",
    "region": "nyc",
    "osm_id": null,
    "updated": "2026-10-08"
   }
  },
  {
   "type": "Feature",
   "geometry": {
    "type": "Point",
    "coordinates": [
     -73.978,
     40.5758
    ]
   },
   "properties": {
    "id": "nyc-B296",
    "name": "Luna Park Houses Playground",
    "source": "nyc_parks",
    "status": "verified",
    "confidence": null,
    "hoops": null,
    "surface": null,
    "lit": null,
    "address": "Surf Ave. and W 8 St. to W 12 St.",
    "region": "nyc",
    "osm_id": null,
    "updated": "2026-10-08"
   }
  },
  {
   "type": "Feature",
   "geometry": {
    "type": "Point",
    "coordinates": [
     -73.9461,
     40.5767
    ]
   },
   "properties": {
    "id": "nyc-B251",
    "name": "Manhattan Beach Park",
    "source": "nyc_parks",
    "status": "verified",
    "confidence": null,
    "hoops": null,
    "surface": null,
    "lit": null,
    "address": "Oriental Blvd. & Ocean Ave.",
    "region": "nyc",
    "osm_id": null,
    "updated": "2026-10-08"
   }
  },
  {
   "type": "Feature",
   "geometry": {
    "type": "Point",
    "coordinates": [
     -73.9492,
     40.6634
    ]
   },
   "properties": {
    "id": "nyc-B284",
    "name": "Marc's & Jason's Playground",
    "source": "nyc_parks",
    "status": "verified",
    "confidence": null,
    "hoops": null,
    "surface": null,
    "lit": null,
    "address": "Sterling St., Empire Blvd. and New York Ave.",
    "region": "nyc",
    "osm_id": null,
    "updated": "2026-10-08"
   }
  },
  {
   "type": "Feature",
   "geometry": {
    "type": "Point",
    "coordinates": [
     -73.924,
     40.7035
    ]
   },
   "properties": {
    "id": "nyc-B016",
    "name": "Maria Hernandez Park",
    "source": "nyc_parks",
    "status": "verified",
    "confidence": null,
    "hoops": null,
    "surface": null,
    "lit": null,
    "address": "Knickerbocker to Irving Aves. and Starr to Suydam Sts.",
    "region": "nyc",
    "osm_id": null,
    "updated": "2026-10-08"
   }
  },
  {
   "type": "Feature",
   "geometry": {
    "type": "Point",
    "coordinates": [
     -73.9279,
     40.5969
    ]
   },
   "properties": {
    "id": "nyc-B057",
    "name": "Marine Park/Jerry Debonis",
    "source": "nyc_parks",
    "status": "verified",
    "confidence": null,
    "hoops": null,
    "surface": null,
    "lit": null,
    "address": "Gerritsen Ave. & Ave. X",
    "region": "nyc",
    "osm_id": null,
    "updated": "2026-10-08"
   }
  },
  {
   "type": "Feature",
   "geometry": {
    "type": "Point",
    "coordinates": [
     -73.9378,
     40.608
    ]
   },
   "properties": {
    "id": "nyc-B057-2",
    "name": "Marine Park/PS 278",
    "source": "nyc_parks",
    "status": "verified",
    "confidence": null,
    "hoops": null,
    "surface": null,
    "lit": null,
    "address": "Fillmore Ave. & Madison Pl.",
    "region": "nyc",
    "osm_id": null,
    "updated": "2026-10-08"
   }
  },
  {
   "type": "Feature",
   "geometry": {
    "type": "Point",
    "coordinates": [
     -73.9136,
     40.6817
    ]
   },
   "properties": {
    "id": "nyc-B110",
    "name": "Marion-Hopkinson Playground",
    "source": "nyc_parks",
    "status": "verified",
    "confidence": null,
    "hoops": null,
    "surface": null,
    "lit": null,
    "address": "Hopkinson Ave. & Marion St.",
    "region": "nyc",
    "osm_id": null,
    "updated": "2026-10-08"
   }
  },
  {
   "type": "Feature",
   "geometry": {
    "type": "Point",
    "coordinates": [
     -73.9808,
     40.5911
    ]
   },
   "properties": {
    "id": "nyc-B272",
    "name": "Marlboro Houses Playground",
    "source": "nyc_parks",
    "status": "verified",
    "confidence": null,
    "hoops": null,
    "surface": null,
    "lit": null,
    "address": "W 11 St. & Ave. W",
    "region": "nyc",
    "osm_id": null,
    "updated": "2026-10-08"
   }
  },
  {
   "type": "Feature",
   "geometry": {
    "type": "Point",
    "coordinates": [
     -74.0197,
     40.6461
    ]
   },
   "properties": {
    "id": "nyc-B098",
    "name": "Martin Luther Playground",
    "source": "nyc_parks",
    "status": "verified",
    "confidence": null,
    "hoops": null,
    "surface": null,
    "lit": null,
    "address": "55 to 56 Sts., 2 Ave.",
    "region": "nyc",
    "osm_id": null,
    "updated": "2026-10-08"
   }
  },
  {
   "type": "Feature",
   "geometry": {
    "type": "Point",
    "coordinates": [
     -73.9495,
     40.7213
    ]
   },
   "properties": {
    "id": "nyc-B058",
    "name": "McCarren Park",
    "source": "nyc_parks",
    "status": "verified",
    "confidence": null,
    "hoops": null,
    "surface": null,
    "lit": null,
    "address": "Bedford Avenue and North 12th Street",
    "region": "nyc",
    "osm_id": null,
    "updated": "2026-10-08"
   }
  },
  {
   "type": "Feature",
   "geometry": {
    "type": "Point",
    "coordinates": [
     -73.9554,
     40.7212
    ]
   },
   "properties": {
    "id": "nyc-B058-2",
    "name": "McCarren Park",
    "source": "nyc_parks",
    "status": "verified",
    "confidence": null,
    "hoops": null,
    "surface": null,
    "lit": null,
    "address": "Abate Playground",
    "region": "nyc",
    "osm_id": null,
    "updated": "2026-10-08"
   }
  },
  {
   "type": "Feature",
   "geometry": {
    "type": "Point",
    "coordinates": [
     -73.9866,
     40.6963
    ]
   },
   "properties": {
    "id": "nyc-B061",
    "name": "McLaughlin Park",
    "source": "nyc_parks",
    "status": "verified",
    "confidence": null,
    "hoops": null,
    "surface": null,
    "lit": null,
    "address": "Tillary, Jay Sts., Cathedral Pl. and Bridge St.",
    "region": "nyc",
    "osm_id": null,
    "updated": "2026-10-08"
   }
  },
  {
   "type": "Feature",
   "geometry": {
    "type": "Point",
    "coordinates": [
     -73.9571,
     40.597
    ]
   },
   "properties": {
    "id": "nyc-B197",
    "name": "Mellett Playground",
    "source": "nyc_parks",
    "status": "verified",
    "confidence": null,
    "hoops": null,
    "surface": null,
    "lit": null,
    "address": "Ave. V, E 13 St. and E 14 St.",
    "region": "nyc",
    "osm_id": null,
    "updated": "2026-10-08"
   }
  },
  {
   "type": "Feature",
   "geometry": {
    "type": "Point",
    "coordinates": [
     -73.9552,
     40.7008
    ]
   },
   "properties": {
    "id": "nyc-B022",
    "name": "Middleton",
    "source": "nyc_parks",
    "status": "verified",
    "confidence": null,
    "hoops": null,
    "surface": null,
    "lit": null,
    "address": "Lynch St., Middleton St. and Lee Ave.",
    "region": "nyc",
    "osm_id": null,
    "updated": "2026-10-08"
   }
  },
  {
   "type": "Feature",
   "geometry": {
    "type": "Point",
    "coordinates": [
     -73.9968,
     40.5717
    ]
   },
   "properties": {
    "id": "nyc-B268",
    "name": "Nautilus Playground",
    "source": "nyc_parks",
    "status": "verified",
    "confidence": null,
    "hoops": null,
    "surface": null,
    "lit": null,
    "address": "Public Beach, West 29 and West 32 street",
    "region": "nyc",
    "osm_id": null,
    "updated": "2026-10-08"
   }
  },
  {
   "type": "Feature",
   "geometry": {
    "type": "Point",
    "coordinates": [
     -73.9808,
     40.5781
    ]
   },
   "properties": {
    "id": "nyc-B331",
    "name": "Neptune Playground",
    "source": "nyc_parks",
    "status": "verified",
    "confidence": null,
    "hoops": null,
    "surface": null,
    "lit": null,
    "address": "Neptune Ave. & W 12 St.",
    "region": "nyc",
    "osm_id": null,
    "updated": "2026-10-08"
   }
  },
  {
   "type": "Feature",
   "geometry": {
    "type": "Point",
    "coordinates": [
     -73.9072,
     40.661
    ]
   },
   "properties": {
    "id": "nyc-B339",
    "name": "Newport Playground",
    "source": "nyc_parks",
    "status": "verified",
    "confidence": null,
    "hoops": null,
    "surface": null,
    "lit": null,
    "address": "Newport Ave., Thatford Ave. and Osborne St.",
    "region": "nyc",
    "osm_id": null,
    "updated": "2026-10-08"
   }
  },
  {
   "type": "Feature",
   "geometry": {
    "type": "Point",
    "coordinates": [
     -73.9469,
     40.6383
    ]
   },
   "properties": {
    "id": "nyc-B250",
    "name": "Nostrand Playground",
    "source": "nyc_parks",
    "status": "verified",
    "confidence": null,
    "hoops": null,
    "surface": null,
    "lit": null,
    "address": "Nostrand & Foster Aves.",
    "region": "nyc",
    "osm_id": null,
    "updated": "2026-10-08"
   }
  },
  {
   "type": "Feature",
   "geometry": {
    "type": "Point",
    "coordinates": [
     -73.9119,
     40.6743
    ]
   },
   "properties": {
    "id": "nyc-B144",
    "name": "Ocean Hill Playground",
    "source": "nyc_parks",
    "status": "verified",
    "confidence": null,
    "hoops": null,
    "surface": null,
    "lit": null,
    "address": "Bergen St., Rockaway Ave. and Dean St.",
    "region": "nyc",
    "osm_id": null,
    "updated": "2026-10-08"
   }
  },
  {
   "type": "Feature",
   "geometry": {
    "type": "Point",
    "coordinates": [
     -73.9059,
     40.6559
    ]
   },
   "properties": {
    "id": "nyc-B343",
    "name": "Osborn Playground",
    "source": "nyc_parks",
    "status": "verified",
    "confidence": null,
    "hoops": null,
    "surface": null,
    "lit": null,
    "address": "Linden Blvd., Osborne St. and Thatford Ave.",
    "region": "nyc",
    "osm_id": null,
    "updated": "2026-10-08"
   }
  },
  {
   "type": "Feature",
   "geometry": {
    "type": "Point",
    "coordinates": [
     -73.9762,
     40.6977
    ]
   },
   "properties": {
    "id": "nyc-B295",
    "name": "Oxport Playground",
    "source": "nyc_parks",
    "status": "verified",
    "confidence": null,
    "hoops": null,
    "surface": null,
    "lit": null,
    "address": "Flushing Ave., N Portland Ave. and N Oxford St.",
    "region": "nyc",
    "osm_id": null,
    "updated": "2026-10-08"
   }
  },
  {
   "type": "Feature",
   "geometry": {
    "type": "Point",
    "coordinates": [
     -73.921,
     40.6757
    ]
   },
   "properties": {
    "id": "nyc-B153",
    "name": "Pacific Playground",
    "source": "nyc_parks",
    "status": "verified",
    "confidence": null,
    "hoops": null,
    "surface": null,
    "lit": null,
    "address": "W/S Howard Ave. and Pacific to Dean Sts.",
    "region": "nyc",
    "osm_id": null,
    "updated": "2026-10-08"
   }
  },
  {
   "type": "Feature",
   "geometry": {
    "type": "Point",
    "coordinates": [
     -73.938,
     40.6386
    ]
   },
   "properties": {
    "id": "nyc-B218",
    "name": "Paerdegat Park",
    "source": "nyc_parks",
    "status": "verified",
    "confidence": null,
    "hoops": null,
    "surface": null,
    "lit": null,
    "address": "Foster Ave., Farragut Rd., E 40 St. and Albany Ave.",
    "region": "nyc",
    "osm_id": null,
    "updated": "2026-10-08"
   }
  },
  {
   "type": "Feature",
   "geometry": {
    "type": "Point",
    "coordinates": [
     -73.9656,
     40.6515
    ]
   },
   "properties": {
    "id": "nyc-B068",
    "name": "Parade Ground",
    "source": "nyc_parks",
    "status": "verified",
    "confidence": null,
    "hoops": null,
    "surface": null,
    "lit": null,
    "address": "Caton Ave., Coney Island Ave., Parkside Ave. and Parade Pl.",
    "region": "nyc",
    "osm_id": null,
    "updated": "2026-10-08"
   }
  },
  {
   "type": "Feature",
   "geometry": {
    "type": "Point",
    "coordinates": [
     -73.9543,
     40.6566
    ]
   },
   "properties": {
    "id": "nyc-B267",
    "name": "Parkside Playground",
    "source": "nyc_parks",
    "status": "verified",
    "confidence": null,
    "hoops": null,
    "surface": null,
    "lit": null,
    "address": "Rogers Ave., Winthrop St. and Parkside Ave.",
    "region": "nyc",
    "osm_id": null,
    "updated": "2026-10-08"
   }
  },
  {
   "type": "Feature",
   "geometry": {
    "type": "Point",
    "coordinates": [
     -73.9581,
     40.6198
    ]
   },
   "properties": {
    "id": "nyc-B150",
    "name": "Paul W. Kolbert Playground",
    "source": "nyc_parks",
    "status": "verified",
    "confidence": null,
    "hoops": null,
    "surface": null,
    "lit": null,
    "address": "Ave. L and E 17 to E 18 Sts.",
    "region": "nyc",
    "osm_id": null,
    "updated": "2026-10-08"
   }
  },
  {
   "type": "Feature",
   "geometry": {
    "type": "Point",
    "coordinates": [
     -73.9267,
     40.6877
    ]
   },
   "properties": {
    "id": "nyc-B224",
    "name": "Police Officer Reinaldo Salgado Playground",
    "source": "nyc_parks",
    "status": "verified",
    "confidence": null,
    "hoops": null,
    "surface": null,
    "lit": null,
    "address": "Monroe to Madison Sts., Patchen Ave. and Ralph Ave.",
    "region": "nyc",
    "osm_id": null,
    "updated": "2026-10-08"
   }
  },
  {
   "type": "Feature",
   "geometry": {
    "type": "Point",
    "coordinates": [
     -74.0121,
     40.6493
    ]
   },
   "properties": {
    "id": "nyc-B210J",
    "name": "PS 1 Playground",
    "source": "nyc_parks",
    "status": "verified",
    "confidence": null,
    "hoops": null,
    "surface": null,
    "lit": null,
    "address": "43 St., 47 St. and 3 Ave.",
    "region": "nyc",
    "osm_id": null,
    "updated": "2026-10-08"
   }
  },
  {
   "type": "Feature",
   "geometry": {
    "type": "Point",
    "coordinates": [
     -73.9469,
     40.6942
    ]
   },
   "properties": {
    "id": "nyc-B348",
    "name": "PS 23 Playground",
    "source": "nyc_parks",
    "status": "verified",
    "confidence": null,
    "hoops": null,
    "surface": null,
    "lit": null,
    "address": "Tompkins, Willoughby and Vernon Aves.",
    "region": "nyc",
    "osm_id": null,
    "updated": "2026-10-08"
   }
  },
  {
   "type": "Feature",
   "geometry": {
    "type": "Point",
    "coordinates": [
     -73.9384,
     40.5908
    ]
   },
   "properties": {
    "id": "nyc-B306",
    "name": "PS 286 Playground",
    "source": "nyc_parks",
    "status": "verified",
    "confidence": null,
    "hoops": null,
    "surface": null,
    "lit": null,
    "address": "Ave. Y, between Brown and Haring Sts.",
    "region": "nyc",
    "osm_id": null,
    "updated": "2026-10-08"
   }
  },
  {
   "type": "Feature",
   "geometry": {
    "type": "Point",
    "coordinates": [
     -73.9644,
     40.7153
    ]
   },
   "properties": {
    "id": "nyc-B124",
    "name": "PS 84/William Sheridan",
    "source": "nyc_parks",
    "status": "verified",
    "confidence": null,
    "hoops": null,
    "surface": null,
    "lit": null,
    "address": "Wythe Ave. to Berry St. and Grand to S 1 Sts.",
    "region": "nyc",
    "osm_id": null,
    "updated": "2026-10-08"
   }
  },
  {
   "type": "Feature",
   "geometry": {
    "type": "Point",
    "coordinates": [
     -73.9419,
     40.6936
    ]
   },
   "properties": {
    "id": "nyc-B322",
    "name": "Pulaski Playground",
    "source": "nyc_parks",
    "status": "verified",
    "confidence": null,
    "hoops": null,
    "surface": null,
    "lit": null,
    "address": "Sumner Ave. between Hart and Pulaski Sts.",
    "region": "nyc",
    "osm_id": null,
    "updated": "2026-10-08"
   }
  },
  {
   "type": "Feature",
   "geometry": {
    "type": "Point",
    "coordinates": [
     -74.0109,
     40.6405
    ]
   },
   "properties": {
    "id": "nyc-B265",
    "name": "Rainbow Park",
    "source": "nyc_parks",
    "status": "verified",
    "confidence": null,
    "hoops": null,
    "surface": null,
    "lit": null,
    "address": "55 and 56 Sts. at 6 Ave.",
    "region": "nyc",
    "osm_id": null,
    "updated": "2026-10-08"
   }
  },
  {
   "type": "Feature",
   "geometry": {
    "type": "Point",
    "coordinates": [
     -74.0006,
     40.6368
    ]
   },
   "properties": {
    "id": "nyc-B152",
    "name": "Rappaport Playground",
    "source": "nyc_parks",
    "status": "verified",
    "confidence": null,
    "hoops": null,
    "surface": null,
    "lit": null,
    "address": "Ft. Hamilton Pkwy., 10 Ave. and 52 to 53 Sts.",
    "region": "nyc",
    "osm_id": null,
    "updated": "2026-10-08"
   }
  },
  {
   "type": "Feature",
   "geometry": {
    "type": "Point",
    "coordinates": [
     -74.0091,
     40.6772
    ]
   },
   "properties": {
    "id": "nyc-B077",
    "name": "Red Hook Park",
    "source": "nyc_parks",
    "status": "verified",
    "confidence": null,
    "hoops": null,
    "surface": null,
    "lit": null,
    "address": "King, Richards, Verona, Dwight, and Pioneer Sts.",
    "region": "nyc",
    "osm_id": null,
    "updated": "2026-10-08"
   }
  },
  {
   "type": "Feature",
   "geometry": {
    "type": "Point",
    "coordinates": [
     -74.0039,
     40.6738
    ]
   },
   "properties": {
    "id": "nyc-B126",
    "name": "Red Hook Recreation Area",
    "source": "nyc_parks",
    "status": "verified",
    "confidence": null,
    "hoops": null,
    "surface": null,
    "lit": null,
    "address": "Lorraine, Clinton and Henry Sts.",
    "region": "nyc",
    "osm_id": null,
    "updated": "2026-10-08"
   }
  },
  {
   "type": "Feature",
   "geometry": {
    "type": "Point",
    "coordinates": [
     -73.9075,
     40.6423
    ]
   },
   "properties": {
    "id": "nyc-B360",
    "name": "Remsen Playground",
    "source": "nyc_parks",
    "status": "verified",
    "confidence": null,
    "hoops": null,
    "surface": null,
    "lit": null,
    "address": "Remsen Ave., Glenwood Rd., E 92 St. and Bay View Pl.",
    "region": "nyc",
    "osm_id": null,
    "updated": "2026-10-08"
   }
  },
  {
   "type": "Feature",
   "geometry": {
    "type": "Point",
    "coordinates": [
     -73.9563,
     40.7092
    ]
   },
   "properties": {
    "id": "nyc-B223P02",
    "name": "Rodney Park North",
    "source": "nyc_parks",
    "status": "verified",
    "confidence": null,
    "hoops": null,
    "surface": null,
    "lit": null,
    "address": "Rodney, S 4 St. and S 5 St.",
    "region": "nyc",
    "osm_id": null,
    "updated": "2026-10-08"
   }
  },
  {
   "type": "Feature",
   "geometry": {
    "type": "Point",
    "coordinates": [
     -73.9618,
     40.7063
    ]
   },
   "properties": {
    "id": "nyc-B264",
    "name": "Roebling Playground",
    "source": "nyc_parks",
    "status": "verified",
    "confidence": null,
    "hoops": null,
    "surface": null,
    "lit": null,
    "address": "Wilson Ave., Lee Ave., Taylor St. and Bedford Ave.",
    "region": "nyc",
    "osm_id": null,
    "updated": "2026-10-08"
   }
  },
  {
   "type": "Feature",
   "geometry": {
    "type": "Point",
    "coordinates": [
     -74.0361,
     40.6261
    ]
   },
   "properties": {
    "id": "nyc-B192",
    "name": "Russell Pederson Playground",
    "source": "nyc_parks",
    "status": "verified",
    "confidence": null,
    "hoops": null,
    "surface": null,
    "lit": null,
    "address": "S/W Corner 83 St. & Colonial Rd.",
    "region": "nyc",
    "osm_id": null,
    "updated": "2026-10-08"
   }
  },
  {
   "type": "Feature",
   "geometry": {
    "type": "Point",
    "coordinates": [
     -73.9174,
     40.6409
    ]
   },
   "properties": {
    "id": "nyc-B352",
    "name": "Sam Curtis Park",
    "source": "nyc_parks",
    "status": "verified",
    "confidence": null,
    "hoops": null,
    "surface": null,
    "lit": null,
    "address": "S/S Foster Ave., E 81 St. and E 82 St.",
    "region": "nyc",
    "osm_id": null,
    "updated": "2026-10-08"
   }
  },
  {
   "type": "Feature",
   "geometry": {
    "type": "Point",
    "coordinates": [
     -73.9843,
     40.5947
    ]
   },
   "properties": {
    "id": "nyc-B106A",
    "name": "Scarangella Park",
    "source": "nyc_parks",
    "status": "verified",
    "confidence": null,
    "hoops": null,
    "surface": null,
    "lit": null,
    "address": "Ave. V, Stillwell Ave., Ave. U and W 13 St.",
    "region": "nyc",
    "osm_id": null,
    "updated": "2026-10-08"
   }
  },
  {
   "type": "Feature",
   "geometry": {
    "type": "Point",
    "coordinates": [
     -73.8861,
     40.6656
    ]
   },
   "properties": {
    "id": "nyc-B261",
    "name": "Schenk Playground",
    "source": "nyc_parks",
    "status": "verified",
    "confidence": null,
    "hoops": null,
    "surface": null,
    "lit": null,
    "address": "Livonia Ave., Barbey St. and Schenck Ave.",
    "region": "nyc",
    "osm_id": null,
    "updated": "2026-10-08"
   }
  },
  {
   "type": "Feature",
   "geometry": {
    "type": "Point",
    "coordinates": [
     -73.9372,
     40.7239
    ]
   },
   "properties": {
    "id": "nyc-B096",
    "name": "Sgt. William Dougherty Playground",
    "source": "nyc_parks",
    "status": "verified",
    "confidence": null,
    "hoops": null,
    "surface": null,
    "lit": null,
    "address": "Anthony St., Vandervoort Ave., and Cherry St.",
    "region": "nyc",
    "osm_id": null,
    "updated": "2026-10-08"
   }
  },
  {
   "type": "Feature",
   "geometry": {
    "type": "Point",
    "coordinates": [
     -73.9404,
     40.5887
    ]
   },
   "properties": {
    "id": "nyc-B239",
    "name": "Sheepshead Playground",
    "source": "nyc_parks",
    "status": "verified",
    "confidence": null,
    "hoops": null,
    "surface": null,
    "lit": null,
    "address": "Ave. Z and Nostrand Ave. to E. 29 St.",
    "region": "nyc",
    "osm_id": null,
    "updated": "2026-10-08"
   }
  },
  {
   "type": "Feature",
   "geometry": {
    "type": "Point",
    "coordinates": [
     -74.0397,
     40.6312
    ]
   },
   "properties": {
    "id": "nyc-B082",
    "name": "Shore Road Park",
    "source": "nyc_parks",
    "status": "verified",
    "confidence": null,
    "hoops": null,
    "surface": null,
    "lit": null,
    "address": "79th Street & Shore Road",
    "region": "nyc",
    "osm_id": null,
    "updated": "2026-10-08"
   }
  },
  {
   "type": "Feature",
   "geometry": {
    "type": "Point",
    "coordinates": [
     -73.981,
     40.6868
    ]
   },
   "properties": {
    "id": "nyc-B137",
    "name": "Sixteen Sycamores Playground",
    "source": "nyc_parks",
    "status": "verified",
    "confidence": null,
    "hoops": null,
    "surface": null,
    "lit": null,
    "address": "Schermerhorn St., 3 Ave. and Nevins St.",
    "region": "nyc",
    "osm_id": null,
    "updated": "2026-10-08"
   }
  },
  {
   "type": "Feature",
   "geometry": {
    "type": "Point",
    "coordinates": [
     -73.9418,
     40.6784
    ]
   },
   "properties": {
    "id": "nyc-B225",
    "name": "St. Andrew's Playground",
    "source": "nyc_parks",
    "status": "verified",
    "confidence": null,
    "hoops": null,
    "surface": null,
    "lit": null,
    "address": "Atlantic Ave., Herkimer St. and Kingston Ave.",
    "region": "nyc",
    "osm_id": null,
    "updated": "2026-10-08"
   }
  },
  {
   "type": "Feature",
   "geometry": {
    "type": "Point",
    "coordinates": [
     -73.934,
     40.6738
    ]
   },
   "properties": {
    "id": "nyc-B245",
    "name": "St. John's Recreation Center",
    "source": "nyc_parks",
    "status": "verified",
    "confidence": null,
    "hoops": null,
    "surface": null,
    "lit": null,
    "address": "Bergen St. between Troy and Schenectady Aves.",
    "region": "nyc",
    "osm_id": null,
    "updated": "2026-10-08"
   }
  },
  {
   "type": "Feature",
   "geometry": {
    "type": "Point",
    "coordinates": [
     -73.9972,
     40.6764
    ]
   },
   "properties": {
    "id": "nyc-B118A",
    "name": "St. Mary's Playground",
    "source": "nyc_parks",
    "status": "verified",
    "confidence": null,
    "hoops": null,
    "surface": null,
    "lit": null,
    "address": "Smith St. between Luquer and Nelson Sts.",
    "region": "nyc",
    "osm_id": null,
    "updated": "2026-10-08"
   }
  },
  {
   "type": "Feature",
   "geometry": {
    "type": "Point",
    "coordinates": [
     -73.9054,
     40.683
    ]
   },
   "properties": {
    "id": "nyc-B131",
    "name": "Stephen A. Rudd Playground",
    "source": "nyc_parks",
    "status": "verified",
    "confidence": null,
    "hoops": null,
    "surface": null,
    "lit": null,
    "address": "Bushwich Ave., Aberdeen and Granite Sts.",
    "region": "nyc",
    "osm_id": null,
    "updated": "2026-10-08"
   }
  },
  {
   "type": "Feature",
   "geometry": {
    "type": "Point",
    "coordinates": [
     -73.949,
     40.697
    ]
   },
   "properties": {
    "id": "nyc-B298",
    "name": "Stockton Playground",
    "source": "nyc_parks",
    "status": "verified",
    "confidence": null,
    "hoops": null,
    "surface": null,
    "lit": null,
    "address": "Park Ave., Floyd St. and E/O Marcy Ave.",
    "region": "nyc",
    "osm_id": null,
    "updated": "2026-10-08"
   }
  },
  {
   "type": "Feature",
   "geometry": {
    "type": "Point",
    "coordinates": [
     -73.9618,
     40.6749
    ]
   },
   "properties": {
    "id": "nyc-B350",
    "name": "Stroud Playground",
    "source": "nyc_parks",
    "status": "verified",
    "confidence": null,
    "hoops": null,
    "surface": null,
    "lit": null,
    "address": "Classon Ave., Sterling Pl. and Park Pl.",
    "region": "nyc",
    "osm_id": null,
    "updated": "2026-10-08"
   }
  },
  {
   "type": "Feature",
   "geometry": {
    "type": "Point",
    "coordinates": [
     -73.943,
     40.6976
    ]
   },
   "properties": {
    "id": "nyc-B263",
    "name": "Sumner Houses Playground/PS 59",
    "source": "nyc_parks",
    "status": "verified",
    "confidence": null,
    "hoops": null,
    "surface": null,
    "lit": null,
    "address": "Sumner, Throop, Park and Myrtle Aves.",
    "region": "nyc",
    "osm_id": null,
    "updated": "2026-10-08"
   }
  },
  {
   "type": "Feature",
   "geometry": {
    "type": "Point",
    "coordinates": [
     -74.0031,
     40.6481
    ]
   },
   "properties": {
    "id": "nyc-B087",
    "name": "Sunset Park",
    "source": "nyc_parks",
    "status": "verified",
    "confidence": null,
    "hoops": null,
    "surface": null,
    "lit": null,
    "address": "41 to 44 Sts. and 5 to 7 Aves.",
    "region": "nyc",
    "osm_id": null,
    "updated": "2026-10-08"
   }
  },
  {
   "type": "Feature",
   "geometry": {
    "type": "Point",
    "coordinates": [
     -73.9924,
     40.5738
    ]
   },
   "properties": {
    "id": "nyc-B315",
    "name": "Surf Playground",
    "source": "nyc_parks",
    "status": "verified",
    "confidence": null,
    "hoops": null,
    "surface": null,
    "lit": null,
    "address": "Surf Ave, W 25 and W 27 Sts.",
    "region": "nyc",
    "osm_id": null,
    "updated": "2026-10-08"
   }
  },
  {
   "type": "Feature",
   "geometry": {
    "type": "Point",
    "coordinates": [
     -73.9607,
     40.6953
    ]
   },
   "properties": {
    "id": "nyc-B105",
    "name": "Taaffe Playground",
    "source": "nyc_parks",
    "status": "verified",
    "confidence": null,
    "hoops": null,
    "surface": null,
    "lit": null,
    "address": "Park to Myrtle Aves. and Taaffe Pl.",
    "region": "nyc",
    "osm_id": null,
    "updated": "2026-10-08"
   }
  },
  {
   "type": "Feature",
   "geometry": {
    "type": "Point",
    "coordinates": [
     -73.939,
     40.709
    ]
   },
   "properties": {
    "id": "nyc-B311",
    "name": "Ten Eyck Playground/PS 196 Playground",
    "source": "nyc_parks",
    "status": "verified",
    "confidence": null,
    "hoops": null,
    "surface": null,
    "lit": null,
    "address": "Bushwick Ave., Scholes St. and Messerole St.",
    "region": "nyc",
    "osm_id": null,
    "updated": "2026-10-08"
   }
  },
  {
   "type": "Feature",
   "geometry": {
    "type": "Point",
    "coordinates": [
     -73.9442,
     40.7093
    ]
   },
   "properties": {
    "id": "nyc-B127",
    "name": "Thelma Martinez Playground",
    "source": "nyc_parks",
    "status": "verified",
    "confidence": null,
    "hoops": null,
    "surface": null,
    "lit": null,
    "address": "Scholes St. and Manhattan to Graham Aves.",
    "region": "nyc",
    "osm_id": null,
    "updated": "2026-10-08"
   }
  },
  {
   "type": "Feature",
   "geometry": {
    "type": "Point",
    "coordinates": [
     -73.9106,
     40.6882
    ]
   },
   "properties": {
    "id": "nyc-B307",
    "name": "Tiger Playground",
    "source": "nyc_parks",
    "status": "verified",
    "confidence": null,
    "hoops": null,
    "surface": null,
    "lit": null,
    "address": "Evergreen Ave., Eldert St. and Covert St.",
    "region": "nyc",
    "osm_id": null,
    "updated": "2026-10-08"
   }
  },
  {
   "type": "Feature",
   "geometry": {
    "type": "Point",
    "coordinates": [
     -73.9317,
     40.6476
    ]
   },
   "properties": {
    "id": "nyc-B234",
    "name": "Tilden Playground",
    "source": "nyc_parks",
    "status": "verified",
    "confidence": null,
    "hoops": null,
    "surface": null,
    "lit": null,
    "address": "Tilden Ave. and E 48 to E 49 Sts.",
    "region": "nyc",
    "osm_id": null,
    "updated": "2026-10-08"
   }
  },
  {
   "type": "Feature",
   "geometry": {
    "type": "Point",
    "coordinates": [
     -73.9705,
     40.5876
    ]
   },
   "properties": {
    "id": "nyc-B252",
    "name": "West Playground",
    "source": "nyc_parks",
    "status": "verified",
    "confidence": null,
    "hoops": null,
    "surface": null,
    "lit": null,
    "address": "N/S Ave. Z between West St. and W 1 St.",
    "region": "nyc",
    "osm_id": null,
    "updated": "2026-10-08"
   }
  },
  {
   "type": "Feature",
   "geometry": {
    "type": "Point",
    "coordinates": [
     -73.9647,
     40.5825
    ]
   },
   "properties": {
    "id": "nyc-B275",
    "name": "William Grady HS Playground",
    "source": "nyc_parks",
    "status": "verified",
    "confidence": null,
    "hoops": null,
    "surface": null,
    "lit": null,
    "address": "Shore Pkwy., Brighton 3 St. and 4 Rd.",
    "region": "nyc",
    "osm_id": null,
    "updated": "2026-10-08"
   }
  },
  {
   "type": "Feature",
   "geometry": {
    "type": "Point",
    "coordinates": [
     -73.8947,
     40.6421
    ]
   },
   "properties": {
    "id": "nyc-B279",
    "name": "Wilson Playground",
    "source": "nyc_parks",
    "status": "verified",
    "confidence": null,
    "hoops": null,
    "surface": null,
    "lit": null,
    "address": "Ave. J, Ave. K, E 100 and E 101 Sts.",
    "region": "nyc",
    "osm_id": null,
    "updated": "2026-10-08"
   }
  },
  {
   "type": "Feature",
   "geometry": {
    "type": "Point",
    "coordinates": [
     -73.8662,
     40.6652
    ]
   },
   "properties": {
    "id": "nyc-B312",
    "name": "Woodruff Playground/PS 224 Playground",
    "source": "nyc_parks",
    "status": "verified",
    "confidence": null,
    "hoops": null,
    "surface": null,
    "lit": null,
    "address": "Stanley Ave., Autumn Ave. and Hemlock St.",
    "region": "nyc",
    "osm_id": null,
    "updated": "2026-10-08"
   }
  },
  {
   "type": "Feature",
   "geometry": {
    "type": "Point",
    "coordinates": [
     -73.9286,
     40.6746
    ]
   },
   "properties": {
    "id": "nyc-B364",
    "name": "Woods Playground",
    "source": "nyc_parks",
    "status": "verified",
    "confidence": null,
    "hoops": null,
    "surface": null,
    "lit": null,
    "address": "Bergen St., Utica Ave., Rochester & St. Mark's Ave.",
    "region": "nyc",
    "osm_id": null,
    "updated": "2026-10-08"
   }
  },
  {
   "type": "Feature",
   "geometry": {
    "type": "Point",
    "coordinates": [
     -73.9586,
     40.7595
    ]
   },
   "properties": {
    "id": "nyc-M108Q",
    "name": "24 Sycamores Playground",
    "source": "nyc_parks",
    "status": "verified",
    "confidence": null,
    "hoops": null,
    "surface": null,
    "lit": null,
    "address": "1 Ave. & E. 96 St.",
    "region": "nyc",
    "osm_id": null,
    "updated": "2026-10-08"
   }
  },
  {
   "type": "Feature",
   "geometry": {
    "type": "Point",
    "coordinates": [
     -73.985,
     40.7832
    ]
   },
   "properties": {
    "id": "nyc-M071",
    "name": "76 St. Playground",
    "source": "nyc_parks",
    "status": "verified",
    "confidence": null,
    "hoops": null,
    "surface": null,
    "lit": null,
    "address": "W. 76 St. & Riverside Drive",
    "region": "nyc",
    "osm_id": null,
    "updated": "2026-10-08"
   }
  },
  {
   "type": "Feature",
   "geometry": {
    "type": "Point",
    "coordinates": [
     -73.9376,
     40.8122
    ]
   },
   "properties": {
    "id": "nyc-M193",
    "name": "Abraham Lincoln Playground",
    "source": "nyc_parks",
    "status": "verified",
    "confidence": null,
    "hoops": null,
    "surface": null,
    "lit": null,
    "address": "135 St. & Madison Ave.",
    "region": "nyc",
    "osm_id": null,
    "updated": "2026-10-08"
   }
  },
  {
   "type": "Feature",
   "geometry": {
    "type": "Point",
    "coordinates": [
     -73.9975,
     40.7104
    ]
   },
   "properties": {
    "id": "nyc-M194",
    "name": "Al Smith Recreations Center",
    "source": "nyc_parks",
    "status": "verified",
    "confidence": null,
    "hoops": null,
    "surface": null,
    "lit": null,
    "address": "Catherine St.",
    "region": "nyc",
    "osm_id": null,
    "updated": "2026-10-08"
   }
  },
  {
   "type": "Feature",
   "geometry": {
    "type": "Point",
    "coordinates": [
     -73.9974,
     40.7122
    ]
   },
   "properties": {
    "id": "nyc-M196",
    "name": "Alfred E. Smith Playground",
    "source": "nyc_parks",
    "status": "verified",
    "confidence": null,
    "hoops": null,
    "surface": null,
    "lit": null,
    "address": "Madison and Catherine Sts. to Oliver St.",
    "region": "nyc",
    "osm_id": null,
    "updated": "2026-10-08"
   }
  },
  {
   "type": "Feature",
   "geometry": {
    "type": "Point",
    "coordinates": [
     -73.9753,
     40.7364
    ]
   },
   "properties": {
    "id": "nyc-M164",
    "name": "Asser Levy Playground",
    "source": "nyc_parks",
    "status": "verified",
    "confidence": null,
    "hoops": null,
    "surface": null,
    "lit": null,
    "address": "E. 23 St. & FDR Drive",
    "region": "nyc",
    "osm_id": null,
    "updated": "2026-10-08"
   }
  },
  {
   "type": "Feature",
   "geometry": {
    "type": "Point",
    "coordinates": [
     -73.9385,
     40.8414
    ]
   },
   "properties": {
    "id": "nyc-M240",
    "name": "Audubon Playground",
    "source": "nyc_parks",
    "status": "verified",
    "confidence": null,
    "hoops": null,
    "surface": null,
    "lit": null,
    "address": "170 St. & Audubon Ave.",
    "region": "nyc",
    "osm_id": null,
    "updated": "2026-10-08"
   }
  },
  {
   "type": "Feature",
   "geometry": {
    "type": "Point",
    "coordinates": [
     -73.9821,
     40.7353
    ]
   },
   "properties": {
    "id": "nyc-M226",
    "name": "Augustus Saint-Garden's Playground",
    "source": "nyc_parks",
    "status": "verified",
    "confidence": null,
    "hoops": null,
    "surface": null,
    "lit": null,
    "address": "E. 19 St. & 2 Ave.",
    "region": "nyc",
    "osm_id": null,
    "updated": "2026-10-08"
   }
  },
  {
   "type": "Feature",
   "geometry": {
    "type": "Point",
    "coordinates": [
     -73.9766,
     40.7172
    ]
   },
   "properties": {
    "id": "nyc-M165",
    "name": "Baruch Playground",
    "source": "nyc_parks",
    "status": "verified",
    "confidence": null,
    "hoops": null,
    "surface": null,
    "lit": null,
    "address": "Rivington St. & Baruch Place",
    "region": "nyc",
    "osm_id": null,
    "updated": "2026-10-08"
   }
  },
  {
   "type": "Feature",
   "geometry": {
    "type": "Point",
    "coordinates": [
     -73.9785,
     40.7397
    ]
   },
   "properties": {
    "id": "nyc-M263",
    "name": "Bellevue South Playground",
    "source": "nyc_parks",
    "status": "verified",
    "confidence": null,
    "hoops": null,
    "surface": null,
    "lit": null,
    "address": "E. 26 St. & 2 Ave.",
    "region": "nyc",
    "osm_id": null,
    "updated": "2026-10-08"
   }
  },
  {
   "type": "Feature",
   "geometry": {
    "type": "Point",
    "coordinates": [
     -73.9443,
     40.7885
    ]
   },
   "properties": {
    "id": "nyc-M214",
    "name": "Blake Hobbs Park",
    "source": "nyc_parks",
    "status": "verified",
    "confidence": null,
    "hoops": null,
    "surface": null,
    "lit": null,
    "address": "104 St. & 2 Ave.",
    "region": "nyc",
    "osm_id": null,
    "updated": "2026-10-08"
   }
  },
  {
   "type": "Feature",
   "geometry": {
    "type": "Point",
    "coordinates": [
     -73.966,
     40.799
    ]
   },
   "properties": {
    "id": "nyc-M238",
    "name": "Bloomingdale Playground",
    "source": "nyc_parks",
    "status": "verified",
    "confidence": null,
    "hoops": null,
    "surface": null,
    "lit": null,
    "address": "W. 104 St. & Amsterdam Ave.",
    "region": "nyc",
    "osm_id": null,
    "updated": "2026-10-08"
   }
  },
  {
   "type": "Feature",
   "geometry": {
    "type": "Point",
    "coordinates": [
     -73.9372,
     40.8253
    ]
   },
   "properties": {
    "id": "nyc-M138",
    "name": "Bo Jangles Playground",
    "source": "nyc_parks",
    "status": "verified",
    "confidence": null,
    "hoops": null,
    "surface": null,
    "lit": null,
    "address": "W. 150 St. & 7 Ave.",
    "region": "nyc",
    "osm_id": null,
    "updated": "2026-10-08"
   }
  },
  {
   "type": "Feature",
   "geometry": {
    "type": "Point",
    "coordinates": [
     -73.9641,
     40.8011
    ]
   },
   "properties": {
    "id": "nyc-M200",
    "name": "Booker T. Washington Playground",
    "source": "nyc_parks",
    "status": "verified",
    "confidence": null,
    "hoops": null,
    "surface": null,
    "lit": null,
    "address": "W. 108 St. & Columbus Ave.",
    "region": "nyc",
    "osm_id": null,
    "updated": "2026-10-08"
   }
  },
  {
   "type": "Feature",
   "geometry": {
    "type": "Point",
    "coordinates": [
     -73.9441,
     40.7739
    ]
   },
   "properties": {
    "id": "nyc-M081",
    "name": "Carl Schurz Park",
    "source": "nyc_parks",
    "status": "verified",
    "confidence": null,
    "hoops": null,
    "surface": null,
    "lit": null,
    "address": "E. 84 St. & York Ave.",
    "region": "nyc",
    "osm_id": null,
    "updated": "2026-10-08"
   }
  },
  {
   "type": "Feature",
   "geometry": {
    "type": "Point",
    "coordinates": [
     -73.9443,
     40.8294
    ]
   },
   "properties": {
    "id": "nyc-M018",
    "name": "Carmansville Playground",
    "source": "nyc_parks",
    "status": "verified",
    "confidence": null,
    "hoops": null,
    "surface": null,
    "lit": null,
    "address": "W. 151 to 152 Sts. and Amsterdam Ave.",
    "region": "nyc",
    "osm_id": null,
    "updated": "2026-10-08"
   }
  },
  {
   "type": "Feature",
   "geometry": {
    "type": "Point",
    "coordinates": [
     -73.9598,
     40.7911
    ]
   },
   "properties": {
    "id": "nyc-M010",
    "name": "Central Park",
    "source": "nyc_parks",
    "status": "verified",
    "confidence": null,
    "hoops": null,
    "surface": null,
    "lit": null,
    "address": "North Meadow (mid-park at 97th Street)",
    "region": "nyc",
    "osm_id": null,
    "updated": "2026-10-08"
   }
  },
  {
   "type": "Feature",
   "geometry": {
    "type": "Point",
    "coordinates": [
     -73.9644,
     40.7826
    ]
   },
   "properties": {
    "id": "nyc-M010-2",
    "name": "Central Park",
    "source": "nyc_parks",
    "status": "verified",
    "confidence": null,
    "hoops": null,
    "surface": null,
    "lit": null,
    "address": "Great Lawn",
    "region": "nyc",
    "osm_id": null,
    "updated": "2026-10-08"
   }
  },
  {
   "type": "Feature",
   "geometry": {
    "type": "Point",
    "coordinates": [
     -74.0004,
     40.7498
    ]
   },
   "properties": {
    "id": "nyc-M011",
    "name": "Chelsea Park",
    "source": "nyc_parks",
    "status": "verified",
    "confidence": null,
    "hoops": null,
    "surface": null,
    "lit": null,
    "address": "W. 28 St. between 9 and 10 Aves.",
    "region": "nyc",
    "osm_id": null,
    "updated": "2026-10-08"
   }
  },
  {
   "type": "Feature",
   "geometry": {
    "type": "Point",
    "coordinates": [
     -73.9861,
     40.7113
    ]
   },
   "properties": {
    "id": "nyc-M171",
    "name": "Cherry Playground",
    "source": "nyc_parks",
    "status": "verified",
    "confidence": null,
    "hoops": null,
    "surface": null,
    "lit": null,
    "address": "Clinton, Cherry and Water Sts.",
    "region": "nyc",
    "osm_id": null,
    "updated": "2026-10-08"
   }
  },
  {
   "type": "Feature",
   "geometry": {
    "type": "Point",
    "coordinates": [
     -73.9471,
     40.7875
    ]
   },
   "properties": {
    "id": "nyc-M215",
    "name": "Cherry Tree Park",
    "source": "nyc_parks",
    "status": "verified",
    "confidence": null,
    "hoops": null,
    "surface": null,
    "lit": null,
    "address": "E. 99 St. & 3 Ave.",
    "region": "nyc",
    "osm_id": null,
    "updated": "2026-10-08"
   }
  },
  {
   "type": "Feature",
   "geometry": {
    "type": "Point",
    "coordinates": [
     -73.9361,
     40.8201
    ]
   },
   "properties": {
    "id": "nyc-M186",
    "name": "Col. Young Playground (Front)",
    "source": "nyc_parks",
    "status": "verified",
    "confidence": null,
    "hoops": null,
    "surface": null,
    "lit": null,
    "address": "W. 145 St. & Lenox Ave.",
    "region": "nyc",
    "osm_id": null,
    "updated": "2026-10-08"
   }
  },
  {
   "type": "Feature",
   "geometry": {
    "type": "Point",
    "coordinates": [
     -73.9348,
     40.8187
    ]
   },
   "properties": {
    "id": "nyc-M186-2",
    "name": "Col. Young Playground (Rear)",
    "source": "nyc_parks",
    "status": "verified",
    "confidence": null,
    "hoops": null,
    "surface": null,
    "lit": null,
    "address": "W. 143 to 144 St. and Hudson River Dr.",
    "region": "nyc",
    "osm_id": null,
    "updated": "2026-10-08"
   }
  },
  {
   "type": "Feature",
   "geometry": {
    "type": "Point",
    "coordinates": [
     -74.0,
     40.7145
    ]
   },
   "properties": {
    "id": "nyc-M015",
    "name": "Columbus Park",
    "source": "nyc_parks",
    "status": "verified",
    "confidence": null,
    "hoops": null,
    "surface": null,
    "lit": null,
    "address": "Worth & Mulberry Sts.",
    "region": "nyc",
    "osm_id": null,
    "updated": "2026-10-08"
   }
  },
  {
   "type": "Feature",
   "geometry": {
    "type": "Point",
    "coordinates": [
     -74.0046,
     40.7391
    ]
   },
   "properties": {
    "id": "nyc-M237",
    "name": "Corp. Seravalli Park",
    "source": "nyc_parks",
    "status": "verified",
    "confidence": null,
    "hoops": null,
    "surface": null,
    "lit": null,
    "address": "Hudson St. between Gansevoort and Horatio Sts.",
    "region": "nyc",
    "osm_id": null,
    "updated": "2026-10-08"
   }
  },
  {
   "type": "Feature",
   "geometry": {
    "type": "Point",
    "coordinates": [
     -73.94,
     40.8099
    ]
   },
   "properties": {
    "id": "nyc-M155",
    "name": "Courtney Callender Playground",
    "source": "nyc_parks",
    "status": "verified",
    "confidence": null,
    "hoops": null,
    "surface": null,
    "lit": null,
    "address": "130 to 131 Sts. and 5th Ave.",
    "region": "nyc",
    "osm_id": null,
    "updated": "2026-10-08"
   }
  },
  {
   "type": "Feature",
   "geometry": {
    "type": "Point",
    "coordinates": [
     -73.9318,
     40.8044
    ]
   },
   "properties": {
    "id": "nyc-M208E",
    "name": "Crack is Wack",
    "source": "nyc_parks",
    "status": "verified",
    "confidence": null,
    "hoops": null,
    "surface": null,
    "lit": null,
    "address": "E. 128 St. & 2 Ave.",
    "region": "nyc",
    "osm_id": null,
    "updated": "2026-10-08"
   }
  },
  {
   "type": "Feature",
   "geometry": {
    "type": "Point",
    "coordinates": [
     -73.9309,
     40.8009
    ]
   },
   "properties": {
    "id": "nyc-M108A",
    "name": "DeSalvio Playground",
    "source": "nyc_parks",
    "status": "verified",
    "confidence": null,
    "hoops": null,
    "surface": null,
    "lit": null,
    "address": "Spring & Mulberry Sts.",
    "region": "nyc",
    "osm_id": null,
    "updated": "2026-10-08"
   }
  },
  {
   "type": "Feature",
   "geometry": {
    "type": "Point",
    "coordinates": [
     -73.9947,
     40.7685
    ]
   },
   "properties": {
    "id": "nyc-M022",
    "name": "De Witt Clinton Park",
    "source": "nyc_parks",
    "status": "verified",
    "confidence": null,
    "hoops": null,
    "surface": null,
    "lit": null,
    "address": "W. 53rd St. between 11 and 12 Aves.",
    "region": "nyc",
    "osm_id": null,
    "updated": "2026-10-08"
   }
  },
  {
   "type": "Feature",
   "geometry": {
    "type": "Point",
    "coordinates": [
     -73.9752,
     40.7253
    ]
   },
   "properties": {
    "id": "nyc-M270",
    "name": "Dry Dock Park",
    "source": "nyc_parks",
    "status": "verified",
    "confidence": null,
    "hoops": null,
    "surface": null,
    "lit": null,
    "address": "E. 10 St. & Ave. D",
    "region": "nyc",
    "osm_id": null,
    "updated": "2026-10-08"
   }
  },
  {
   "type": "Feature",
   "geometry": {
    "type": "Point",
    "coordinates": [
     -73.9724,
     40.7249
    ]
   },
   "properties": {
    "id": "nyc-M144",
    "name": "East River Park",
    "source": "nyc_parks",
    "status": "verified",
    "confidence": null,
    "hoops": null,
    "surface": null,
    "lit": null,
    "address": "E. 10 St. & FDR Drive",
    "region": "nyc",
    "osm_id": null,
    "updated": "2026-10-08"
   }
  },
  {
   "type": "Feature",
   "geometry": {
    "type": "Point",
    "coordinates": [
     -73.9385,
     40.7891
    ]
   },
   "properties": {
    "id": "nyc-M258",
    "name": "East River Playground / PS 146",
    "source": "nyc_parks",
    "status": "verified",
    "confidence": null,
    "hoops": null,
    "surface": null,
    "lit": null,
    "address": "106 St. & FDR Drive",
    "region": "nyc",
    "osm_id": null,
    "updated": "2026-10-08"
   }
  },
  {
   "type": "Feature",
   "geometry": {
    "type": "Point",
    "coordinates": [
     -73.986,
     40.7218
    ]
   },
   "properties": {
    "id": "nyc-M116",
    "name": "Essex Playground",
    "source": "nyc_parks",
    "status": "verified",
    "confidence": null,
    "hoops": null,
    "surface": null,
    "lit": null,
    "address": "Essex, Norfolk and E. Houston St.",
    "region": "nyc",
    "osm_id": null,
    "updated": "2026-10-08"
   }
  },
  {
   "type": "Feature",
   "geometry": {
    "type": "Point",
    "coordinates": [
     -73.9898,
     40.7235
    ]
   },
   "properties": {
    "id": "nyc-M124",
    "name": "First Park",
    "source": "nyc_parks",
    "status": "verified",
    "confidence": null,
    "hoops": null,
    "surface": null,
    "lit": null,
    "address": "E. Houston to E. 1 St.",
    "region": "nyc",
    "osm_id": null,
    "updated": "2026-10-08"
   }
  },
  {
   "type": "Feature",
   "geometry": {
    "type": "Point",
    "coordinates": [
     -73.9392,
     40.8173
    ]
   },
   "properties": {
    "id": "nyc-M160",
    "name": "Fred Samuels Playground",
    "source": "nyc_parks",
    "status": "verified",
    "confidence": null,
    "hoops": null,
    "surface": null,
    "lit": null,
    "address": "139 to 140 Sts. and Lenox Ave.",
    "region": "nyc",
    "osm_id": null,
    "updated": "2026-10-08"
   }
  },
  {
   "type": "Feature",
   "geometry": {
    "type": "Point",
    "coordinates": [
     -73.9679,
     40.7969
    ]
   },
   "properties": {
    "id": "nyc-M220",
    "name": "Frederick Douglass Playground",
    "source": "nyc_parks",
    "status": "verified",
    "confidence": null,
    "hoops": null,
    "surface": null,
    "lit": null,
    "address": "W. 100 to 102 Sts. and Amsterdam Ave.",
    "region": "nyc",
    "osm_id": null,
    "updated": "2026-10-08"
   }
  },
  {
   "type": "Feature",
   "geometry": {
    "type": "Point",
    "coordinates": [
     -73.9247,
     40.8579
    ]
   },
   "properties": {
    "id": "nyc-M037",
    "name": "Ft. George Playground",
    "source": "nyc_parks",
    "status": "verified",
    "confidence": null,
    "hoops": null,
    "surface": null,
    "lit": null,
    "address": "Ft. George Ave. & W. 192 St.",
    "region": "nyc",
    "osm_id": null,
    "updated": "2026-10-08"
   }
  },
  {
   "type": "Feature",
   "geometry": {
    "type": "Point",
    "coordinates": [
     -73.9485,
     40.8385
    ]
   },
   "properties": {
    "id": "nyc-M028",
    "name": "Ft. Washington Playground",
    "source": "nyc_parks",
    "status": "verified",
    "confidence": null,
    "hoops": null,
    "surface": null,
    "lit": null,
    "address": "161st Street & Henry Hudson Parkway",
    "region": "nyc",
    "osm_id": null,
    "updated": "2026-10-08"
   }
  },
  {
   "type": "Feature",
   "geometry": {
    "type": "Point",
    "coordinates": [
     -74.0051,
     40.7222
    ]
   },
   "properties": {
    "id": "nyc-M222",
    "name": "Grand & Canal Courts",
    "source": "nyc_parks",
    "status": "verified",
    "confidence": null,
    "hoops": null,
    "surface": null,
    "lit": null,
    "address": "Grand & Canal Sts.",
    "region": "nyc",
    "osm_id": null,
    "updated": "2026-10-08"
   }
  },
  {
   "type": "Feature",
   "geometry": {
    "type": "Point",
    "coordinates": [
     -73.9819,
     40.7159
    ]
   },
   "properties": {
    "id": "nyc-M065",
    "name": "Gulick Playground",
    "source": "nyc_parks",
    "status": "verified",
    "confidence": null,
    "hoops": null,
    "surface": null,
    "lit": null,
    "address": "Columbia & Delancey Sts.",
    "region": "nyc",
    "osm_id": null,
    "updated": "2026-10-08"
   }
  },
  {
   "type": "Feature",
   "geometry": {
    "type": "Point",
    "coordinates": [
     -73.9902,
     40.7636
    ]
   },
   "properties": {
    "id": "nyc-M221",
    "name": "Gutenberg PlaygroundLa Gu",
    "source": "nyc_parks",
    "status": "verified",
    "confidence": null,
    "hoops": null,
    "surface": null,
    "lit": null,
    "address": "W. 49 St. between 9 and 10 Aves.",
    "region": "nyc",
    "osm_id": null,
    "updated": "2026-10-08"
   }
  },
  {
   "type": "Feature",
   "geometry": {
    "type": "Point",
    "coordinates": [
     -73.9806,
     40.7194
    ]
   },
   "properties": {
    "id": "nyc-M033",
    "name": "Hamilton Fish Playground",
    "source": "nyc_parks",
    "status": "verified",
    "confidence": null,
    "hoops": null,
    "surface": null,
    "lit": null,
    "address": "128 Pitt St.",
    "region": "nyc",
    "osm_id": null,
    "updated": "2026-10-08"
   }
  },
  {
   "type": "Feature",
   "geometry": {
    "type": "Point",
    "coordinates": [
     -73.9515,
     40.8229
    ]
   },
   "properties": {
    "id": "nyc-M041",
    "name": "Hamilton Place",
    "source": "nyc_parks",
    "status": "verified",
    "confidence": null,
    "hoops": null,
    "surface": null,
    "lit": null,
    "address": "W. 140 St. & Hamilton Pl.",
    "region": "nyc",
    "osm_id": null,
    "updated": "2026-10-08"
   }
  },
  {
   "type": "Feature",
   "geometry": {
    "type": "Point",
    "coordinates": [
     -73.9683,
     40.7956
    ]
   },
   "properties": {
    "id": "nyc-M229",
    "name": "Happy Warrior Playground",
    "source": "nyc_parks",
    "status": "verified",
    "confidence": null,
    "hoops": null,
    "surface": null,
    "lit": null,
    "address": "W. 98 Sts. & Amsterdam Ave.",
    "region": "nyc",
    "osm_id": null,
    "updated": "2026-10-08"
   }
  },
  {
   "type": "Feature",
   "geometry": {
    "type": "Point",
    "coordinates": [
     -73.9348,
     40.826
    ]
   },
   "properties": {
    "id": "nyc-M141",
    "name": "Harlem Lane Playground",
    "source": "nyc_parks",
    "status": "verified",
    "confidence": null,
    "hoops": null,
    "surface": null,
    "lit": null,
    "address": "151 to 154 Sts. and Hudson River Drive",
    "region": "nyc",
    "osm_id": null,
    "updated": "2026-10-08"
   }
  },
  {
   "type": "Feature",
   "geometry": {
    "type": "Point",
    "coordinates": [
     -73.9926,
     40.763
    ]
   },
   "properties": {
    "id": "nyc-M277",
    "name": "Hell's Kitchen Park",
    "source": "nyc_parks",
    "status": "verified",
    "confidence": null,
    "hoops": null,
    "surface": null,
    "lit": null,
    "address": "W. 47 St. & 10 Ave.",
    "region": "nyc",
    "osm_id": null,
    "updated": "2026-10-08"
   }
  },
  {
   "type": "Feature",
   "geometry": {
    "type": "Point",
    "coordinates": [
     -73.9337,
     40.8426
    ]
   },
   "properties": {
    "id": "nyc-M037-2",
    "name": "Highbridge Play Center (Indoors)",
    "source": "nyc_parks",
    "status": "verified",
    "confidence": null,
    "hoops": null,
    "surface": null,
    "lit": null,
    "address": "W. 173 St. & Amsterdam Ave.",
    "region": "nyc",
    "osm_id": null,
    "updated": "2026-10-08"
   }
  },
  {
   "type": "Feature",
   "geometry": {
    "type": "Point",
    "coordinates": [
     -73.9363,
     40.8295
    ]
   },
   "properties": {
    "id": "nyc-M216",
    "name": "Greg Marius Court",
    "source": "nyc_parks",
    "status": "verified",
    "confidence": null,
    "hoops": null,
    "surface": null,
    "lit": null,
    "address": "156 St. & 8 Ave.",
    "region": "nyc",
    "osm_id": null,
    "updated": "2026-10-08"
   }
  },
  {
   "type": "Feature",
   "geometry": {
    "type": "Point",
    "coordinates": [
     -73.9387,
     40.8135
    ]
   },
   "properties": {
    "id": "nyc-M217",
    "name": "Howard Bennett Playground",
    "source": "nyc_parks",
    "status": "verified",
    "confidence": null,
    "hoops": null,
    "surface": null,
    "lit": null,
    "address": "135 St. & Lenox Terrace",
    "region": "nyc",
    "osm_id": null,
    "updated": "2026-10-08"
   }
  },
  {
   "type": "Feature",
   "geometry": {
    "type": "Point",
    "coordinates": [
     -73.922,
     40.8703
    ]
   },
   "properties": {
    "id": "nyc-M042",
    "name": "Inwood Park",
    "source": "nyc_parks",
    "status": "verified",
    "confidence": null,
    "hoops": null,
    "surface": null,
    "lit": null,
    "address": "207 St.",
    "region": "nyc",
    "osm_id": null,
    "updated": "2026-10-08"
   }
  },
  {
   "type": "Feature",
   "geometry": {
    "type": "Point",
    "coordinates": [
     -73.9406,
     40.8466
    ]
   },
   "properties": {
    "id": "nyc-M099",
    "name": "J. Hood Wright Playground (*Under Construction)",
    "source": "nyc_parks",
    "status": "verified",
    "confidence": null,
    "hoops": null,
    "surface": null,
    "lit": null,
    "address": "176 St. & Ft. Washington Ave.",
    "region": "nyc",
    "osm_id": null,
    "updated": "2026-10-08"
   }
  },
  {
   "type": "Feature",
   "geometry": {
    "type": "Point",
    "coordinates": [
     -73.9408,
     40.8266
    ]
   },
   "properties": {
    "id": "nyc-M014",
    "name": "Jackie Robinson Park",
    "source": "nyc_parks",
    "status": "verified",
    "confidence": null,
    "hoops": null,
    "surface": null,
    "lit": null,
    "address": "150 St. & Bradhurst Ave.",
    "region": "nyc",
    "osm_id": null,
    "updated": "2026-10-08"
   }
  },
  {
   "type": "Feature",
   "geometry": {
    "type": "Point",
    "coordinates": [
     -73.9813,
     40.7139
    ]
   },
   "properties": {
    "id": "nyc-M228",
    "name": "Jackson Playground",
    "source": "nyc_parks",
    "status": "verified",
    "confidence": null,
    "hoops": null,
    "surface": null,
    "lit": null,
    "address": "Jackson St. between Madison & Henry Sts.",
    "region": "nyc",
    "osm_id": null,
    "updated": "2026-10-08"
   }
  },
  {
   "type": "Feature",
   "geometry": {
    "type": "Point",
    "coordinates": [
     -73.9349,
     40.8591
    ]
   },
   "properties": {
    "id": "nyc-M029",
    "name": "Jacob Javits Playground",
    "source": "nyc_parks",
    "status": "verified",
    "confidence": null,
    "hoops": null,
    "surface": null,
    "lit": null,
    "address": "Cabrini Blvd. & Cobrin Circle",
    "region": "nyc",
    "osm_id": null,
    "updated": "2026-10-08"
   }
  },
  {
   "type": "Feature",
   "geometry": {
    "type": "Point",
    "coordinates": [
     -73.9524,
     40.8203
    ]
   },
   "properties": {
    "id": "nyc-M223",
    "name": "Jacob Schiff Playground",
    "source": "nyc_parks",
    "status": "verified",
    "confidence": null,
    "hoops": null,
    "surface": null,
    "lit": null,
    "address": "W. 136 St. & Amsterdam Ave.",
    "region": "nyc",
    "osm_id": null,
    "updated": "2026-10-08"
   }
  },
  {
   "type": "Feature",
   "geometry": {
    "type": "Point",
    "coordinates": [
     -73.9419,
     40.7973
    ]
   },
   "properties": {
    "id": "nyc-M111",
    "name": "James Weldon Playground / PS 57",
    "source": "nyc_parks",
    "status": "verified",
    "confidence": null,
    "hoops": null,
    "surface": null,
    "lit": null,
    "address": "E. 115 St. & Lexington Ave.",
    "region": "nyc",
    "osm_id": null,
    "updated": "2026-10-08"
   }
  },
  {
   "type": "Feature",
   "geometry": {
    "type": "Point",
    "coordinates": [
     -73.9498,
     40.7687
    ]
   },
   "properties": {
    "id": "nyc-M045",
    "name": "John Jay Park",
    "source": "nyc_parks",
    "status": "verified",
    "confidence": null,
    "hoops": null,
    "surface": null,
    "lit": null,
    "address": "E. 77 St. & FDR Drive",
    "region": "nyc",
    "osm_id": null,
    "updated": "2026-10-08"
   }
  },
  {
   "type": "Feature",
   "geometry": {
    "type": "Point",
    "coordinates": [
     -74.002,
     40.7419
    ]
   },
   "properties": {
    "id": "nyc-M066",
    "name": "Kelly Playground",
    "source": "nyc_parks",
    "status": "verified",
    "confidence": null,
    "hoops": null,
    "surface": null,
    "lit": null,
    "address": "W. 17 St. between 8 and 9 Aves.",
    "region": "nyc",
    "osm_id": null,
    "updated": "2026-10-08"
   }
  },
  {
   "type": "Feature",
   "geometry": {
    "type": "Point",
    "coordinates": [
     -73.9211,
     40.8624
    ]
   },
   "properties": {
    "id": "nyc-M199",
    "name": "Kett Playground",
    "source": "nyc_parks",
    "status": "verified",
    "confidence": null,
    "hoops": null,
    "surface": null,
    "lit": null,
    "address": "W. 204 St. & Nagles Ave.",
    "region": "nyc",
    "osm_id": null,
    "updated": "2026-10-08"
   }
  },
  {
   "type": "Feature",
   "geometry": {
    "type": "Point",
    "coordinates": [
     -73.9883,
     40.7124
    ]
   },
   "properties": {
    "id": "nyc-M132",
    "name": "La Guardia Hospital Playground-Rutgers Pool/Little Flower Playground",
    "source": "nyc_parks",
    "status": "verified",
    "confidence": null,
    "hoops": null,
    "surface": null,
    "lit": null,
    "address": "Madison St. opposite Jefferson St.",
    "region": "nyc",
    "osm_id": null,
    "updated": "2026-10-08"
   }
  },
  {
   "type": "Feature",
   "geometry": {
    "type": "Point",
    "coordinates": [
     -73.9431,
     40.8033
    ]
   },
   "properties": {
    "id": "nyc-M058",
    "name": "Marcus Garvey Park",
    "source": "nyc_parks",
    "status": "verified",
    "confidence": null,
    "hoops": null,
    "surface": null,
    "lit": null,
    "address": "E. 120 to 124 Sts. and Madison Ave.",
    "region": "nyc",
    "osm_id": null,
    "updated": "2026-10-08"
   }
  },
  {
   "type": "Feature",
   "geometry": {
    "type": "Point",
    "coordinates": [
     -73.9503,
     40.7999
    ]
   },
   "properties": {
    "id": "nyc-M198",
    "name": "Martin Luther King Jr. Playground",
    "source": "nyc_parks",
    "status": "verified",
    "confidence": null,
    "hoops": null,
    "surface": null,
    "lit": null,
    "address": "113 to 114 St. and Lenox Ave.",
    "region": "nyc",
    "osm_id": null,
    "updated": "2026-10-08"
   }
  },
  {
   "type": "Feature",
   "geometry": {
    "type": "Point",
    "coordinates": [
     -73.9926,
     40.7614
    ]
   },
   "properties": {
    "id": "nyc-M154",
    "name": "May Mathews Playground",
    "source": "nyc_parks",
    "status": "verified",
    "confidence": null,
    "hoops": null,
    "surface": null,
    "lit": null,
    "address": "W. 46 St. between 9 and 10 Aves.",
    "region": "nyc",
    "osm_id": null,
    "updated": "2026-10-08"
   }
  },
  {
   "type": "Feature",
   "geometry": {
    "type": "Point",
    "coordinates": [
     -73.9911,
     40.759
    ]
   },
   "properties": {
    "id": "nyc-M161",
    "name": "McCaffrey Playground",
    "source": "nyc_parks",
    "status": "verified",
    "confidence": null,
    "hoops": null,
    "surface": null,
    "lit": null,
    "address": "W. 43 St. between 8 and 9 Aves.",
    "region": "nyc",
    "osm_id": null,
    "updated": "2026-10-08"
   }
  },
  {
   "type": "Feature",
   "geometry": {
    "type": "Point",
    "coordinates": [
     -73.9857,
     40.7242
    ]
   },
   "properties": {
    "id": "nyc-M259",
    "name": "McKinley Playground",
    "source": "nyc_parks",
    "status": "verified",
    "confidence": null,
    "hoops": null,
    "surface": null,
    "lit": null,
    "address": "Ave. A between E. 3 St. and E. 4 St.",
    "region": "nyc",
    "osm_id": null,
    "updated": "2026-10-08"
   }
  },
  {
   "type": "Feature",
   "geometry": {
    "type": "Point",
    "coordinates": [
     -73.9386,
     40.8095
    ]
   },
   "properties": {
    "id": "nyc-M204",
    "name": "Moore Playground / PS 133",
    "source": "nyc_parks",
    "status": "verified",
    "confidence": null,
    "hoops": null,
    "surface": null,
    "lit": null,
    "address": "E. 131 St. & Madison Ave.",
    "region": "nyc",
    "osm_id": null,
    "updated": "2026-10-08"
   }
  },
  {
   "type": "Feature",
   "geometry": {
    "type": "Point",
    "coordinates": [
     -73.958,
     40.8031
    ]
   },
   "properties": {
    "id": "nyc-M056",
    "name": "Morningside Park",
    "source": "nyc_parks",
    "status": "verified",
    "confidence": null,
    "hoops": null,
    "surface": null,
    "lit": null,
    "address": "W. 113 St. & Morningside",
    "region": "nyc",
    "osm_id": null,
    "updated": "2026-10-08"
   }
  },
  {
   "type": "Feature",
   "geometry": {
    "type": "Point",
    "coordinates": [
     -73.9573,
     40.8074
    ]
   },
   "properties": {
    "id": "nyc-M056-2",
    "name": "Morningside Park",
    "source": "nyc_parks",
    "status": "verified",
    "confidence": null,
    "hoops": null,
    "surface": null,
    "lit": null,
    "address": "W. 116 St. & Morningside",
    "region": "nyc",
    "osm_id": null,
    "updated": "2026-10-08"
   }
  },
  {
   "type": "Feature",
   "geometry": {
    "type": "Point",
    "coordinates": [
     -73.9551,
     40.8107
    ]
   },
   "properties": {
    "id": "nyc-M056-3",
    "name": "Morningside Park",
    "source": "nyc_parks",
    "status": "verified",
    "confidence": null,
    "hoops": null,
    "surface": null,
    "lit": null,
    "address": "W. 123 St. & Morningside",
    "region": "nyc",
    "osm_id": null,
    "updated": "2026-10-08"
   }
  },
  {
   "type": "Feature",
   "geometry": {
    "type": "Point",
    "coordinates": [
     -73.9356,
     40.7975
    ]
   },
   "properties": {
    "id": "nyc-M239",
    "name": "Morningside Playground",
    "source": "nyc_parks",
    "status": "verified",
    "confidence": null,
    "hoops": null,
    "surface": null,
    "lit": null,
    "address": "E. 118 St. & 2 Ave.",
    "region": "nyc",
    "osm_id": null,
    "updated": "2026-10-08"
   }
  },
  {
   "type": "Feature",
   "geometry": {
    "type": "Point",
    "coordinates": [
     -73.9328,
     40.8448
    ]
   },
   "properties": {
    "id": "nyc-M037-3",
    "name": "Multi Purpose Playground",
    "source": "nyc_parks",
    "status": "verified",
    "confidence": null,
    "hoops": null,
    "surface": null,
    "lit": null,
    "address": "W. 175 St. & Amsterdam Ave.",
    "region": "nyc",
    "osm_id": null,
    "updated": "2026-10-08"
   }
  },
  {
   "type": "Feature",
   "geometry": {
    "type": "Point",
    "coordinates": [
     -73.9738,
     40.7304
    ]
   },
   "properties": {
    "id": "nyc-M059",
    "name": "Murphy Playground",
    "source": "nyc_parks",
    "status": "verified",
    "confidence": null,
    "hoops": null,
    "surface": null,
    "lit": null,
    "address": "Ave. C & E. 17 St.",
    "region": "nyc",
    "osm_id": null,
    "updated": "2026-10-08"
   }
  },
  {
   "type": "Feature",
   "geometry": {
    "type": "Point",
    "coordinates": [
     -73.9989,
     40.7478
    ]
   },
   "properties": {
    "id": "nyc-M249",
    "name": "Penn South Playground",
    "source": "nyc_parks",
    "status": "verified",
    "confidence": null,
    "hoops": null,
    "surface": null,
    "lit": null,
    "address": "W. 26 St. between 8 and 9 Aves.",
    "region": "nyc",
    "osm_id": null,
    "updated": "2026-10-08"
   }
  },
  {
   "type": "Feature",
   "geometry": {
    "type": "Point",
    "coordinates": [
     -73.9818,
     40.7363
    ]
   },
   "properties": {
    "id": "nyc-M227",
    "name": "Peters Field Playground",
    "source": "nyc_parks",
    "status": "verified",
    "confidence": null,
    "hoops": null,
    "surface": null,
    "lit": null,
    "address": "2 Ave., E. 20 St. and E. 21 St.",
    "region": "nyc",
    "osm_id": null,
    "updated": "2026-10-08"
   }
  },
  {
   "type": "Feature",
   "geometry": {
    "type": "Point",
    "coordinates": [
     -73.9393,
     40.787
    ]
   },
   "properties": {
    "id": "nyc-M108G",
    "name": "Playground 103",
    "source": "nyc_parks",
    "status": "verified",
    "confidence": null,
    "hoops": null,
    "surface": null,
    "lit": null,
    "address": "103rd St. & FDR Drive",
    "region": "nyc",
    "osm_id": null,
    "updated": "2026-10-08"
   }
  },
  {
   "type": "Feature",
   "geometry": {
    "type": "Point",
    "coordinates": [
     -73.9837,
     40.7771
    ]
   },
   "properties": {
    "id": "nyc-M233",
    "name": "Playground 70",
    "source": "nyc_parks",
    "status": "verified",
    "confidence": null,
    "hoops": null,
    "surface": null,
    "lit": null,
    "address": "W 70 St., West End Ave, and Amsterdam Ave.",
    "region": "nyc",
    "osm_id": null,
    "updated": "2026-10-08"
   }
  },
  {
   "type": "Feature",
   "geometry": {
    "type": "Point",
    "coordinates": [
     -73.9433,
     40.7926
    ]
   },
   "properties": {
    "id": "nyc-M230",
    "name": "Poor Richard Playground",
    "source": "nyc_parks",
    "status": "verified",
    "confidence": null,
    "hoops": null,
    "surface": null,
    "lit": null,
    "address": "E. 109 St. & 3 Ave.",
    "region": "nyc",
    "osm_id": null,
    "updated": "2026-10-08"
   }
  },
  {
   "type": "Feature",
   "geometry": {
    "type": "Point",
    "coordinates": [
     -73.956,
     40.811
    ]
   },
   "properties": {
    "id": "nyc-M205",
    "name": "PS 125 Playground",
    "source": "nyc_parks",
    "status": "verified",
    "confidence": null,
    "hoops": null,
    "surface": null,
    "lit": null,
    "address": "Morningside Ave. and W. 123 to 124 Sts.",
    "region": "nyc",
    "osm_id": null,
    "updated": "2026-10-08"
   }
  },
  {
   "type": "Feature",
   "geometry": {
    "type": "Point",
    "coordinates": [
     -73.9415,
     40.8211
    ]
   },
   "properties": {
    "id": "nyc-M245",
    "name": "Renaissance Playground",
    "source": "nyc_parks",
    "status": "verified",
    "confidence": null,
    "hoops": null,
    "surface": null,
    "lit": null,
    "address": "143 to 144 St. and 8 Ave.",
    "region": "nyc",
    "osm_id": null,
    "updated": "2026-10-08"
   }
  },
  {
   "type": "Feature",
   "geometry": {
    "type": "Point",
    "coordinates": [
     -73.9538,
     40.8257
    ]
   },
   "properties": {
    "id": "nyc-M072",
    "name": "Riverbank Park",
    "source": "nyc_parks",
    "status": "verified",
    "confidence": null,
    "hoops": null,
    "surface": null,
    "lit": null,
    "address": "148 St. & Henry Hudson Parkway",
    "region": "nyc",
    "osm_id": null,
    "updated": "2026-10-08"
   }
  },
  {
   "type": "Feature",
   "geometry": {
    "type": "Point",
    "coordinates": [
     -73.9693,
     40.7484
    ]
   },
   "properties": {
    "id": "nyc-M158",
    "name": "Robert Moses Playground",
    "source": "nyc_parks",
    "status": "verified",
    "confidence": null,
    "hoops": null,
    "surface": null,
    "lit": null,
    "address": "E. 42 St. & FDR Drive",
    "region": "nyc",
    "osm_id": null,
    "updated": "2026-10-08"
   }
  },
  {
   "type": "Feature",
   "geometry": {
    "type": "Point",
    "coordinates": [
     -73.9693,
     40.7484
    ]
   },
   "properties": {
    "id": "nyc-M158-2",
    "name": "Robert Wagner Playground",
    "source": "nyc_parks",
    "status": "verified",
    "confidence": null,
    "hoops": null,
    "surface": null,
    "lit": null,
    "address": "E. 121 St. & 2 Ave.",
    "region": "nyc",
    "osm_id": null,
    "updated": "2026-10-08"
   }
  },
  {
   "type": "Feature",
   "geometry": {
    "type": "Point",
    "coordinates": [
     -73.9867,
     40.7738
    ]
   },
   "properties": {
    "id": "nyc-M184",
    "name": "Samuel Bennerson",
    "source": "nyc_parks",
    "status": "verified",
    "confidence": null,
    "hoops": null,
    "surface": null,
    "lit": null,
    "address": "W. 63 to 64 Sts. between West End & Amsterdam Aves.",
    "region": "nyc",
    "osm_id": null,
    "updated": "2026-10-08"
   }
  },
  {
   "type": "Feature",
   "geometry": {
    "type": "Point",
    "coordinates": [
     -73.9909,
     40.7231
    ]
   },
   "properties": {
    "id": "nyc-M105",
    "name": "Sara D. Roosevelt Park (A)",
    "source": "nyc_parks",
    "status": "verified",
    "confidence": null,
    "hoops": null,
    "surface": null,
    "lit": null,
    "address": "Stanton St.",
    "region": "nyc",
    "osm_id": null,
    "updated": "2026-10-08"
   }
  },
  {
   "type": "Feature",
   "geometry": {
    "type": "Point",
    "coordinates": [
     -73.9914,
     40.7221
    ]
   },
   "properties": {
    "id": "nyc-M105-2",
    "name": "Sara D. Roosevelt Park (B)",
    "source": "nyc_parks",
    "status": "verified",
    "confidence": null,
    "hoops": null,
    "surface": null,
    "lit": null,
    "address": "Delancey St. between Forsythe and Christie Sts.",
    "region": "nyc",
    "osm_id": null,
    "updated": "2026-10-08"
   }
  },
  {
   "type": "Feature",
   "geometry": {
    "type": "Point",
    "coordinates": [
     -73.9937,
     40.7175
    ]
   },
   "properties": {
    "id": "nyc-M105-3",
    "name": "Sara D. Roosevelt Park (D)",
    "source": "nyc_parks",
    "status": "verified",
    "confidence": null,
    "hoops": null,
    "surface": null,
    "lit": null,
    "address": "Canal to Hester Sts.",
    "region": "nyc",
    "osm_id": null,
    "updated": "2026-10-08"
   }
  },
  {
   "type": "Feature",
   "geometry": {
    "type": "Point",
    "coordinates": [
     -73.9511,
     40.7853
    ]
   },
   "properties": {
    "id": "nyc-M236",
    "name": "Seabury Playground",
    "source": "nyc_parks",
    "status": "verified",
    "confidence": null,
    "hoops": null,
    "surface": null,
    "lit": null,
    "address": "Lexington Ave. & E. 95 St.",
    "region": "nyc",
    "osm_id": null,
    "updated": "2026-10-08"
   }
  },
  {
   "type": "Feature",
   "geometry": {
    "type": "Point",
    "coordinates": [
     -73.9892,
     40.7148
    ]
   },
   "properties": {
    "id": "nyc-M082",
    "name": "Seward Park",
    "source": "nyc_parks",
    "status": "verified",
    "confidence": null,
    "hoops": null,
    "surface": null,
    "lit": null,
    "address": "Canal, Hester and Jefferson Sts.",
    "region": "nyc",
    "osm_id": null,
    "updated": "2026-10-08"
   }
  },
  {
   "type": "Feature",
   "geometry": {
    "type": "Point",
    "coordinates": [
     -73.9798,
     40.7151
    ]
   },
   "properties": {
    "id": "nyc-M195",
    "name": "Sidney Hillman / PS 110",
    "source": "nyc_parks",
    "status": "verified",
    "confidence": null,
    "hoops": null,
    "surface": null,
    "lit": null,
    "address": "Lewis & Delancey Sts.",
    "region": "nyc",
    "osm_id": null,
    "updated": "2026-10-08"
   }
  },
  {
   "type": "Feature",
   "geometry": {
    "type": "Point",
    "coordinates": [
     -73.9685,
     40.7896
    ]
   },
   "properties": {
    "id": "nyc-M244",
    "name": "Sol Bloom Playground",
    "source": "nyc_parks",
    "status": "verified",
    "confidence": null,
    "hoops": null,
    "surface": null,
    "lit": null,
    "address": "W. 70 St. between Central Park West and Columbus Ave.",
    "region": "nyc",
    "osm_id": null,
    "updated": "2026-10-08"
   }
  },
  {
   "type": "Feature",
   "geometry": {
    "type": "Point",
    "coordinates": [
     -73.9839,
     40.7144
    ]
   },
   "properties": {
    "id": "nyc-M235",
    "name": "Sol Lain Playground",
    "source": "nyc_parks",
    "status": "verified",
    "confidence": null,
    "hoops": null,
    "surface": null,
    "lit": null,
    "address": "E. Bway & Henry St.",
    "region": "nyc",
    "osm_id": null,
    "updated": "2026-10-08"
   }
  },
  {
   "type": "Feature",
   "geometry": {
    "type": "Point",
    "coordinates": [
     -73.9592,
     40.7654
    ]
   },
   "properties": {
    "id": "nyc-M079",
    "name": "St. Catherine's Park",
    "source": "nyc_parks",
    "status": "verified",
    "confidence": null,
    "hoops": null,
    "surface": null,
    "lit": null,
    "address": "1 Ave. and E. 67 to 68 Sts.",
    "region": "nyc",
    "osm_id": null,
    "updated": "2026-10-08"
   }
  },
  {
   "type": "Feature",
   "geometry": {
    "type": "Point",
    "coordinates": [
     -73.9489,
     40.816
    ]
   },
   "properties": {
    "id": "nyc-M077",
    "name": "St. Nicholas Park",
    "source": "nyc_parks",
    "status": "verified",
    "confidence": null,
    "hoops": null,
    "surface": null,
    "lit": null,
    "address": "W. 141 St. & St. Nicholas Ave.",
    "region": "nyc",
    "osm_id": null,
    "updated": "2026-10-08"
   }
  },
  {
   "type": "Feature",
   "geometry": {
    "type": "Point",
    "coordinates": [
     -73.9467,
     40.8213
    ]
   },
   "properties": {
    "id": "nyc-M077-2",
    "name": "St. Nicholas Park",
    "source": "nyc_parks",
    "status": "verified",
    "confidence": null,
    "hoops": null,
    "surface": null,
    "lit": null,
    "address": "W. 133 St. & St. Nicholas Ave.",
    "region": "nyc",
    "osm_id": null,
    "updated": "2026-10-08"
   }
  },
  {
   "type": "Feature",
   "geometry": {
    "type": "Point",
    "coordinates": [
     -73.9469,
     40.8123
    ]
   },
   "properties": {
    "id": "nyc-M077-3",
    "name": "St. Nicholas Playground (North)",
    "source": "nyc_parks",
    "status": "verified",
    "confidence": null,
    "hoops": null,
    "surface": null,
    "lit": null,
    "address": "129 to 130 St. & 7 Ave.",
    "region": "nyc",
    "osm_id": null,
    "updated": "2026-10-08"
   }
  },
  {
   "type": "Feature",
   "geometry": {
    "type": "Point",
    "coordinates": [
     -73.9475,
     40.8111
    ]
   },
   "properties": {
    "id": "nyc-M077-4",
    "name": "St. Nicholas Playground (South)",
    "source": "nyc_parks",
    "status": "verified",
    "confidence": null,
    "hoops": null,
    "surface": null,
    "lit": null,
    "address": "128 St. & 7 Ave.",
    "region": "nyc",
    "osm_id": null,
    "updated": "2026-10-08"
   }
  },
  {
   "type": "Feature",
   "geometry": {
    "type": "Point",
    "coordinates": [
     -73.9512,
     40.8131
    ]
   },
   "properties": {
    "id": "nyc-M077-5",
    "name": "St. Nicholas Terrace",
    "source": "nyc_parks",
    "status": "verified",
    "confidence": null,
    "hoops": null,
    "surface": null,
    "lit": null,
    "address": "W. 129 St. & St. Nicholas Ave.",
    "region": "nyc",
    "osm_id": null,
    "updated": "2026-10-08"
   }
  },
  {
   "type": "Feature",
   "geometry": {
    "type": "Point",
    "coordinates": [
     -73.9746,
     40.7457
    ]
   },
   "properties": {
    "id": "nyc-M076",
    "name": "St. Vartan's Playground",
    "source": "nyc_parks",
    "status": "verified",
    "confidence": null,
    "hoops": null,
    "surface": null,
    "lit": null,
    "address": "2 Ave. and E. 35 to E. 36 Sts.",
    "region": "nyc",
    "osm_id": null,
    "updated": "2026-10-08"
   }
  },
  {
   "type": "Feature",
   "geometry": {
    "type": "Point",
    "coordinates": [
     -73.9442,
     40.7835
    ]
   },
   "properties": {
    "id": "nyc-M192",
    "name": "Stanley Isaacs Playground",
    "source": "nyc_parks",
    "status": "verified",
    "confidence": null,
    "hoops": null,
    "surface": null,
    "lit": null,
    "address": "1 Ave. & E. 96 St.",
    "region": "nyc",
    "osm_id": null,
    "updated": "2026-10-08"
   }
  },
  {
   "type": "Feature",
   "geometry": {
    "type": "Point",
    "coordinates": [
     -73.9362,
     40.8376
    ]
   },
   "properties": {
    "id": "nyc-M037-4",
    "name": "Sunken Playground",
    "source": "nyc_parks",
    "status": "verified",
    "confidence": null,
    "hoops": null,
    "surface": null,
    "lit": null,
    "address": "W. 167 St. & Edgecombe Ave.",
    "region": "nyc",
    "osm_id": null,
    "updated": "2026-10-08"
   }
  },
  {
   "type": "Feature",
   "geometry": {
    "type": "Point",
    "coordinates": [
     -73.9948,
     40.7101
    ]
   },
   "properties": {
    "id": "nyc-M206",
    "name": "Tanahey Playground",
    "source": "nyc_parks",
    "status": "verified",
    "confidence": null,
    "hoops": null,
    "surface": null,
    "lit": null,
    "address": "Cherry St. to Water St.",
    "region": "nyc",
    "osm_id": null,
    "updated": "2026-10-08"
   }
  },
  {
   "type": "Feature",
   "geometry": {
    "type": "Point",
    "coordinates": [
     -73.9785,
     40.7816
    ]
   },
   "properties": {
    "id": "nyc-M219",
    "name": "Tecumseh Playground",
    "source": "nyc_parks",
    "status": "verified",
    "confidence": null,
    "hoops": null,
    "surface": null,
    "lit": null,
    "address": "W. 77 St. & Amsterdam Ave.",
    "region": "nyc",
    "osm_id": null,
    "updated": "2026-10-08"
   }
  },
  {
   "type": "Feature",
   "geometry": {
    "type": "Point",
    "coordinates": [
     -73.9356,
     40.7923
    ]
   },
   "properties": {
    "id": "nyc-M047",
    "name": "Thomas Jefferson Park",
    "source": "nyc_parks",
    "status": "verified",
    "confidence": null,
    "hoops": null,
    "surface": null,
    "lit": null,
    "address": "2180 1 Ave.",
    "region": "nyc",
    "osm_id": null,
    "updated": "2026-10-08"
   }
  },
  {
   "type": "Feature",
   "geometry": {
    "type": "Point",
    "coordinates": [
     -74.0024,
     40.7253
    ]
   },
   "properties": {
    "id": "nyc-M069",
    "name": "Thompson Playground",
    "source": "nyc_parks",
    "status": "verified",
    "confidence": null,
    "hoops": null,
    "surface": null,
    "lit": null,
    "address": "Thompson & Spring Sts.",
    "region": "nyc",
    "osm_id": null,
    "updated": "2026-10-08"
   }
  },
  {
   "type": "Feature",
   "geometry": {
    "type": "Point",
    "coordinates": [
     -73.9807,
     40.7268
    ]
   },
   "properties": {
    "id": "nyc-M088",
    "name": "Tompkins Sq. Park",
    "source": "nyc_parks",
    "status": "verified",
    "confidence": null,
    "hoops": null,
    "surface": null,
    "lit": null,
    "address": "E 10 St. & Ave. B",
    "region": "nyc",
    "osm_id": null,
    "updated": "2026-10-08"
   }
  },
  {
   "type": "Feature",
   "geometry": {
    "type": "Point",
    "coordinates": [
     -73.9267,
     40.8533
    ]
   },
   "properties": {
    "id": "nyc-M037-5",
    "name": "Wallenburg Playground",
    "source": "nyc_parks",
    "status": "verified",
    "confidence": null,
    "hoops": null,
    "surface": null,
    "lit": null,
    "address": "W. 189 St. & Amsterdam Ave.",
    "region": "nyc",
    "osm_id": null,
    "updated": "2026-10-08"
   }
  },
  {
   "type": "Feature",
   "geometry": {
    "type": "Point",
    "coordinates": [
     -74.0011,
     40.7311
    ]
   },
   "properties": {
    "id": "nyc-M125C",
    "name": "West 4th St. Courts",
    "source": "nyc_parks",
    "status": "verified",
    "confidence": null,
    "hoops": null,
    "surface": null,
    "lit": null,
    "address": "W. 4th St. & 6th Avenue",
    "region": "nyc",
    "osm_id": null,
    "updated": "2026-10-08"
   }
  },
  {
   "type": "Feature",
   "geometry": {
    "type": "Point",
    "coordinates": [
     -73.9459,
     40.7919
    ]
   },
   "properties": {
    "id": "nyc-M148",
    "name": "White Playground",
    "source": "nyc_parks",
    "status": "verified",
    "confidence": null,
    "hoops": null,
    "surface": null,
    "lit": null,
    "address": "E. 105 St. & Lexington Ave.",
    "region": "nyc",
    "osm_id": null,
    "updated": "2026-10-08"
   }
  },
  {
   "type": "Feature",
   "geometry": {
    "type": "Point",
    "coordinates": [
     -73.938,
     40.8157
    ]
   },
   "properties": {
    "id": "nyc-M110",
    "name": "William McCray Playground",
    "source": "nyc_parks",
    "status": "verified",
    "confidence": null,
    "hoops": null,
    "surface": null,
    "lit": null,
    "address": "138 St. between Lenox and 5 Ave.",
    "region": "nyc",
    "osm_id": null,
    "updated": "2026-10-08"
   }
  },
  {
   "type": "Feature",
   "geometry": {
    "type": "Point",
    "coordinates": [
     -73.942,
     40.8317
    ]
   },
   "properties": {
    "id": "nyc-M234",
    "name": "Wright Brothers / PS 28",
    "source": "nyc_parks",
    "status": "verified",
    "confidence": null,
    "hoops": null,
    "surface": null,
    "lit": null,
    "address": "St. Nicholas Ave. & W. 156 St.",
    "region": "nyc",
    "osm_id": null,
    "updated": "2026-10-08"
   }
  },
  {
   "type": "Feature",
   "geometry": {
    "type": "Point",
    "coordinates": [
     -73.8275,
     40.724
    ]
   },
   "properties": {
    "id": "nyc-Q099",
    "name": "Albert H. Mauro",
    "source": "nyc_parks",
    "status": "verified",
    "confidence": null,
    "hoops": null,
    "surface": null,
    "lit": null,
    "address": "Park Dr. East & 73 Terrace",
    "region": "nyc",
    "osm_id": null,
    "updated": "2026-10-08"
   }
  },
  {
   "type": "Feature",
   "geometry": {
    "type": "Point",
    "coordinates": [
     -73.745,
     40.7471
    ]
   },
   "properties": {
    "id": "nyc-Q356",
    "name": "Alley Playground/PS 213",
    "source": "nyc_parks",
    "status": "verified",
    "confidence": null,
    "hoops": null,
    "surface": null,
    "lit": null,
    "address": "230th St. & 67th Ave.",
    "region": "nyc",
    "osm_id": null,
    "updated": "2026-10-08"
   }
  },
  {
   "type": "Feature",
   "geometry": {
    "type": "Point",
    "coordinates": [
     -73.8519,
     40.731
    ]
   },
   "properties": {
    "id": "nyc-Q319",
    "name": "Annadale Playground",
    "source": "nyc_parks",
    "status": "verified",
    "confidence": null,
    "hoops": null,
    "surface": null,
    "lit": null,
    "address": "Yellowstone Blvd., 65 Rd. & 65 Ave",
    "region": "nyc",
    "osm_id": null,
    "updated": "2026-10-08"
   }
  },
  {
   "type": "Feature",
   "geometry": {
    "type": "Point",
    "coordinates": [
     -73.785,
     40.5927
    ]
   },
   "properties": {
    "id": "nyc-Q313",
    "name": "Arverne Playground",
    "source": "nyc_parks",
    "status": "verified",
    "confidence": null,
    "hoops": null,
    "surface": null,
    "lit": null,
    "address": "Averne Blvd. & Beach 55 St.",
    "region": "nyc",
    "osm_id": null,
    "updated": "2026-10-08"
   }
  },
  {
   "type": "Feature",
   "geometry": {
    "type": "Point",
    "coordinates": [
     -73.7944,
     40.7656
    ]
   },
   "properties": {
    "id": "nyc-Q397",
    "name": "Auburndale Playground",
    "source": "nyc_parks",
    "status": "verified",
    "confidence": null,
    "hoops": null,
    "surface": null,
    "lit": null,
    "address": "35 Ave. between 171 and 172 Sts.",
    "region": "nyc",
    "osm_id": null,
    "updated": "2026-10-08"
   }
  },
  {
   "type": "Feature",
   "geometry": {
    "type": "Point",
    "coordinates": [
     -73.8549,
     40.7362
    ]
   },
   "properties": {
    "id": "nyc-Q357B01",
    "name": "Barrier Playground",
    "source": "nyc_parks",
    "status": "verified",
    "confidence": null,
    "hoops": null,
    "surface": null,
    "lit": null,
    "address": "102 St., 62 Ave. & Yellowstone Blvd.",
    "region": "nyc",
    "osm_id": null,
    "updated": "2026-10-08"
   }
  },
  {
   "type": "Feature",
   "geometry": {
    "type": "Point",
    "coordinates": [
     -73.7776,
     40.7821
    ]
   },
   "properties": {
    "id": "nyc-Q399",
    "name": "Bay Terrace Playground/PS 169",
    "source": "nyc_parks",
    "status": "verified",
    "confidence": null,
    "hoops": null,
    "surface": null,
    "lit": null,
    "address": "NE Corner of 212 St. & 23Ave.",
    "region": "nyc",
    "osm_id": null,
    "updated": "2026-10-08"
   }
  },
  {
   "type": "Feature",
   "geometry": {
    "type": "Point",
    "coordinates": [
     -73.7674,
     40.5992
    ]
   },
   "properties": {
    "id": "nyc-Q007",
    "name": "Bayswater Park",
    "source": "nyc_parks",
    "status": "verified",
    "confidence": null,
    "hoops": null,
    "surface": null,
    "lit": null,
    "address": "Beach Channel Dr. & Beach 32 St.",
    "region": "nyc",
    "osm_id": null,
    "updated": "2026-10-08"
   }
  },
  {
   "type": "Feature",
   "geometry": {
    "type": "Point",
    "coordinates": [
     -73.8309,
     40.7583
    ]
   },
   "properties": {
    "id": "nyc-Q326",
    "name": "Bland Playground",
    "source": "nyc_parks",
    "status": "verified",
    "confidence": null,
    "hoops": null,
    "surface": null,
    "lit": null,
    "address": "40 Rd. & Prince St.",
    "region": "nyc",
    "osm_id": null,
    "updated": "2026-10-08"
   }
  },
  {
   "type": "Feature",
   "geometry": {
    "type": "Point",
    "coordinates": [
     -73.8058,
     40.7703
    ]
   },
   "properties": {
    "id": "nyc-Q006",
    "name": "Bowne Park",
    "source": "nyc_parks",
    "status": "verified",
    "confidence": null,
    "hoops": null,
    "surface": null,
    "lit": null,
    "address": "32 Ave., 29 Ave. and 155 to 159 Sts.",
    "region": "nyc",
    "osm_id": null,
    "updated": "2026-10-08"
   }
  },
  {
   "type": "Feature",
   "geometry": {
    "type": "Point",
    "coordinates": [
     -73.8249,
     40.7581
    ]
   },
   "properties": {
    "id": "nyc-Q308",
    "name": "Bowne Playground",
    "source": "nyc_parks",
    "status": "verified",
    "confidence": null,
    "hoops": null,
    "surface": null,
    "lit": null,
    "address": "Sanford Ave. & Union St.",
    "region": "nyc",
    "osm_id": null,
    "updated": "2026-10-08"
   }
  },
  {
   "type": "Feature",
   "geometry": {
    "type": "Point",
    "coordinates": [
     -73.8113,
     40.71
    ]
   },
   "properties": {
    "id": "nyc-Q379",
    "name": "Briarwood Playground",
    "source": "nyc_parks",
    "status": "verified",
    "confidence": null,
    "hoops": null,
    "surface": null,
    "lit": null,
    "address": "148 St. & 85 Ave.",
    "region": "nyc",
    "osm_id": null,
    "updated": "2026-10-08"
   }
  },
  {
   "type": "Feature",
   "geometry": {
    "type": "Point",
    "coordinates": [
     -73.8197,
     40.6012
    ]
   },
   "properties": {
    "id": "nyc-Q460",
    "name": "Broad Channel",
    "source": "nyc_parks",
    "status": "verified",
    "confidence": null,
    "hoops": null,
    "surface": null,
    "lit": null,
    "address": "Cross Bay Blvd. & E 16 Rd.",
    "region": "nyc",
    "osm_id": null,
    "updated": "2026-10-08"
   }
  },
  {
   "type": "Feature",
   "geometry": {
    "type": "Point",
    "coordinates": [
     -73.8921,
     40.763
    ]
   },
   "properties": {
    "id": "nyc-Q366",
    "name": "Bulova Park",
    "source": "nyc_parks",
    "status": "verified",
    "confidence": null,
    "hoops": null,
    "surface": null,
    "lit": null,
    "address": "W/S 77 St. and N/S 25 Ave.",
    "region": "nyc",
    "osm_id": null,
    "updated": "2026-10-08"
   }
  },
  {
   "type": "Feature",
   "geometry": {
    "type": "Point",
    "coordinates": [
     -73.7712,
     40.771
    ]
   },
   "properties": {
    "id": "nyc-Q012",
    "name": "Buz O' Rourke P/G",
    "source": "nyc_parks",
    "status": "verified",
    "confidence": null,
    "hoops": null,
    "surface": null,
    "lit": null,
    "address": "33 Ave. & 214 Pl.",
    "region": "nyc",
    "osm_id": null,
    "updated": "2026-10-08"
   }
  },
  {
   "type": "Feature",
   "geometry": {
    "type": "Point",
    "coordinates": [
     -73.8819,
     40.7418
    ]
   },
   "properties": {
    "id": "nyc-Q361",
    "name": "C.C. Moore Homestead Park",
    "source": "nyc_parks",
    "status": "verified",
    "confidence": null,
    "hoops": null,
    "surface": null,
    "lit": null,
    "address": "82 St. & Broadway",
    "region": "nyc",
    "osm_id": null,
    "updated": "2026-10-08"
   }
  },
  {
   "type": "Feature",
   "geometry": {
    "type": "Point",
    "coordinates": [
     -73.8274,
     40.77
    ]
   },
   "properties": {
    "id": "nyc-Q347",
    "name": "Cadwaller Colden Playground",
    "source": "nyc_parks",
    "status": "verified",
    "confidence": null,
    "hoops": null,
    "surface": null,
    "lit": null,
    "address": "Union St. & 31 Rd.",
    "region": "nyc",
    "osm_id": null,
    "updated": "2026-10-08"
   }
  },
  {
   "type": "Feature",
   "geometry": {
    "type": "Point",
    "coordinates": [
     -73.8147,
     40.7437
    ]
   },
   "properties": {
    "id": "nyc-Q300",
    "name": "Capt. Mario Fajardo",
    "source": "nyc_parks",
    "status": "verified",
    "confidence": null,
    "hoops": null,
    "surface": null,
    "lit": null,
    "address": "Kissena Blvd. & Booth Memorial Blvd.",
    "region": "nyc",
    "osm_id": null,
    "updated": "2026-10-08"
   }
  },
  {
   "type": "Feature",
   "geometry": {
    "type": "Point",
    "coordinates": [
     -73.8244,
     40.7361
    ]
   },
   "properties": {
    "id": "nyc-Q376",
    "name": "Cedar Grove Playground (P.S. 218)",
    "source": "nyc_parks",
    "status": "verified",
    "confidence": null,
    "hoops": null,
    "surface": null,
    "lit": null,
    "address": "Main St. & Gravett Rd.",
    "region": "nyc",
    "osm_id": null,
    "updated": "2026-10-08"
   }
  },
  {
   "type": "Feature",
   "geometry": {
    "type": "Point",
    "coordinates": [
     -73.8395,
     40.6705
    ]
   },
   "properties": {
    "id": "nyc-Q386",
    "name": "Centerville",
    "source": "nyc_parks",
    "status": "verified",
    "confidence": null,
    "hoops": null,
    "surface": null,
    "lit": null,
    "address": "96 St., Centerville St. and Albert Rd.",
    "region": "nyc",
    "osm_id": null,
    "updated": "2026-10-08"
   }
  },
  {
   "type": "Feature",
   "geometry": {
    "type": "Point",
    "coordinates": [
     -73.7275,
     40.7561
    ]
   },
   "properties": {
    "id": "nyc-Q346",
    "name": "Challenge Playground",
    "source": "nyc_parks",
    "status": "verified",
    "confidence": null,
    "hoops": null,
    "surface": null,
    "lit": null,
    "address": "251 St. & 63 Ave.",
    "region": "nyc",
    "osm_id": null,
    "updated": "2026-10-08"
   }
  },
  {
   "type": "Feature",
   "geometry": {
    "type": "Point",
    "coordinates": [
     -73.8074,
     40.783
    ]
   },
   "properties": {
    "id": "nyc-Q390",
    "name": "Clintonville Playground/JHS 194",
    "source": "nyc_parks",
    "status": "verified",
    "confidence": null,
    "hoops": null,
    "surface": null,
    "lit": null,
    "address": "Clintonville St. between 17 Ave. and 17 Rd.",
    "region": "nyc",
    "osm_id": null,
    "updated": "2026-10-08"
   }
  },
  {
   "type": "Feature",
   "geometry": {
    "type": "Point",
    "coordinates": [
     -73.8464,
     40.7854
    ]
   },
   "properties": {
    "id": "nyc-Q457",
    "name": "College Point Park",
    "source": "nyc_parks",
    "status": "verified",
    "confidence": null,
    "hoops": null,
    "surface": null,
    "lit": null,
    "address": "College Pt. Blvd. & 14 Ave.",
    "region": "nyc",
    "osm_id": null,
    "updated": "2026-10-08"
   }
  },
  {
   "type": "Feature",
   "geometry": {
    "type": "Point",
    "coordinates": [
     -73.855,
     40.7474
    ]
   },
   "properties": {
    "id": "nyc-Q450",
    "name": "Corona Golf",
    "source": "nyc_parks",
    "status": "verified",
    "confidence": null,
    "hoops": null,
    "surface": null,
    "lit": null,
    "address": "46 Ave. & 111 St.",
    "region": "nyc",
    "osm_id": null,
    "updated": "2026-10-08"
   }
  },
  {
   "type": "Feature",
   "geometry": {
    "type": "Point",
    "coordinates": [
     -73.8793,
     40.7296
    ]
   },
   "properties": {
    "id": "nyc-Q360J",
    "name": "Crowley",
    "source": "nyc_parks",
    "status": "verified",
    "confidence": null,
    "hoops": null,
    "surface": null,
    "lit": null,
    "address": "84 St. & 57 Ave.",
    "region": "nyc",
    "osm_id": null,
    "updated": "2026-10-08"
   }
  },
  {
   "type": "Feature",
   "geometry": {
    "type": "Point",
    "coordinates": [
     -73.7753,
     40.7262
    ]
   },
   "properties": {
    "id": "nyc-Q021",
    "name": "Cunningham Park - Upper Playground",
    "source": "nyc_parks",
    "status": "verified",
    "confidence": null,
    "hoops": null,
    "surface": null,
    "lit": null,
    "address": "196 Pl. & Union Turnpike",
    "region": "nyc",
    "osm_id": null,
    "updated": "2026-10-08"
   }
  },
  {
   "type": "Feature",
   "geometry": {
    "type": "Point",
    "coordinates": [
     -73.8701,
     40.7651
    ]
   },
   "properties": {
    "id": "nyc-Q373",
    "name": "East Elmhurst Playground",
    "source": "nyc_parks",
    "status": "verified",
    "confidence": null,
    "hoops": null,
    "surface": null,
    "lit": null,
    "address": "25 Ave. & 98 St.",
    "region": "nyc",
    "osm_id": null,
    "updated": "2026-10-08"
   }
  },
  {
   "type": "Feature",
   "geometry": {
    "type": "Point",
    "coordinates": [
     -73.8186,
     40.774
    ]
   },
   "properties": {
    "id": "nyc-Q419",
    "name": "Edward Hart Playground",
    "source": "nyc_parks",
    "status": "verified",
    "confidence": null,
    "hoops": null,
    "surface": null,
    "lit": null,
    "address": "147 St. between 26 and 27 Aves.",
    "region": "nyc",
    "osm_id": null,
    "updated": "2026-10-08"
   }
  },
  {
   "type": "Feature",
   "geometry": {
    "type": "Point",
    "coordinates": [
     -73.8364,
     40.7151
    ]
   },
   "properties": {
    "id": "nyc-Q304",
    "name": "Ehrenreich-Austin St. Playground",
    "source": "nyc_parks",
    "status": "verified",
    "confidence": null,
    "hoops": null,
    "surface": null,
    "lit": null,
    "address": "Austin St. between 76 Ave. & 76 Dr.",
    "region": "nyc",
    "osm_id": null,
    "updated": "2026-10-08"
   }
  },
  {
   "type": "Feature",
   "geometry": {
    "type": "Point",
    "coordinates": [
     -73.8051,
     40.7363
    ]
   },
   "properties": {
    "id": "nyc-Q342",
    "name": "Electrichester Houses Playground/Electric Playground",
    "source": "nyc_parks",
    "status": "verified",
    "confidence": null,
    "hoops": null,
    "surface": null,
    "lit": null,
    "address": "65 Ave. & 164 St.",
    "region": "nyc",
    "osm_id": null,
    "updated": "2026-10-08"
   }
  },
  {
   "type": "Feature",
   "geometry": {
    "type": "Point",
    "coordinates": [
     -73.8059,
     40.7314
    ]
   },
   "properties": {
    "id": "nyc-Q344",
    "name": "Emerald Playground/PS 200",
    "source": "nyc_parks",
    "status": "verified",
    "confidence": null,
    "hoops": null,
    "surface": null,
    "lit": null,
    "address": "71 Ave. & 164 St.",
    "region": "nyc",
    "osm_id": null,
    "updated": "2026-10-08"
   }
  },
  {
   "type": "Feature",
   "geometry": {
    "type": "Point",
    "coordinates": [
     -73.8533,
     40.6914
    ]
   },
   "properties": {
    "id": "nyc-Q053",
    "name": "Equity Park",
    "source": "nyc_parks",
    "status": "verified",
    "confidence": null,
    "hoops": null,
    "surface": null,
    "lit": null,
    "address": "88 Ave. & 91 St.",
    "region": "nyc",
    "osm_id": null,
    "updated": "2026-10-08"
   }
  },
  {
   "type": "Feature",
   "geometry": {
    "type": "Point",
    "coordinates": [
     -73.897,
     40.6975
    ]
   },
   "properties": {
    "id": "nyc-Q302",
    "name": "Evergreen Park",
    "source": "nyc_parks",
    "status": "verified",
    "confidence": null,
    "hoops": null,
    "surface": null,
    "lit": null,
    "address": "St. Felix Ave. and Seneca Ave.",
    "region": "nyc",
    "osm_id": null,
    "updated": "2026-10-08"
   }
  },
  {
   "type": "Feature",
   "geometry": {
    "type": "Point",
    "coordinates": [
     -73.7774,
     40.7352
    ]
   },
   "properties": {
    "id": "nyc-Q221",
    "name": "Farm Playground/PS 26",
    "source": "nyc_parks",
    "status": "verified",
    "confidence": null,
    "hoops": null,
    "surface": null,
    "lit": null,
    "address": "73 Ave. & 196 St.",
    "region": "nyc",
    "osm_id": null,
    "updated": "2026-10-08"
   }
  },
  {
   "type": "Feature",
   "geometry": {
    "type": "Point",
    "coordinates": [
     -73.8399,
     40.6901
    ]
   },
   "properties": {
    "id": "nyc-Q337",
    "name": "Fitzgerald Playground",
    "source": "nyc_parks",
    "status": "verified",
    "confidence": null,
    "hoops": null,
    "surface": null,
    "lit": null,
    "address": "Atlantic Ave. & 94 Ave.",
    "region": "nyc",
    "osm_id": null,
    "updated": "2026-10-08"
   }
  },
  {
   "type": "Feature",
   "geometry": {
    "type": "Point",
    "coordinates": [
     -73.8173,
     40.7756
    ]
   },
   "properties": {
    "id": "nyc-Q086",
    "name": "Flushing Fields",
    "source": "nyc_parks",
    "status": "verified",
    "confidence": null,
    "hoops": null,
    "surface": null,
    "lit": null,
    "address": "Bayside Ave., 25 Ave. and 149 to 150 Sts.",
    "region": "nyc",
    "osm_id": null,
    "updated": "2026-10-08"
   }
  },
  {
   "type": "Feature",
   "geometry": {
    "type": "Point",
    "coordinates": [
     -73.8686,
     40.7026
    ]
   },
   "properties": {
    "id": "nyc-Q015",
    "name": "Forest Park",
    "source": "nyc_parks",
    "status": "verified",
    "confidence": null,
    "hoops": null,
    "surface": null,
    "lit": null,
    "address": "108 St., Myrtle Ave. & Park Lane South",
    "region": "nyc",
    "osm_id": null,
    "updated": "2026-10-08"
   }
  },
  {
   "type": "Feature",
   "geometry": {
    "type": "Point",
    "coordinates": [
     -73.8559,
     40.7015
    ]
   },
   "properties": {
    "id": "nyc-Q015-2",
    "name": "Forest Park",
    "source": "nyc_parks",
    "status": "verified",
    "confidence": null,
    "hoops": null,
    "surface": null,
    "lit": null,
    "address": "Woodhaven Blvd. & Forest Park Dr.",
    "region": "nyc",
    "osm_id": null,
    "updated": "2026-10-08"
   }
  },
  {
   "type": "Feature",
   "geometry": {
    "type": "Point",
    "coordinates": [
     -73.8684,
     40.7025
    ]
   },
   "properties": {
    "id": "nyc-Q015-3",
    "name": "Forest Park",
    "source": "nyc_parks",
    "status": "verified",
    "confidence": null,
    "hoops": null,
    "surface": null,
    "lit": null,
    "address": "80 St. & Myrtle Ave.",
    "region": "nyc",
    "osm_id": null,
    "updated": "2026-10-08"
   }
  },
  {
   "type": "Feature",
   "geometry": {
    "type": "Point",
    "coordinates": [
     -73.8353,
     40.7101
    ]
   },
   "properties": {
    "id": "nyc-Q015-4",
    "name": "Forest Park (Sobelsohn P/G)",
    "source": "nyc_parks",
    "status": "verified",
    "confidence": null,
    "hoops": null,
    "surface": null,
    "lit": null,
    "address": "Park Lane S. & Abingdon Rd.",
    "region": "nyc",
    "osm_id": null,
    "updated": "2026-10-08"
   }
  },
  {
   "type": "Feature",
   "geometry": {
    "type": "Point",
    "coordinates": [
     -73.8249,
     40.7965
    ]
   },
   "properties": {
    "id": "nyc-Q126",
    "name": "Francis Lewis Park",
    "source": "nyc_parks",
    "status": "verified",
    "confidence": null,
    "hoops": null,
    "surface": null,
    "lit": null,
    "address": "3 Ave., 147 St. and E River",
    "region": "nyc",
    "osm_id": null,
    "updated": "2026-10-08"
   }
  },
  {
   "type": "Feature",
   "geometry": {
    "type": "Point",
    "coordinates": [
     -73.7837,
     40.7603
    ]
   },
   "properties": {
    "id": "nyc-Q381",
    "name": "Francis Lewis Playground",
    "source": "nyc_parks",
    "status": "verified",
    "confidence": null,
    "hoops": null,
    "surface": null,
    "lit": null,
    "address": "42 Ave. & Francis Lewis Blvd.",
    "region": "nyc",
    "osm_id": null,
    "updated": "2026-10-08"
   }
  },
  {
   "type": "Feature",
   "geometry": {
    "type": "Point",
    "coordinates": [
     -73.8868,
     40.7439
    ]
   },
   "properties": {
    "id": "nyc-Q098",
    "name": "Frank D. O'Connor Playground",
    "source": "nyc_parks",
    "status": "verified",
    "confidence": null,
    "hoops": null,
    "surface": null,
    "lit": null,
    "address": "78 St & Broadway",
    "region": "nyc",
    "osm_id": null,
    "updated": "2026-10-08"
   }
  },
  {
   "type": "Feature",
   "geometry": {
    "type": "Point",
    "coordinates": [
     -73.833,
     40.7845
    ]
   },
   "properties": {
    "id": "nyc-Q445",
    "name": "Frank Golden Playground",
    "source": "nyc_parks",
    "status": "verified",
    "confidence": null,
    "hoops": null,
    "surface": null,
    "lit": null,
    "address": "136 St & 20 Ave.",
    "region": "nyc",
    "osm_id": null,
    "updated": "2026-10-08"
   }
  },
  {
   "type": "Feature",
   "geometry": {
    "type": "Point",
    "coordinates": [
     -73.808,
     40.6828
    ]
   },
   "properties": {
    "id": "nyc-Q119",
    "name": "Frederick B. Judge",
    "source": "nyc_parks",
    "status": "verified",
    "confidence": null,
    "hoops": null,
    "surface": null,
    "lit": null,
    "address": "111 Ave., 134 to 135 Sts. and Lincoln Sts.",
    "region": "nyc",
    "osm_id": null,
    "updated": "2026-10-08"
   }
  },
  {
   "type": "Feature",
   "geometry": {
    "type": "Point",
    "coordinates": [
     -73.8239,
     40.7821
    ]
   },
   "properties": {
    "id": "nyc-Q089B",
    "name": "George U. Harvey",
    "source": "nyc_parks",
    "status": "verified",
    "confidence": null,
    "hoops": null,
    "surface": null,
    "lit": null,
    "address": "15 to 20 Aves. and E/O Whitestone Expwy.",
    "region": "nyc",
    "osm_id": null,
    "updated": "2026-10-08"
   }
  },
  {
   "type": "Feature",
   "geometry": {
    "type": "Point",
    "coordinates": [
     -73.8842,
     40.7623
    ]
   },
   "properties": {
    "id": "nyc-Q085",
    "name": "Gorman Park",
    "source": "nyc_parks",
    "status": "verified",
    "confidence": null,
    "hoops": null,
    "surface": null,
    "lit": null,
    "address": "30 Ave. btwn. 84 & 85 Sts.",
    "region": "nyc",
    "osm_id": null,
    "updated": "2026-10-08"
   }
  },
  {
   "type": "Feature",
   "geometry": {
    "type": "Point",
    "coordinates": [
     -73.8091,
     40.5881
    ]
   },
   "properties": {
    "id": "nyc-Q367",
    "name": "Hammel Playground",
    "source": "nyc_parks",
    "status": "verified",
    "confidence": null,
    "hoops": null,
    "surface": null,
    "lit": null,
    "address": "Beach 83 St. & Rockaway Beach Blvd.",
    "region": "nyc",
    "osm_id": null,
    "updated": "2026-10-08"
   }
  },
  {
   "type": "Feature",
   "geometry": {
    "type": "Point",
    "coordinates": [
     -73.8502,
     40.6651
    ]
   },
   "properties": {
    "id": "nyc-Q408",
    "name": "Harold Schneiderman/PS 232",
    "source": "nyc_parks",
    "status": "verified",
    "confidence": null,
    "hoops": null,
    "surface": null,
    "lit": null,
    "address": "155 Ave. between 84 and 85 Sts.",
    "region": "nyc",
    "osm_id": null,
    "updated": "2026-10-08"
   }
  },
  {
   "type": "Feature",
   "geometry": {
    "type": "Point",
    "coordinates": [
     -73.8869,
     40.6838
    ]
   },
   "properties": {
    "id": "nyc-Q020",
    "name": "Highland Park Lower",
    "source": "nyc_parks",
    "status": "verified",
    "confidence": null,
    "hoops": null,
    "surface": null,
    "lit": null,
    "address": "Jamaica Ave. & Cleveland St.",
    "region": "nyc",
    "osm_id": null,
    "updated": "2026-10-08"
   }
  },
  {
   "type": "Feature",
   "geometry": {
    "type": "Point",
    "coordinates": [
     -73.8927,
     40.6829
    ]
   },
   "properties": {
    "id": "nyc-Q020-2",
    "name": "Highland Park Upper",
    "source": "nyc_parks",
    "status": "verified",
    "confidence": null,
    "hoops": null,
    "surface": null,
    "lit": null,
    "address": "Highland Blvd. & Heath Pl.",
    "region": "nyc",
    "osm_id": null,
    "updated": "2026-10-08"
   }
  },
  {
   "type": "Feature",
   "geometry": {
    "type": "Point",
    "coordinates": [
     -73.8718,
     40.7328
    ]
   },
   "properties": {
    "id": "nyc-Q360N",
    "name": "Hoffman",
    "source": "nyc_parks",
    "status": "verified",
    "confidence": null,
    "hoops": null,
    "surface": null,
    "lit": null,
    "address": "Hoffman Dr. & Seabury St.",
    "region": "nyc",
    "osm_id": null,
    "updated": "2026-10-08"
   }
  },
  {
   "type": "Feature",
   "geometry": {
    "type": "Point",
    "coordinates": [
     -73.7776,
     40.7418
    ]
   },
   "properties": {
    "id": "nyc-Q300B",
    "name": "Holy Cow Playground",
    "source": "nyc_parks",
    "status": "verified",
    "confidence": null,
    "hoops": null,
    "surface": null,
    "lit": null,
    "address": "Peck Ave. & Harding Blvd.",
    "region": "nyc",
    "osm_id": null,
    "updated": "2026-10-08"
   }
  },
  {
   "type": "Feature",
   "geometry": {
    "type": "Point",
    "coordinates": [
     -73.8212,
     40.7119
    ]
   },
   "properties": {
    "id": "nyc-Q220G",
    "name": "Hoover",
    "source": "nyc_parks",
    "status": "verified",
    "confidence": null,
    "hoops": null,
    "surface": null,
    "lit": null,
    "address": "Manton St. & 83 Ave.",
    "region": "nyc",
    "osm_id": null,
    "updated": "2026-10-08"
   }
  },
  {
   "type": "Feature",
   "geometry": {
    "type": "Point",
    "coordinates": [
     -73.8605,
     40.7332
    ]
   },
   "properties": {
    "id": "nyc-Q428",
    "name": "Horace Harding Playground/PS 206",
    "source": "nyc_parks",
    "status": "verified",
    "confidence": null,
    "hoops": null,
    "surface": null,
    "lit": null,
    "address": "62 Dr. between 97 Pl. & 98 St.",
    "region": "nyc",
    "osm_id": null,
    "updated": "2026-10-08"
   }
  },
  {
   "type": "Feature",
   "geometry": {
    "type": "Point",
    "coordinates": [
     -73.7544,
     40.7588
    ]
   },
   "properties": {
    "id": "nyc-Q001",
    "name": "Horatio P/G",
    "source": "nyc_parks",
    "status": "verified",
    "confidence": null,
    "hoops": null,
    "surface": null,
    "lit": null,
    "address": "Horatio Pkwy. & 228th St.",
    "region": "nyc",
    "osm_id": null,
    "updated": "2026-10-08"
   }
  },
  {
   "type": "Feature",
   "geometry": {
    "type": "Point",
    "coordinates": [
     -73.8013,
     40.7158
    ]
   },
   "properties": {
    "id": "nyc-Q391",
    "name": "Joe Austin",
    "source": "nyc_parks",
    "status": "verified",
    "confidence": null,
    "hoops": null,
    "surface": null,
    "lit": null,
    "address": "164 Pl. & Grand Central Parkway",
    "region": "nyc",
    "osm_id": null,
    "updated": "2026-10-08"
   }
  },
  {
   "type": "Feature",
   "geometry": {
    "type": "Point",
    "coordinates": [
     -73.8357,
     40.6771
    ]
   },
   "properties": {
    "id": "nyc-Q285",
    "name": "John Adams",
    "source": "nyc_parks",
    "status": "verified",
    "confidence": null,
    "hoops": null,
    "surface": null,
    "lit": null,
    "address": "133 Ave., 101-103 Sts.",
    "region": "nyc",
    "osm_id": null,
    "updated": "2026-10-08"
   }
  },
  {
   "type": "Feature",
   "geometry": {
    "type": "Point",
    "coordinates": [
     -73.8912,
     40.7062
    ]
   },
   "properties": {
    "id": "nyc-Q305",
    "name": "Joseph F. Mafera Park",
    "source": "nyc_parks",
    "status": "verified",
    "confidence": null,
    "hoops": null,
    "surface": null,
    "lit": null,
    "address": "65 Pl. & Catalpa Ave. & 68 Ave.",
    "region": "nyc",
    "osm_id": null,
    "updated": "2026-10-08"
   }
  },
  {
   "type": "Feature",
   "geometry": {
    "type": "Point",
    "coordinates": [
     -73.854,
     40.6734
    ]
   },
   "properties": {
    "id": "nyc-Q094",
    "name": "Joseph P. Addabbo Playground",
    "source": "nyc_parks",
    "status": "verified",
    "confidence": null,
    "hoops": null,
    "surface": null,
    "lit": null,
    "address": "North Conduit Ave. between 81 and 82 Sts.",
    "region": "nyc",
    "osm_id": null,
    "updated": "2026-10-08"
   }
  },
  {
   "type": "Feature",
   "geometry": {
    "type": "Point",
    "coordinates": [
     -73.872,
     40.7545
    ]
   },
   "properties": {
    "id": "nyc-Q122",
    "name": "Junction Playground",
    "source": "nyc_parks",
    "status": "verified",
    "confidence": null,
    "hoops": null,
    "surface": null,
    "lit": null,
    "address": "96 St., 34 Ave. & Junction Blvd.",
    "region": "nyc",
    "osm_id": null,
    "updated": "2026-10-08"
   }
  },
  {
   "type": "Feature",
   "geometry": {
    "type": "Point",
    "coordinates": [
     -73.8771,
     40.7209
    ]
   },
   "properties": {
    "id": "nyc-Q102",
    "name": "Juniper North Playground",
    "source": "nyc_parks",
    "status": "verified",
    "confidence": null,
    "hoops": null,
    "surface": null,
    "lit": null,
    "address": "80 St. & Juniper Blvd. North",
    "region": "nyc",
    "osm_id": null,
    "updated": "2026-10-08"
   }
  },
  {
   "type": "Feature",
   "geometry": {
    "type": "Point",
    "coordinates": [
     -73.8834,
     40.7182
    ]
   },
   "properties": {
    "id": "nyc-Q102-2",
    "name": "Juniper South Playground",
    "source": "nyc_parks",
    "status": "verified",
    "confidence": null,
    "hoops": null,
    "surface": null,
    "lit": null,
    "address": "74 St. & Juniper Blvd. South",
    "region": "nyc",
    "osm_id": null,
    "updated": "2026-10-08"
   }
  },
  {
   "type": "Feature",
   "geometry": {
    "type": "Point",
    "coordinates": [
     -73.7874,
     40.7445
    ]
   },
   "properties": {
    "id": "nyc-Q300A",
    "name": "Kissena Corridor East",
    "source": "nyc_parks",
    "status": "verified",
    "confidence": null,
    "hoops": null,
    "surface": null,
    "lit": null,
    "address": "Peck & Underhill Aves.",
    "region": "nyc",
    "osm_id": null,
    "updated": "2026-10-08"
   }
  },
  {
   "type": "Feature",
   "geometry": {
    "type": "Point",
    "coordinates": [
     -73.8032,
     40.7482
    ]
   },
   "properties": {
    "id": "nyc-Q024",
    "name": "Kissena Park/164 St. P/G",
    "source": "nyc_parks",
    "status": "verified",
    "confidence": null,
    "hoops": null,
    "surface": null,
    "lit": null,
    "address": "164 St. opposite Lithonia Ave.",
    "region": "nyc",
    "osm_id": null,
    "updated": "2026-10-08"
   }
  },
  {
   "type": "Feature",
   "geometry": {
    "type": "Point",
    "coordinates": [
     -73.834,
     40.7484
    ]
   },
   "properties": {
    "id": "nyc-Q300-2",
    "name": "Lawrence St.",
    "source": "nyc_parks",
    "status": "verified",
    "confidence": null,
    "hoops": null,
    "surface": null,
    "lit": null,
    "address": "Lawrence St., College Point Blvd. and Queens Botanical Gardens",
    "region": "nyc",
    "osm_id": null,
    "updated": "2026-10-08"
   }
  },
  {
   "type": "Feature",
   "geometry": {
    "type": "Point",
    "coordinates": [
     -73.8209,
     40.6654
    ]
   },
   "properties": {
    "id": "nyc-Q096E",
    "name": "Lefferts",
    "source": "nyc_parks",
    "status": "verified",
    "confidence": null,
    "hoops": null,
    "surface": null,
    "lit": null,
    "address": "North Conduit Ave. and 120 to 122 Sts.",
    "region": "nyc",
    "osm_id": null,
    "updated": "2026-10-08"
   }
  },
  {
   "type": "Feature",
   "geometry": {
    "type": "Point",
    "coordinates": [
     -73.853,
     40.6861
    ]
   },
   "properties": {
    "id": "nyc-Q128",
    "name": "London Planetree",
    "source": "nyc_parks",
    "status": "verified",
    "confidence": null,
    "hoops": null,
    "surface": null,
    "lit": null,
    "address": "88th St., Atlantic Ave, & 95 Ave.",
    "region": "nyc",
    "osm_id": null,
    "updated": "2026-10-08"
   }
  },
  {
   "type": "Feature",
   "geometry": {
    "type": "Point",
    "coordinates": [
     -73.8556,
     40.7549
    ]
   },
   "properties": {
    "id": "nyc-Q415",
    "name": "Louis Armstrong Playground/PS 143",
    "source": "nyc_parks",
    "status": "verified",
    "confidence": null,
    "hoops": null,
    "surface": null,
    "lit": null,
    "address": "37 Ave. btwn. 112 & 113 Sts.",
    "region": "nyc",
    "osm_id": null,
    "updated": "2026-10-08"
   }
  },
  {
   "type": "Feature",
   "geometry": {
    "type": "Point",
    "coordinates": [
     -73.7352,
     40.762
    ]
   },
   "properties": {
    "id": "nyc-Q369",
    "name": "Louis Pasteur Park/JHS 67",
    "source": "nyc_parks",
    "status": "verified",
    "confidence": null,
    "hoops": null,
    "surface": null,
    "lit": null,
    "address": "248 St. & 51 Ave.",
    "region": "nyc",
    "osm_id": null,
    "updated": "2026-10-08"
   }
  },
  {
   "type": "Feature",
   "geometry": {
    "type": "Point",
    "coordinates": [
     -73.8516,
     40.7934
    ]
   },
   "properties": {
    "id": "nyc-Q009",
    "name": "MacNeil Park",
    "source": "nyc_parks",
    "status": "verified",
    "confidence": null,
    "hoops": null,
    "surface": null,
    "lit": null,
    "address": "Poppenhusen Ave. and 119 St.",
    "region": "nyc",
    "osm_id": null,
    "updated": "2026-10-08"
   }
  },
  {
   "type": "Feature",
   "geometry": {
    "type": "Point",
    "coordinates": [
     -73.8261,
     40.7556
    ]
   },
   "properties": {
    "id": "nyc-Q211",
    "name": "Maple Playground",
    "source": "nyc_parks",
    "status": "verified",
    "confidence": null,
    "hoops": null,
    "surface": null,
    "lit": null,
    "address": "Maple Ave. & Kissena Blvd.",
    "region": "nyc",
    "osm_id": null,
    "updated": "2026-10-08"
   }
  },
  {
   "type": "Feature",
   "geometry": {
    "type": "Point",
    "coordinates": [
     -73.7712,
     40.757
    ]
   },
   "properties": {
    "id": "nyc-Q364",
    "name": "Marie Curie Park",
    "source": "nyc_parks",
    "status": "verified",
    "confidence": null,
    "hoops": null,
    "surface": null,
    "lit": null,
    "address": "211 St. & 47 Ave.",
    "region": "nyc",
    "osm_id": null,
    "updated": "2026-10-08"
   }
  },
  {
   "type": "Feature",
   "geometry": {
    "type": "Point",
    "coordinates": [
     -73.8695,
     40.7363
    ]
   },
   "properties": {
    "id": "nyc-Q041",
    "name": "Newtown Playground",
    "source": "nyc_parks",
    "status": "verified",
    "confidence": null,
    "hoops": null,
    "surface": null,
    "lit": null,
    "address": "92 St. & 56 Ave.",
    "region": "nyc",
    "osm_id": null,
    "updated": "2026-10-08"
   }
  },
  {
   "type": "Feature",
   "geometry": {
    "type": "Point",
    "coordinates": [
     -73.8744,
     40.756
    ]
   },
   "properties": {
    "id": "nyc-Q363",
    "name": "Northern Playground",
    "source": "nyc_parks",
    "status": "verified",
    "confidence": null,
    "hoops": null,
    "surface": null,
    "lit": null,
    "address": "Northern BLvd. & 90th St.",
    "region": "nyc",
    "osm_id": null,
    "updated": "2026-10-08"
   }
  },
  {
   "type": "Feature",
   "geometry": {
    "type": "Point",
    "coordinates": [
     -73.7598,
     40.7536
    ]
   },
   "properties": {
    "id": "nyc-Q400",
    "name": "Oakland Gardens Playground/PS 203",
    "source": "nyc_parks",
    "status": "verified",
    "confidence": null,
    "hoops": null,
    "surface": null,
    "lit": null,
    "address": "54 Ave. & Springfield Blvd.",
    "region": "nyc",
    "osm_id": null,
    "updated": "2026-10-08"
   }
  },
  {
   "type": "Feature",
   "geometry": {
    "type": "Point",
    "coordinates": [
     -73.8076,
     40.6673
    ]
   },
   "properties": {
    "id": "nyc-Q092",
    "name": "P.O. Edward Byrne Park",
    "source": "nyc_parks",
    "status": "verified",
    "confidence": null,
    "hoops": null,
    "surface": null,
    "lit": null,
    "address": "North Conduit Ave., 134 to 135 Sts. and 135 Ave.",
    "region": "nyc",
    "osm_id": null,
    "updated": "2026-10-08"
   }
  },
  {
   "type": "Feature",
   "geometry": {
    "type": "Point",
    "coordinates": [
     -73.8392,
     40.6818
    ]
   },
   "properties": {
    "id": "nyc-Q118",
    "name": "P.O. Nicholas DeMutis Park",
    "source": "nyc_parks",
    "status": "verified",
    "confidence": null,
    "hoops": null,
    "surface": null,
    "lit": null,
    "address": "Liberty Ave. and 101 to 102 Sts.",
    "region": "nyc",
    "osm_id": null,
    "updated": "2026-10-08"
   }
  },
  {
   "type": "Feature",
   "geometry": {
    "type": "Point",
    "coordinates": [
     -73.8614,
     40.7487
    ]
   },
   "properties": {
    "id": "nyc-Q026",
    "name": "Park of the Americas",
    "source": "nyc_parks",
    "status": "verified",
    "confidence": null,
    "hoops": null,
    "surface": null,
    "lit": null,
    "address": "104 St. & 41 Ave.",
    "region": "nyc",
    "osm_id": null,
    "updated": "2026-10-08"
   }
  },
  {
   "type": "Feature",
   "geometry": {
    "type": "Point",
    "coordinates": [
     -73.7984,
     40.7781
    ]
   },
   "properties": {
    "id": "nyc-Q334",
    "name": "Playground 21",
    "source": "nyc_parks",
    "status": "verified",
    "confidence": null,
    "hoops": null,
    "surface": null,
    "lit": null,
    "address": "163 to 166 Sts., 21 Ave. and 21 Rd.",
    "region": "nyc",
    "osm_id": null,
    "updated": "2026-10-08"
   }
  },
  {
   "type": "Feature",
   "geometry": {
    "type": "Point",
    "coordinates": [
     -73.8536,
     40.736
    ]
   },
   "properties": {
    "id": "nyc-Q377",
    "name": "Playground 62/PS 220",
    "source": "nyc_parks",
    "status": "verified",
    "confidence": null,
    "hoops": null,
    "surface": null,
    "lit": null,
    "address": "Yellowstone Blvd. between 62 Ave. & 62 Rd.",
    "region": "nyc",
    "osm_id": null,
    "updated": "2026-10-08"
   }
  },
  {
   "type": "Feature",
   "geometry": {
    "type": "Point",
    "coordinates": [
     -73.8081,
     40.7264
    ]
   },
   "properties": {
    "id": "nyc-Q354",
    "name": "Playground 75/PS 154",
    "source": "nyc_parks",
    "status": "verified",
    "confidence": null,
    "hoops": null,
    "surface": null,
    "lit": null,
    "address": "75 Ave. & 160 St.",
    "region": "nyc",
    "osm_id": null,
    "updated": "2026-10-08"
   }
  },
  {
   "type": "Feature",
   "geometry": {
    "type": "Point",
    "coordinates": [
     -73.8785,
     40.757
    ]
   },
   "properties": {
    "id": "nyc-Q362",
    "name": "Playground Ninety",
    "source": "nyc_parks",
    "status": "verified",
    "confidence": null,
    "hoops": null,
    "surface": null,
    "lit": null,
    "address": "Northern Blvd. & 90 St.",
    "region": "nyc",
    "osm_id": null,
    "updated": "2026-10-08"
   }
  },
  {
   "type": "Feature",
   "geometry": {
    "type": "Point",
    "coordinates": [
     -73.8141,
     40.7357
    ]
   },
   "properties": {
    "id": "nyc-Q329",
    "name": "Pomonok",
    "source": "nyc_parks",
    "status": "verified",
    "confidence": null,
    "hoops": null,
    "surface": null,
    "lit": null,
    "address": "65 Ave. & Kissena Blvd.",
    "region": "nyc",
    "osm_id": null,
    "updated": "2026-10-08"
   }
  },
  {
   "type": "Feature",
   "geometry": {
    "type": "Point",
    "coordinates": [
     -73.8444,
     40.781
    ]
   },
   "properties": {
    "id": "nyc-Q011",
    "name": "Poppenhusen Playground",
    "source": "nyc_parks",
    "status": "verified",
    "confidence": null,
    "hoops": null,
    "surface": null,
    "lit": null,
    "address": "20 Ave btwn 123rd & 124th Sts",
    "region": "nyc",
    "osm_id": null,
    "updated": "2026-10-08"
   }
  },
  {
   "type": "Feature",
   "geometry": {
    "type": "Point",
    "coordinates": [
     -73.7646,
     40.7558
    ]
   },
   "properties": {
    "id": "nyc-Q316",
    "name": "PS 46",
    "source": "nyc_parks",
    "status": "verified",
    "confidence": null,
    "hoops": null,
    "surface": null,
    "lit": null,
    "address": "64 Ave. & 218 St.",
    "region": "nyc",
    "osm_id": null,
    "updated": "2026-10-08"
   }
  },
  {
   "type": "Feature",
   "geometry": {
    "type": "Point",
    "coordinates": [
     -73.8237,
     40.7219
    ]
   },
   "properties": {
    "id": "nyc-Q212",
    "name": "Queens Valley Playground",
    "source": "nyc_parks",
    "status": "verified",
    "confidence": null,
    "hoops": null,
    "surface": null,
    "lit": null,
    "address": "137 St. & 77 Ave.",
    "region": "nyc",
    "osm_id": null,
    "updated": "2026-10-08"
   }
  },
  {
   "type": "Feature",
   "geometry": {
    "type": "Point",
    "coordinates": [
     -73.8222,
     40.7489
    ]
   },
   "properties": {
    "id": "nyc-Q300-3",
    "name": "Rachel Carlson Park",
    "source": "nyc_parks",
    "status": "verified",
    "confidence": null,
    "hoops": null,
    "surface": null,
    "lit": null,
    "address": "Colden St. & Juniper Ave.",
    "region": "nyc",
    "osm_id": null,
    "updated": "2026-10-08"
   }
  },
  {
   "type": "Feature",
   "geometry": {
    "type": "Point",
    "coordinates": [
     -73.7798,
     40.7717
    ]
   },
   "properties": {
    "id": "nyc-Q103",
    "name": "Raymond M. O'Connor Field",
    "source": "nyc_parks",
    "status": "verified",
    "confidence": null,
    "hoops": null,
    "surface": null,
    "lit": null,
    "address": "33 Ave. & 210 St.",
    "region": "nyc",
    "osm_id": null,
    "updated": "2026-10-08"
   }
  },
  {
   "type": "Feature",
   "geometry": {
    "type": "Point",
    "coordinates": [
     -73.8568,
     40.7359
    ]
   },
   "properties": {
    "id": "nyc-Q357B",
    "name": "Real Good Park",
    "source": "nyc_parks",
    "status": "verified",
    "confidence": null,
    "hoops": null,
    "surface": null,
    "lit": null,
    "address": "Long Island Expressway, 99 St. & 62 Ave.",
    "region": "nyc",
    "osm_id": null,
    "updated": "2026-10-08"
   }
  },
  {
   "type": "Feature",
   "geometry": {
    "type": "Point",
    "coordinates": [
     -73.7491,
     40.6113
    ]
   },
   "properties": {
    "id": "nyc-Q345",
    "name": "Redfern Playground",
    "source": "nyc_parks",
    "status": "verified",
    "confidence": null,
    "hoops": null,
    "surface": null,
    "lit": null,
    "address": "Redfern Ave & Beach 12 St.",
    "region": "nyc",
    "osm_id": null,
    "updated": "2026-10-08"
   }
  },
  {
   "type": "Feature",
   "geometry": {
    "type": "Point",
    "coordinates": [
     -73.8071,
     40.586
    ]
   },
   "properties": {
    "id": "nyc-Q162",
    "name": "Rockaway Beach",
    "source": "nyc_parks",
    "status": "verified",
    "confidence": null,
    "hoops": null,
    "surface": null,
    "lit": null,
    "address": "Beach 82 & Shore Front Pkwy.",
    "region": "nyc",
    "osm_id": null,
    "updated": "2026-10-08"
   }
  },
  {
   "type": "Feature",
   "geometry": {
    "type": "Point",
    "coordinates": [
     -73.7837,
     40.5983
    ]
   },
   "properties": {
    "id": "nyc-Q371",
    "name": "Rockaway Community Playground",
    "source": "nyc_parks",
    "status": "verified",
    "confidence": null,
    "hoops": null,
    "surface": null,
    "lit": null,
    "address": "Almeda Avenue",
    "region": "nyc",
    "osm_id": null,
    "updated": "2026-10-08"
   }
  },
  {
   "type": "Feature",
   "geometry": {
    "type": "Point",
    "coordinates": [
     -73.8462,
     40.6706
    ]
   },
   "properties": {
    "id": "nyc-Q414",
    "name": "Rocket Park/JHS 202",
    "source": "nyc_parks",
    "status": "verified",
    "confidence": null,
    "hoops": null,
    "surface": null,
    "lit": null,
    "address": "North Conduit Ave., Arion Rd. and 149 Ave.",
    "region": "nyc",
    "osm_id": null,
    "updated": "2026-10-08"
   }
  },
  {
   "type": "Feature",
   "geometry": {
    "type": "Point",
    "coordinates": [
     -73.8518,
     40.7236
    ]
   },
   "properties": {
    "id": "nyc-Q335",
    "name": "Russell Sage Playground",
    "source": "nyc_parks",
    "status": "verified",
    "confidence": null,
    "hoops": null,
    "surface": null,
    "lit": null,
    "address": "68 Ave. & Booth to Austin sts",
    "region": "nyc",
    "osm_id": null,
    "updated": "2026-10-08"
   }
  },
  {
   "type": "Feature",
   "geometry": {
    "type": "Point",
    "coordinates": [
     -73.8308,
     40.5809
    ]
   },
   "properties": {
    "id": "nyc-Q422",
    "name": "Seaside Playground",
    "source": "nyc_parks",
    "status": "verified",
    "confidence": null,
    "hoops": null,
    "surface": null,
    "lit": null,
    "address": "Rockaway Beach Blvd. & B109-110 Sts.",
    "region": "nyc",
    "osm_id": null,
    "updated": "2026-10-08"
   }
  },
  {
   "type": "Feature",
   "geometry": {
    "type": "Point",
    "coordinates": [
     -73.7664,
     40.7441
    ]
   },
   "properties": {
    "id": "nyc-Q021C",
    "name": "Seven Gables Playground",
    "source": "nyc_parks",
    "status": "verified",
    "confidence": null,
    "hoops": null,
    "surface": null,
    "lit": null,
    "address": "210 St. & Oceania St.",
    "region": "nyc",
    "osm_id": null,
    "updated": "2026-10-08"
   }
  },
  {
   "type": "Feature",
   "geometry": {
    "type": "Point",
    "coordinates": [
     -73.8079,
     40.7424
    ]
   },
   "properties": {
    "id": "nyc-Q024-2",
    "name": "Seven Seas Sports Courts/Four Winds P/G",
    "source": "nyc_parks",
    "status": "verified",
    "confidence": null,
    "hoops": null,
    "surface": null,
    "lit": null,
    "address": "Booth Memorial Blvd. & 160 St.",
    "region": "nyc",
    "osm_id": null,
    "updated": "2026-10-08"
   }
  },
  {
   "type": "Feature",
   "geometry": {
    "type": "Point",
    "coordinates": [
     -73.8233,
     40.7502
    ]
   },
   "properties": {
    "id": "nyc-Q300-4",
    "name": "Silent Springs Playground",
    "source": "nyc_parks",
    "status": "verified",
    "confidence": null,
    "hoops": null,
    "surface": null,
    "lit": null,
    "address": "Colden St. & Geranium Ave.",
    "region": "nyc",
    "osm_id": null,
    "updated": "2026-10-08"
   }
  },
  {
   "type": "Feature",
   "geometry": {
    "type": "Point",
    "coordinates": [
     -73.8208,
     40.6943
    ]
   },
   "properties": {
    "id": "nyc-Q129",
    "name": "Smokey Oval Playground",
    "source": "nyc_parks",
    "status": "verified",
    "confidence": null,
    "hoops": null,
    "surface": null,
    "lit": null,
    "address": "Atlantic, 95 Ave., and 125 St.",
    "region": "nyc",
    "osm_id": null,
    "updated": "2026-10-08"
   }
  },
  {
   "type": "Feature",
   "geometry": {
    "type": "Point",
    "coordinates": [
     -73.8894,
     40.754
    ]
   },
   "properties": {
    "id": "nyc-Q303",
    "name": "Travers Park",
    "source": "nyc_parks",
    "status": "verified",
    "confidence": null,
    "hoops": null,
    "surface": null,
    "lit": null,
    "address": "78 St, , S/O Northern Blvd.",
    "region": "nyc",
    "osm_id": null,
    "updated": "2026-10-08"
   }
  },
  {
   "type": "Feature",
   "geometry": {
    "type": "Point",
    "coordinates": [
     -73.835,
     40.7297
    ]
   },
   "properties": {
    "id": "nyc-Q099-2",
    "name": "Triassic Playground",
    "source": "nyc_parks",
    "status": "verified",
    "confidence": null,
    "hoops": null,
    "surface": null,
    "lit": null,
    "address": "Jewel Ave. & Van Wyck Expressway",
    "region": "nyc",
    "osm_id": null,
    "updated": "2026-10-08"
   }
  },
  {
   "type": "Feature",
   "geometry": {
    "type": "Point",
    "coordinates": [
     -73.7932,
     40.7305
    ]
   },
   "properties": {
    "id": "nyc-Q294",
    "name": "Utopia",
    "source": "nyc_parks",
    "status": "verified",
    "confidence": null,
    "hoops": null,
    "surface": null,
    "lit": null,
    "address": "Utopia Pkwy. & Jewel Ave.",
    "region": "nyc",
    "osm_id": null,
    "updated": "2026-10-08"
   }
  },
  {
   "type": "Feature",
   "geometry": {
    "type": "Point",
    "coordinates": [
     -73.8204,
     40.7185
    ]
   },
   "properties": {
    "id": "nyc-Q336",
    "name": "Vleigh Place Playground/PS 165",
    "source": "nyc_parks",
    "status": "verified",
    "confidence": null,
    "hoops": null,
    "surface": null,
    "lit": null,
    "address": "Union Turnpike & 141 St.",
    "region": "nyc",
    "osm_id": null,
    "updated": "2026-10-08"
   }
  },
  {
   "type": "Feature",
   "geometry": {
    "type": "Point",
    "coordinates": [
     -73.8438,
     40.6578
    ]
   },
   "properties": {
    "id": "nyc-Q421",
    "name": "Walter Ward Playground/PS 207",
    "source": "nyc_parks",
    "status": "verified",
    "confidence": null,
    "hoops": null,
    "surface": null,
    "lit": null,
    "address": "89 St. & 160 Ave.",
    "region": "nyc",
    "osm_id": null,
    "updated": "2026-10-08"
   }
  },
  {
   "type": "Feature",
   "geometry": {
    "type": "Point",
    "coordinates": [
     -73.8082,
     40.7922
    ]
   },
   "properties": {
    "id": "nyc-Q343",
    "name": "Whitestone Playground/PS 193",
    "source": "nyc_parks",
    "status": "verified",
    "confidence": null,
    "hoops": null,
    "surface": null,
    "lit": null,
    "address": "152 St. between 11 and 12 Aves.",
    "region": "nyc",
    "osm_id": null,
    "updated": "2026-10-08"
   }
  },
  {
   "type": "Feature",
   "geometry": {
    "type": "Point",
    "coordinates": [
     -73.7962,
     40.7836
    ]
   },
   "properties": {
    "id": "nyc-Q375",
    "name": "Willets Pt. Playground/PS 209",
    "source": "nyc_parks",
    "status": "verified",
    "confidence": null,
    "hoops": null,
    "surface": null,
    "lit": null,
    "address": "165 St. btwn. 16 Ave & 16 Rd.",
    "region": "nyc",
    "osm_id": null,
    "updated": "2026-10-08"
   }
  },
  {
   "type": "Feature",
   "geometry": {
    "type": "Point",
    "coordinates": [
     -73.8372,
     40.723
    ]
   },
   "properties": {
    "id": "nyc-Q348",
    "name": "Willow Lake Playground",
    "source": "nyc_parks",
    "status": "verified",
    "confidence": null,
    "hoops": null,
    "surface": null,
    "lit": null,
    "address": "Grand Central Pkwy between 71 & 72 Aves.",
    "region": "nyc",
    "osm_id": null,
    "updated": "2026-10-08"
   }
  },
  {
   "type": "Feature",
   "geometry": {
    "type": "Point",
    "coordinates": [
     -73.8456,
     40.7374
    ]
   },
   "properties": {
    "id": "nyc-Q099-3",
    "name": "World&rsquo;s Fair Playground",
    "source": "nyc_parks",
    "status": "verified",
    "confidence": null,
    "hoops": null,
    "surface": null,
    "lit": null,
    "address": "62 Dr. and Grand Central Pkwy.",
    "region": "nyc",
    "osm_id": null,
    "updated": "2026-10-08"
   }
  },
  {
   "type": "Feature",
   "geometry": {
    "type": "Point",
    "coordinates": [
     -73.8478,
     40.7264
    ]
   },
   "properties": {
    "id": "nyc-Q425",
    "name": "Yellowstone Municipal Park",
    "source": "nyc_parks",
    "status": "verified",
    "confidence": null,
    "hoops": null,
    "surface": null,
    "lit": null,
    "address": "Yellowstone Blvd. between 68 Ave. & 68 Rd.",
    "region": "nyc",
    "osm_id": null,
    "updated": "2026-10-08"
   }
  },
  {
   "type": "Feature",
   "geometry": {
    "type": "Point",
    "coordinates": [
     -74.1287,
     40.634
    ]
   },
   "properties": {
    "id": "nyc-R033",
    "name": "Abraham Levy Memorial Park",
    "source": "nyc_parks",
    "status": "verified",
    "confidence": null,
    "hoops": null,
    "surface": null,
    "lit": null,
    "address": "Jewett & Castleton Ave.",
    "region": "nyc",
    "osm_id": null,
    "updated": "2026-10-08"
   }
  },
  {
   "type": "Feature",
   "geometry": {
    "type": "Point",
    "coordinates": [
     -74.0706,
     40.5978
    ]
   },
   "properties": {
    "id": "nyc-R062",
    "name": "Arrochar Playground (PS 39)",
    "source": "nyc_parks",
    "status": "verified",
    "confidence": null,
    "hoops": null,
    "surface": null,
    "lit": null,
    "address": "Sand Lane & McFarland Ave.",
    "region": "nyc",
    "osm_id": null,
    "updated": "2026-10-08"
   }
  },
  {
   "type": "Feature",
   "geometry": {
    "type": "Point",
    "coordinates": [
     -74.1151,
     40.6297
    ]
   },
   "properties": {
    "id": "nyc-R034",
    "name": "Austin J McDonald Playground",
    "source": "nyc_parks",
    "status": "verified",
    "confidence": null,
    "hoops": null,
    "surface": null,
    "lit": null,
    "address": "Forest & Myrtle Aves.",
    "region": "nyc",
    "osm_id": null,
    "updated": "2026-10-08"
   }
  },
  {
   "type": "Feature",
   "geometry": {
    "type": "Point",
    "coordinates": [
     -74.1239,
     40.5603
    ]
   },
   "properties": {
    "id": "nyc-R072",
    "name": "Clawson Playground (PS 50)",
    "source": "nyc_parks",
    "status": "verified",
    "confidence": null,
    "hoops": null,
    "surface": null,
    "lit": null,
    "address": "Adelaide Ave. & Clawson Rd.",
    "region": "nyc",
    "osm_id": null,
    "updated": "2026-10-08"
   }
  },
  {
   "type": "Feature",
   "geometry": {
    "type": "Point",
    "coordinates": [
     -74.1054,
     40.616
    ]
   },
   "properties": {
    "id": "nyc-R005",
    "name": "Clove Lakes Park",
    "source": "nyc_parks",
    "status": "verified",
    "confidence": null,
    "hoops": null,
    "surface": null,
    "lit": null,
    "address": "Slosson Ave, Victory Blvd. and Clove Rd.",
    "region": "nyc",
    "osm_id": null,
    "updated": "2026-10-08"
   }
  },
  {
   "type": "Feature",
   "geometry": {
    "type": "Point",
    "coordinates": [
     -74.0859,
     40.6421
    ]
   },
   "properties": {
    "id": "nyc-R086",
    "name": "Davis Playground (PS 31)",
    "source": "nyc_parks",
    "status": "verified",
    "confidence": null,
    "hoops": null,
    "surface": null,
    "lit": null,
    "address": "Layton & Bismark Ave.",
    "region": "nyc",
    "osm_id": null,
    "updated": "2026-10-08"
   }
  },
  {
   "type": "Feature",
   "geometry": {
    "type": "Point",
    "coordinates": [
     -74.089,
     40.5826
    ]
   },
   "properties": {
    "id": "nyc-R087",
    "name": "Dongan Playground (PS 52)",
    "source": "nyc_parks",
    "status": "verified",
    "confidence": null,
    "hoops": null,
    "surface": null,
    "lit": null,
    "address": "Mason, Buel & Dongan Hill Aves.",
    "region": "nyc",
    "osm_id": null,
    "updated": "2026-10-08"
   }
  },
  {
   "type": "Feature",
   "geometry": {
    "type": "Point",
    "coordinates": [
     -74.1628,
     40.5365
    ]
   },
   "properties": {
    "id": "nyc-R090",
    "name": "Lieutenant John H. Martinson Playground",
    "source": "nyc_parks",
    "status": "verified",
    "confidence": null,
    "hoops": null,
    "surface": null,
    "lit": null,
    "address": "Osborne St. & Preston Ave.",
    "region": "nyc",
    "osm_id": null,
    "updated": "2026-10-08"
   }
  },
  {
   "type": "Feature",
   "geometry": {
    "type": "Point",
    "coordinates": [
     -74.1358,
     40.6409
    ]
   },
   "properties": {
    "id": "nyc-R008",
    "name": "Faber Park",
    "source": "nyc_parks",
    "status": "verified",
    "confidence": null,
    "hoops": null,
    "surface": null,
    "lit": null,
    "address": "Richmond Terrace & Faber St.",
    "region": "nyc",
    "osm_id": null,
    "updated": "2026-10-08"
   }
  },
  {
   "type": "Feature",
   "geometry": {
    "type": "Point",
    "coordinates": [
     -74.0912,
     40.5687
    ]
   },
   "properties": {
    "id": "nyc-R046",
    "name": "FDR Boardwalk & Beach",
    "source": "nyc_parks",
    "status": "verified",
    "confidence": null,
    "hoops": null,
    "surface": null,
    "lit": null,
    "address": "Miller Field & Greely Ave.",
    "region": "nyc",
    "osm_id": null,
    "updated": "2026-10-08"
   }
  },
  {
   "type": "Feature",
   "geometry": {
    "type": "Point",
    "coordinates": [
     -74.1006,
     40.5863
    ]
   },
   "properties": {
    "id": "nyc-R067",
    "name": "Cesar Sanchez Basketball Courts",
    "source": "nyc_parks",
    "status": "verified",
    "confidence": null,
    "hoops": null,
    "surface": null,
    "lit": null,
    "address": "Dongan Hills Ave. & SIRR",
    "region": "nyc",
    "osm_id": null,
    "updated": "2026-10-08"
   }
  },
  {
   "type": "Feature",
   "geometry": {
    "type": "Point",
    "coordinates": [
     -74.1102,
     40.5608
    ]
   },
   "properties": {
    "id": "nyc-R026",
    "name": "Gerard P Dugan Playground",
    "source": "nyc_parks",
    "status": "verified",
    "confidence": null,
    "hoops": null,
    "surface": null,
    "lit": null,
    "address": "Mill Rd., Weed Ave., and Tysens Lane",
    "region": "nyc",
    "osm_id": null,
    "updated": "2026-10-08"
   }
  },
  {
   "type": "Feature",
   "geometry": {
    "type": "Point",
    "coordinates": [
     -74.1651,
     40.6312
    ]
   },
   "properties": {
    "id": "nyc-R068",
    "name": "The Big Park",
    "source": "nyc_parks",
    "status": "verified",
    "confidence": null,
    "hoops": null,
    "surface": null,
    "lit": null,
    "address": "Grandview Ave. & Continental Pl.",
    "region": "nyc",
    "osm_id": null,
    "updated": "2026-10-08"
   }
  },
  {
   "type": "Feature",
   "geometry": {
    "type": "Point",
    "coordinates": [
     -74.1518,
     40.5471
    ]
   },
   "properties": {
    "id": "nyc-R071",
    "name": "Great Kills Park (PS 8)",
    "source": "nyc_parks",
    "status": "verified",
    "confidence": null,
    "hoops": null,
    "surface": null,
    "lit": null,
    "address": "Hillcrest Ave. & Highmount Rd.",
    "region": "nyc",
    "osm_id": null,
    "updated": "2026-10-08"
   }
  },
  {
   "type": "Feature",
   "geometry": {
    "type": "Point",
    "coordinates": [
     -74.1368,
     40.552
    ]
   },
   "properties": {
    "id": "nyc-R089",
    "name": "Greencroft Playground (PS 53)",
    "source": "nyc_parks",
    "status": "verified",
    "confidence": null,
    "hoops": null,
    "surface": null,
    "lit": null,
    "address": "Redgrave, Greencroft St., Ainsworth Ave., and Durant Ave.",
    "region": "nyc",
    "osm_id": null,
    "updated": "2026-10-08"
   }
  },
  {
   "type": "Feature",
   "geometry": {
    "type": "Point",
    "coordinates": [
     -74.1604,
     40.6366
    ]
   },
   "properties": {
    "id": "nyc-R036",
    "name": "Harbor Playground",
    "source": "nyc_parks",
    "status": "verified",
    "confidence": null,
    "hoops": null,
    "surface": null,
    "lit": null,
    "address": "Harbor Rd. & Richmond Terrace",
    "region": "nyc",
    "osm_id": null,
    "updated": "2026-10-08"
   }
  },
  {
   "type": "Feature",
   "geometry": {
    "type": "Point",
    "coordinates": [
     -74.0837,
     40.6387
    ]
   },
   "properties": {
    "id": "nyc-R037",
    "name": "Ikefugi Playground",
    "source": "nyc_parks",
    "status": "verified",
    "confidence": null,
    "hoops": null,
    "surface": null,
    "lit": null,
    "address": "Winter & Bismark Aves.",
    "region": "nyc",
    "osm_id": null,
    "updated": "2026-10-08"
   }
  },
  {
   "type": "Feature",
   "geometry": {
    "type": "Point",
    "coordinates": [
     -74.1635,
     40.62
    ]
   },
   "properties": {
    "id": "nyc-R114",
    "name": "Jennifer's Playground",
    "source": "nyc_parks",
    "status": "verified",
    "confidence": null,
    "hoops": null,
    "surface": null,
    "lit": null,
    "address": "Jules Dr., Elson Ct., and Regis Dr.",
    "region": "nyc",
    "osm_id": null,
    "updated": "2026-10-08"
   }
  },
  {
   "type": "Feature",
   "geometry": {
    "type": "Point",
    "coordinates": [
     -74.0849,
     40.6118
    ]
   },
   "properties": {
    "id": "nyc-R125",
    "name": "Luis Lopez Playground",
    "source": "nyc_parks",
    "status": "verified",
    "confidence": null,
    "hoops": null,
    "surface": null,
    "lit": null,
    "address": "Targee St., Palma Dr., and Oder Ave.",
    "region": "nyc",
    "osm_id": null,
    "updated": "2026-10-08"
   }
  },
  {
   "type": "Feature",
   "geometry": {
    "type": "Point",
    "coordinates": [
     -74.1456,
     40.6237
    ]
   },
   "properties": {
    "id": "nyc-R076",
    "name": "Markham Playground",
    "source": "nyc_parks",
    "status": "verified",
    "confidence": null,
    "hoops": null,
    "surface": null,
    "lit": null,
    "address": "Willowbrook Pkwy., Forest Ave. and Houston St.",
    "region": "nyc",
    "osm_id": null,
    "updated": "2026-10-08"
   }
  },
  {
   "type": "Feature",
   "geometry": {
    "type": "Point",
    "coordinates": [
     -74.086,
     40.6431
    ]
   },
   "properties": {
    "id": "nyc-R025",
    "name": "Michael J Mahoney Memorial Playground.",
    "source": "nyc_parks",
    "status": "verified",
    "confidence": null,
    "hoops": null,
    "surface": null,
    "lit": null,
    "address": "Beechwood Ave., Crescent St. and Cleveland St.",
    "region": "nyc",
    "osm_id": null,
    "updated": "2026-10-08"
   }
  },
  {
   "type": "Feature",
   "geometry": {
    "type": "Point",
    "coordinates": [
     -74.0995,
     40.577
    ]
   },
   "properties": {
    "id": "nyc-R038A",
    "name": "Midland Field (JHS 2)",
    "source": "nyc_parks",
    "status": "verified",
    "confidence": null,
    "hoops": null,
    "surface": null,
    "lit": null,
    "address": "Midland, Mason, and Bedford Aves.",
    "region": "nyc",
    "osm_id": null,
    "updated": "2026-10-08"
   }
  },
  {
   "type": "Feature",
   "geometry": {
    "type": "Point",
    "coordinates": [
     -74.0907,
     40.6027
    ]
   },
   "properties": {
    "id": "nyc-R073",
    "name": "Naples Playground (PS 48)",
    "source": "nyc_parks",
    "status": "verified",
    "confidence": null,
    "hoops": null,
    "surface": null,
    "lit": null,
    "address": "Targee St. & Naples St.",
    "region": "nyc",
    "osm_id": null,
    "updated": "2026-10-08"
   }
  },
  {
   "type": "Feature",
   "geometry": {
    "type": "Point",
    "coordinates": [
     -74.0742,
     40.6145
    ]
   },
   "properties": {
    "id": "nyc-R035",
    "name": "Nicholas De Matti Playground",
    "source": "nyc_parks",
    "status": "verified",
    "confidence": null,
    "hoops": null,
    "surface": null,
    "lit": null,
    "address": "Tompkins Ave. & Chestnut St.",
    "region": "nyc",
    "osm_id": null,
    "updated": "2026-10-08"
   }
  },
  {
   "type": "Feature",
   "geometry": {
    "type": "Point",
    "coordinates": [
     -74.0814,
     40.5954
    ]
   },
   "properties": {
    "id": "nyc-R063",
    "name": "Old Town Playground",
    "source": "nyc_parks",
    "status": "verified",
    "confidence": null,
    "hoops": null,
    "surface": null,
    "lit": null,
    "address": "Parkinson Ave. & Kramer St.",
    "region": "nyc",
    "osm_id": null,
    "updated": "2026-10-08"
   }
  },
  {
   "type": "Feature",
   "geometry": {
    "type": "Point",
    "coordinates": [
     -74.2021,
     40.533
    ]
   },
   "properties": {
    "id": "nyc-R053",
    "name": "Park",
    "source": "nyc_parks",
    "status": "verified",
    "confidence": null,
    "hoops": null,
    "surface": null,
    "lit": null,
    "address": "Richmond Pkwy & Vernon Blvd.",
    "region": "nyc",
    "osm_id": null,
    "updated": "2026-10-08"
   }
  },
  {
   "type": "Feature",
   "geometry": {
    "type": "Point",
    "coordinates": [
     -74.1183,
     40.6288
    ]
   },
   "properties": {
    "id": "nyc-R105",
    "name": "Prall Playground (IS 27)",
    "source": "nyc_parks",
    "status": "verified",
    "confidence": null,
    "hoops": null,
    "surface": null,
    "lit": null,
    "address": "Elizabeth St. & Forest Ave.",
    "region": "nyc",
    "osm_id": null,
    "updated": "2026-10-08"
   }
  },
  {
   "type": "Feature",
   "geometry": {
    "type": "Point",
    "coordinates": [
     -74.0796,
     40.6229
    ]
   },
   "properties": {
    "id": "nyc-R061",
    "name": "PS 14 & Stapleton Houses Plgd.",
    "source": "nyc_parks",
    "status": "verified",
    "confidence": null,
    "hoops": null,
    "surface": null,
    "lit": null,
    "address": "Tompkins Ave, Broad, and Hill Sts.",
    "region": "nyc",
    "osm_id": null,
    "updated": "2026-10-08"
   }
  },
  {
   "type": "Feature",
   "geometry": {
    "type": "Point",
    "coordinates": [
     -74.1103,
     40.6431
    ]
   },
   "properties": {
    "id": "nyc-R015",
    "name": "Randolph Walker Park",
    "source": "nyc_parks",
    "status": "verified",
    "confidence": null,
    "hoops": null,
    "surface": null,
    "lit": null,
    "address": "Delafield Pl, Bard and Davis Aves.",
    "region": "nyc",
    "osm_id": null,
    "updated": "2026-10-08"
   }
  },
  {
   "type": "Feature",
   "geometry": {
    "type": "Point",
    "coordinates": [
     -74.0682,
     40.6146
    ]
   },
   "properties": {
    "id": "nyc-R042",
    "name": "Reinhard E. Kaltenmeier Playground",
    "source": "nyc_parks",
    "status": "verified",
    "confidence": null,
    "hoops": null,
    "surface": null,
    "lit": null,
    "address": "Virginia Ave. & Anderson St.",
    "region": "nyc",
    "osm_id": null,
    "updated": "2026-10-08"
   }
  },
  {
   "type": "Feature",
   "geometry": {
    "type": "Point",
    "coordinates": [
     -74.188,
     40.5899
    ]
   },
   "properties": {
    "id": "nyc-R045",
    "name": "Schmul Park",
    "source": "nyc_parks",
    "status": "verified",
    "confidence": null,
    "hoops": null,
    "surface": null,
    "lit": null,
    "address": "Wild Ave & Pearson St.",
    "region": "nyc",
    "osm_id": null,
    "updated": "2026-10-08"
   }
  },
  {
   "type": "Feature",
   "geometry": {
    "type": "Point",
    "coordinates": [
     -74.0987,
     40.6284
    ]
   },
   "properties": {
    "id": "nyc-R022",
    "name": "Silver Lake Park",
    "source": "nyc_parks",
    "status": "verified",
    "confidence": null,
    "hoops": null,
    "surface": null,
    "lit": null,
    "address": "University Pl. & Revere St.",
    "region": "nyc",
    "osm_id": null,
    "updated": "2026-10-08"
   }
  },
  {
   "type": "Feature",
   "geometry": {
    "type": "Point",
    "coordinates": [
     -74.0986,
     40.6136
    ]
   },
   "properties": {
    "id": "nyc-R069",
    "name": "Terrace/PS 35 Playground",
    "source": "nyc_parks",
    "status": "verified",
    "confidence": null,
    "hoops": null,
    "surface": null,
    "lit": null,
    "address": "Foote Ave., Howard Ave., and Martha St.",
    "region": "nyc",
    "osm_id": null,
    "updated": "2026-10-08"
   }
  },
  {
   "type": "Feature",
   "geometry": {
    "type": "Point",
    "coordinates": [
     -74.1191,
     40.6087
    ]
   },
   "properties": {
    "id": "nyc-R064",
    "name": "Christopher J. Igneri Playground",
    "source": "nyc_parks",
    "status": "verified",
    "confidence": null,
    "hoops": null,
    "surface": null,
    "lit": null,
    "address": "Schmidts Lane & Manor Rd.",
    "region": "nyc",
    "osm_id": null,
    "updated": "2026-10-08"
   }
  },
  {
   "type": "Feature",
   "geometry": {
    "type": "Point",
    "coordinates": [
     -73.7698,
     40.6862
    ]
   },
   "properties": {
    "id": "nyc-Q448",
    "name": "Roy Wilkins Recreation Center",
    "source": "nyc_parks",
    "status": "verified",
    "confidence": null,
    "hoops": null,
    "surface": null,
    "lit": null,
    "address": "177th Street & Baisley Boulevard",
    "region": "nyc",
    "osm_id": null,
    "updated": "2026-10-08"
   }
  },
  {
   "type": "Feature",
   "geometry": {
    "type": "Point",
    "coordinates": [
     -74.0022,
     40.7483
    ]
   },
   "properties": {
    "id": "nyc-M260",
    "name": "Chelsea Recreation Center",
    "source": "nyc_parks",
    "status": "verified",
    "confidence": null,
    "hoops": null,
    "surface": null,
    "lit": null,
    "address": "West 25 Street and 10 Avenue",
    "region": "nyc",
    "osm_id": null,
    "updated": "2026-10-08"
   }
  },
  {
   "type": "Feature",
   "geometry": {
    "type": "Point",
    "coordinates": [
     -73.9195,
     40.844
    ]
   },
   "properties": {
    "id": "nyc-X261",
    "name": "West Bronx Recreation Center",
    "source": "nyc_parks",
    "status": "verified",
    "confidence": null,
    "hoops": null,
    "surface": null,
    "lit": null,
    "address": "West 172 Street between Nelson Avenue & Jesup Street",
    "region": "nyc",
    "osm_id": null,
    "updated": "2026-10-08"
   }
  },
  {
   "type": "Feature",
   "geometry": {
    "type": "Point",
    "coordinates": [
     -73.9852,
     40.6804
    ]
   },
   "properties": {
    "id": "nyc-B145",
    "name": "Thomas Greene Playground",
    "source": "nyc_parks",
    "status": "verified",
    "confidence": null,
    "hoops": null,
    "surface": null,
    "lit": null,
    "address": "Third Avenue at Douglass Street",
    "region": "nyc",
    "osm_id": null,
    "updated": "2026-10-08"
   }
  },
  {
   "type": "Feature",
   "geometry": {
    "type": "Point",
    "coordinates": [
     -73.758,
     40.6997
    ]
   },
   "properties": {
    "id": "nyc-Q106",
    "name": "Daniel M. O'Connell Playground",
    "source": "nyc_parks",
    "status": "verified",
    "confidence": null,
    "hoops": null,
    "surface": null,
    "lit": null,
    "address": "197 St., 196 St. Bet. 113 Ave. And Murdock Ave.",
    "region": "nyc",
    "osm_id": null,
    "updated": "2026-10-08"
   }
  },
  {
   "type": "Feature",
   "geometry": {
    "type": "Point",
    "coordinates": [
     -73.7868,
     40.6846
    ]
   },
   "properties": {
    "id": "nyc-Q005",
    "name": "157th St. Playground",
    "source": "nyc_parks",
    "status": "verified",
    "confidence": null,
    "hoops": null,
    "surface": null,
    "lit": null,
    "address": "157th Street & 116th. Avenue",
    "region": "nyc",
    "osm_id": null,
    "updated": "2026-10-08"
   }
  },
  {
   "type": "Feature",
   "geometry": {
    "type": "Point",
    "coordinates": [
     -73.9072,
     40.8561
    ]
   },
   "properties": {
    "id": "nyc-X244",
    "name": "Grand Playground",
    "source": "nyc_parks",
    "status": "verified",
    "confidence": null,
    "hoops": null,
    "surface": null,
    "lit": null,
    "address": "W. 181 St. between Grand Ave. and Davidson St.",
    "region": "nyc",
    "osm_id": null,
    "updated": "2026-10-08"
   }
  },
  {
   "type": "Feature",
   "geometry": {
    "type": "Point",
    "coordinates": [
     -73.8923,
     40.8266
    ]
   },
   "properties": {
    "id": "nyc-X264",
    "name": "The Field of Dreams",
    "source": "nyc_parks",
    "status": "verified",
    "confidence": null,
    "hoops": null,
    "surface": null,
    "lit": null,
    "address": "E. 167 St between Southern Blvd. and Simpson St.",
    "region": "nyc",
    "osm_id": null,
    "updated": "2026-10-08"
   }
  },
  {
   "type": "Feature",
   "geometry": {
    "type": "Point",
    "coordinates": [
     -73.9136,
     40.8364
    ]
   },
   "properties": {
    "id": "nyc-X271",
    "name": "Grant Park",
    "source": "nyc_parks",
    "status": "verified",
    "confidence": null,
    "hoops": null,
    "surface": null,
    "lit": null,
    "address": "Grant Avenue between E. 169 and E. 170 Streets",
    "region": "nyc",
    "osm_id": null,
    "updated": "2026-10-08"
   }
  },
  {
   "type": "Feature",
   "geometry": {
    "type": "Point",
    "coordinates": [
     -73.9191,
     40.8469
    ]
   },
   "properties": {
    "id": "nyc-X295",
    "name": "Half-Nelson Playground",
    "source": "nyc_parks",
    "status": "verified",
    "confidence": null,
    "hoops": null,
    "surface": null,
    "lit": null,
    "address": "Nelson Av bet. Featherbed La and W 174 St",
    "region": "nyc",
    "osm_id": null,
    "updated": "2026-10-08"
   }
  },
  {
   "type": "Feature",
   "geometry": {
    "type": "Point",
    "coordinates": [
     -73.8861,
     40.814
    ]
   },
   "properties": {
    "id": "nyc-X113",
    "name": "Hunts Point Playground",
    "source": "nyc_parks",
    "status": "verified",
    "confidence": null,
    "hoops": null,
    "surface": null,
    "lit": null,
    "address": "Spofford Av bet. Faile St and Hunts Point Av",
    "region": "nyc",
    "osm_id": null,
    "updated": "2026-10-08"
   }
  },
  {
   "type": "Feature",
   "geometry": {
    "type": "Point",
    "coordinates": [
     -73.8896,
     40.8162
    ]
   },
   "properties": {
    "id": "nyc-X260",
    "name": "Julio Carballo Fields",
    "source": "nyc_parks",
    "status": "verified",
    "confidence": null,
    "hoops": null,
    "surface": null,
    "lit": null,
    "address": "Lafayette Avenue and Barretto Street",
    "region": "nyc",
    "osm_id": null,
    "updated": "2026-10-08"
   }
  },
  {
   "type": "Feature",
   "geometry": {
    "type": "Point",
    "coordinates": [
     -74.012,
     40.7171
    ]
   },
   "properties": {
    "id": "nyc-M308",
    "name": "Washington Market Park",
    "source": "nyc_parks",
    "status": "verified",
    "confidence": null,
    "hoops": null,
    "surface": null,
    "lit": null,
    "address": "Chambers St. between Greenwich St. and West St.",
    "region": "nyc",
    "osm_id": null,
    "updated": "2026-10-08"
   }
  },
  {
   "type": "Feature",
   "geometry": {
    "type": "Point",
    "coordinates": [
     -73.9842,
     40.7121
    ]
   },
   "properties": {
    "id": "nyc-M064",
    "name": "Lillian D Wald Playground",
    "source": "nyc_parks",
    "status": "verified",
    "confidence": null,
    "hoops": null,
    "surface": null,
    "lit": null,
    "address": "Cherry St, Montgomery St and Gouverneur St",
    "region": "nyc",
    "osm_id": null,
    "updated": "2026-10-08"
   }
  },
  {
   "type": "Feature",
   "geometry": {
    "type": "Point",
    "coordinates": [
     -73.9114,
     40.7476
    ]
   },
   "properties": {
    "id": "nyc-Q031",
    "name": "Windmuller Park",
    "source": "nyc_parks",
    "status": "verified",
    "confidence": null,
    "hoops": null,
    "surface": null,
    "lit": null,
    "address": "52 St., Woodside Ave. bet. 39 Rd. and 39 Dr.",
    "region": "nyc",
    "osm_id": null,
    "updated": "2026-10-08"
   }
  },
  {
   "type": "Feature",
   "geometry": {
    "type": "Point",
    "coordinates": [
     -73.9983,
     40.6992
    ]
   },
   "properties": {
    "id": "nyc-B431",
    "name": "Brooklyn Bridge Park",
    "source": "nyc_parks",
    "status": "verified",
    "confidence": null,
    "hoops": null,
    "surface": null,
    "lit": null,
    "address": "Pier 2",
    "region": "nyc",
    "osm_id": null,
    "updated": "2026-10-08"
   }
  },
  {
   "type": "Feature",
   "geometry": {
    "type": "Point",
    "coordinates": [
     -73.9031,
     40.7772
    ]
   },
   "properties": {
    "id": "nyc-Q332",
    "name": "Woodtree Playground",
    "source": "nyc_parks",
    "status": "verified",
    "confidence": null,
    "hoops": null,
    "surface": null,
    "lit": null,
    "address": "20th Avenue Between 37th & 38th Sts.",
    "region": "nyc",
    "osm_id": null,
    "updated": "2026-10-08"
   }
  },
  {
   "type": "Feature",
   "geometry": {
    "type": "Point",
    "coordinates": [
     -73.9595,
     40.6817
    ]
   },
   "properties": {
    "id": "nyc-B102",
    "name": "Christopher \"Biggie\" Wallace Courts",
    "source": "nyc_parks",
    "status": "verified",
    "confidence": null,
    "hoops": null,
    "surface": null,
    "lit": null,
    "address": "Fulton Street & Classon Avenue",
    "region": "nyc",
    "osm_id": null,
    "updated": "2026-10-08"
   }
  },
  {
   "type": "Feature",
   "geometry": {
    "type": "Point",
    "coordinates": [
     -73.9546,
     40.7133
    ]
   },
   "properties": {
    "id": "nyc-B223R",
    "name": "Green Grass Courts",
    "source": "nyc_parks",
    "status": "verified",
    "confidence": null,
    "hoops": null,
    "surface": null,
    "lit": null,
    "address": "Marcy Ave & Hope St",
    "region": "nyc",
    "osm_id": null,
    "updated": "2026-10-08"
   }
  },
  {
   "type": "Feature",
   "geometry": {
    "type": "Point",
    "coordinates": [
     -73.9343,
     40.706
    ]
   },
   "properties": {
    "id": "nyc-B132",
    "name": "Justice Gilbert Ramirez Park",
    "source": "nyc_parks",
    "status": "verified",
    "confidence": null,
    "hoops": null,
    "surface": null,
    "lit": null,
    "address": "McKibbin St. bet. White St. and Bogart St.",
    "region": "nyc",
    "osm_id": null,
    "updated": "2026-10-08"
   }
  },
  {
   "type": "Feature",
   "geometry": {
    "type": "Point",
    "coordinates": [
     -73.9515,
     40.7419
    ]
   },
   "properties": {
    "id": "nyc-Q360U",
    "name": "Bridge and Tunnel Park",
    "source": "nyc_parks",
    "status": "verified",
    "confidence": null,
    "hoops": null,
    "surface": null,
    "lit": null,
    "address": "Tunnel Plaza, 50 Ave, 11 St",
    "region": "nyc",
    "osm_id": null,
    "updated": "2026-10-08"
   }
  },
  {
   "type": "Feature",
   "geometry": {
    "type": "Point",
    "coordinates": [
     -73.9239,
     40.8419
    ]
   },
   "properties": {
    "id": "nyc-X287",
    "name": "Ogden Plimpton Playground",
    "source": "nyc_parks",
    "status": "verified",
    "confidence": null,
    "hoops": null,
    "surface": null,
    "lit": null,
    "address": "Plimpton Ave. & West 170th St.",
    "region": "nyc",
    "osm_id": null,
    "updated": "2026-10-08"
   }
  },
  {
   "type": "Feature",
   "geometry": {
    "type": "Point",
    "coordinates": [
     -73.9322,
     40.8015
    ]
   },
   "properties": {
    "id": "nyc-M273",
    "name": "Othmar Ammann Playground",
    "source": "nyc_parks",
    "status": "verified",
    "confidence": null,
    "hoops": null,
    "surface": null,
    "lit": null,
    "address": "East 124th St. & 1st Ave.",
    "region": "nyc",
    "osm_id": null,
    "updated": "2026-10-08"
   }
  },
  {
   "type": "Feature",
   "geometry": {
    "type": "Point",
    "coordinates": [
     -73.9118,
     40.6957
    ]
   },
   "properties": {
    "id": "nyc-B017",
    "name": "Bushwick Playground",
    "source": "nyc_parks",
    "status": "verified",
    "confidence": null,
    "hoops": null,
    "surface": null,
    "lit": null,
    "address": "Knickerbocker Avenue & Putnam Avenue",
    "region": "nyc",
    "osm_id": null,
    "updated": "2026-10-08"
   }
  },
  {
   "type": "Feature",
   "geometry": {
    "type": "Point",
    "coordinates": [
     -73.9225,
     40.774
    ]
   },
   "properties": {
    "id": "nyc-Q066C",
    "name": "Triborough Bridge Playground C",
    "source": "nyc_parks",
    "status": "verified",
    "confidence": null,
    "hoops": null,
    "surface": null,
    "lit": null,
    "address": "23rd St & Hoyt Ave",
    "region": "nyc",
    "osm_id": null,
    "updated": "2026-10-08"
   }
  },
  {
   "type": "Feature",
   "geometry": {
    "type": "Point",
    "coordinates": [
     -73.9496,
     40.7476
    ]
   },
   "properties": {
    "id": "nyc-Q141",
    "name": "Murray Playground",
    "source": "nyc_parks",
    "status": "verified",
    "confidence": null,
    "hoops": null,
    "surface": null,
    "lit": null,
    "address": "11th Street between 45th Avenue & 45th Road",
    "region": "nyc",
    "osm_id": null,
    "updated": "2026-10-08"
   }
  },
  {
   "type": "Feature",
   "geometry": {
    "type": "Point",
    "coordinates": [
     -73.9308,
     40.8521
    ]
   },
   "properties": {
    "id": "nyc-M304",
    "name": "West 186th Street Basketball Courts",
    "source": "nyc_parks",
    "status": "verified",
    "confidence": null,
    "hoops": null,
    "surface": null,
    "lit": null,
    "address": "West 186th St. between Audubon Ave. & St. Nicholas Ave.",
    "region": "nyc",
    "osm_id": null,
    "updated": "2026-10-08"
   }
  },
  {
   "type": "Feature",
   "geometry": {
    "type": "Point",
    "coordinates": [
     -73.8819,
     40.8339
    ]
   },
   "properties": {
    "id": "nyc-X147A",
    "name": "Starlight Park",
    "source": "nyc_parks",
    "status": "verified",
    "confidence": null,
    "hoops": null,
    "surface": null,
    "lit": null,
    "address": "Sheridan Expressway & E. 174th St.",
    "region": "nyc",
    "osm_id": null,
    "updated": "2026-10-08"
   }
  },
  {
   "type": "Feature",
   "geometry": {
    "type": "Point",
    "coordinates": [
     -73.9055,
     40.6783
    ]
   },
   "properties": {
    "id": "nyc-B219",
    "name": "Callahan-Kelly Playground",
    "source": "nyc_parks",
    "status": "verified",
    "confidence": null,
    "hoops": null,
    "surface": null,
    "lit": null,
    "address": "Sackman St between Truxton St & Fulton St",
    "region": "nyc",
    "osm_id": null,
    "updated": "2026-10-08"
   }
  },
  {
   "type": "Feature",
   "geometry": {
    "type": "Point",
    "coordinates": [
     -73.9099,
     40.8831
    ]
   },
   "properties": {
    "id": "nyc-X019",
    "name": "Ewen Park",
    "source": "nyc_parks",
    "status": "verified",
    "confidence": null,
    "hoops": null,
    "surface": null,
    "lit": null,
    "address": "Riverdale to Johnson avenues, south of West 232nd Street",
    "region": "nyc",
    "osm_id": null,
    "updated": "2026-10-08"
   }
  },
  {
   "type": "Feature",
   "geometry": {
    "type": "Point",
    "coordinates": [
     -85.299969,
     35.501531
    ]
   },
   "properties": {
    "id": "det-3bcc5fc31ad8",
    "name": null,
    "source": "detected",
    "status": "candidate",
    "confidence": 0.812,
    "hoops": null,
    "surface": null,
    "lit": null,
    "address": null,
    "region": "tennessee",
    "osm_id": null,
    "updated": "2026-10-08"
   }
  },
  {
   "type": "Feature",
   "geometry": {
    "type": "Point",
    "coordinates": [
     -86.860124,
     36.337792
    ]
   },
   "properties": {
    "id": "det-03ee95d7f1e1",
    "name": null,
    "source": "detected",
    "status": "candidate",
    "confidence": 0.81,
    "hoops": null,
    "surface": null,
    "lit": null,
    "address": null,
    "region": "tennessee",
    "osm_id": null,
    "updated": "2026-10-08"
   }
  },
  {
   "type": "Feature",
   "geometry": {
    "type": "Point",
    "coordinates": [
     -90.042465,
     35.172432
    ]
   },
   "properties": {
    "id": "det-d92162bf9879",
    "name": null,
    "source": "detected",
    "status": "candidate",
    "confidence": 0.808,
    "hoops": null,
    "surface": null,
    "lit": null,
    "address": null,
    "region": "tennessee",
    "osm_id": null,
    "updated": "2026-10-08"
   }
  },
  {
   "type": "Feature",
   "geometry": {
    "type": "Point",
    "coordinates": [
     -89.978711,
     35.092513
    ]
   },
   "properties": {
    "id": "det-ea600206751f",
    "name": null,
    "source": "detected",
    "status": "candidate",
    "confidence": 0.807,
    "hoops": null,
    "surface": null,
    "lit": null,
    "address": null,
    "region": "tennessee",
    "osm_id": null,
    "updated": "2026-10-08"
   }
  },
  {
   "type": "Feature",
   "geometry": {
    "type": "Point",
    "coordinates": [
     -85.399533,
     35.358567
    ]
   },
   "properties": {
    "id": "det-a92b0acb9316",
    "name": null,
    "source": "detected",
    "status": "candidate",
    "confidence": 0.806,
    "hoops": null,
    "surface": null,
    "lit": null,
    "address": null,
    "region": "tennessee",
    "osm_id": null,
    "updated": "2026-10-08"
   }
  },
  {
   "type": "Feature",
   "geometry": {
    "type": "Point",
    "coordinates": [
     -84.711178,
     35.478381
    ]
   },
   "properties": {
    "id": "det-0b3fdca2c5e8",
    "name": null,
    "source": "detected",
    "status": "candidate",
    "confidence": 0.805,
    "hoops": null,
    "surface": null,
    "lit": null,
    "address": null,
    "region": "tennessee",
    "osm_id": null,
    "updated": "2026-10-08"
   }
  },
  {
   "type": "Feature",
   "geometry": {
    "type": "Point",
    "coordinates": [
     -85.176097,
     35.083767
    ]
   },
   "properties": {
    "id": "det-978955fcff3f",
    "name": null,
    "source": "detected",
    "status": "candidate",
    "confidence": 0.803,
    "hoops": null,
    "surface": null,
    "lit": null,
    "address": null,
    "region": "chattanooga",
    "osm_id": null,
    "updated": "2026-10-08"
   }
  },
  {
   "type": "Feature",
   "geometry": {
    "type": "Point",
    "coordinates": [
     -86.706413,
     35.237729
    ]
   },
   "properties": {
    "id": "det-6fa37d339a4b",
    "name": null,
    "source": "detected",
    "status": "candidate",
    "confidence": 0.802,
    "hoops": null,
    "surface": null,
    "lit": null,
    "address": null,
    "region": "tennessee",
    "osm_id": null,
    "updated": "2026-10-08"
   }
  },
  {
   "type": "Feature",
   "geometry": {
    "type": "Point",
    "coordinates": [
     -85.787101,
     35.67226
    ]
   },
   "properties": {
    "id": "det-70bcbb47b9db",
    "name": null,
    "source": "detected",
    "status": "candidate",
    "confidence": 0.802,
    "hoops": null,
    "surface": null,
    "lit": null,
    "address": null,
    "region": "tennessee",
    "osm_id": null,
    "updated": "2026-10-08"
   }
  },
  {
   "type": "Feature",
   "geometry": {
    "type": "Point",
    "coordinates": [
     -86.507664,
     36.582145
    ]
   },
   "properties": {
    "id": "det-9b7ac92fd2ad",
    "name": null,
    "source": "detected",
    "status": "candidate",
    "confidence": 0.802,
    "hoops": null,
    "surface": null,
    "lit": null,
    "address": null,
    "region": "tennessee",
    "osm_id": null,
    "updated": "2026-10-08"
   }
  },
  {
   "type": "Feature",
   "geometry": {
    "type": "Point",
    "coordinates": [
     -82.590711,
     36.22315
    ]
   },
   "properties": {
    "id": "det-605c77a90945",
    "name": null,
    "source": "detected",
    "status": "candidate",
    "confidence": 0.802,
    "hoops": null,
    "surface": null,
    "lit": null,
    "address": null,
    "region": "tennessee",
    "osm_id": null,
    "updated": "2026-10-08"
   }
  },
  {
   "type": "Feature",
   "geometry": {
    "type": "Point",
    "coordinates": [
     -85.21327,
     35.130109
    ]
   },
   "properties": {
    "id": "det-0b0a76de08c5",
    "name": null,
    "source": "detected",
    "status": "candidate",
    "confidence": 0.802,
    "hoops": null,
    "surface": null,
    "lit": null,
    "address": null,
    "region": "chattanooga",
    "osm_id": null,
    "updated": "2026-10-08"
   }
  },
  {
   "type": "Feature",
   "geometry": {
    "type": "Point",
    "coordinates": [
     -85.74891,
     35.255139
    ]
   },
   "properties": {
    "id": "det-f97d4235ad43",
    "name": null,
    "source": "detected",
    "status": "candidate",
    "confidence": 0.8,
    "hoops": null,
    "surface": null,
    "lit": null,
    "address": null,
    "region": "tennessee",
    "osm_id": null,
    "updated": "2026-10-08"
   }
  },
  {
   "type": "Feature",
   "geometry": {
    "type": "Point",
    "coordinates": [
     -84.007792,
     35.964494
    ]
   },
   "properties": {
    "id": "det-44eafbec62a9",
    "name": null,
    "source": "detected",
    "status": "candidate",
    "confidence": 0.8,
    "hoops": null,
    "surface": null,
    "lit": null,
    "address": null,
    "region": "tennessee",
    "osm_id": null,
    "updated": "2026-10-08"
   }
  },
  {
   "type": "Feature",
   "geometry": {
    "type": "Point",
    "coordinates": [
     -85.212646,
     35.132658
    ]
   },
   "properties": {
    "id": "det-9201d315aba0",
    "name": null,
    "source": "detected",
    "status": "candidate",
    "confidence": 0.8,
    "hoops": null,
    "surface": null,
    "lit": null,
    "address": null,
    "region": "chattanooga",
    "osm_id": null,
    "updated": "2026-10-08"
   }
  },
  {
   "type": "Feature",
   "geometry": {
    "type": "Point",
    "coordinates": [
     -86.193482,
     35.186858
    ]
   },
   "properties": {
    "id": "det-6181a8e44dd1",
    "name": null,
    "source": "detected",
    "status": "candidate",
    "confidence": 0.799,
    "hoops": null,
    "surface": null,
    "lit": null,
    "address": null,
    "region": "tennessee",
    "osm_id": null,
    "updated": "2026-10-08"
   }
  },
  {
   "type": "Feature",
   "geometry": {
    "type": "Point",
    "coordinates": [
     -84.141034,
     36.58649
    ]
   },
   "properties": {
    "id": "det-7f777aec8e3c",
    "name": null,
    "source": "detected",
    "status": "candidate",
    "confidence": 0.799,
    "hoops": null,
    "surface": null,
    "lit": null,
    "address": null,
    "region": "tennessee",
    "osm_id": null,
    "updated": "2026-10-08"
   }
  },
  {
   "type": "Feature",
   "geometry": {
    "type": "Point",
    "coordinates": [
     -86.758798,
     36.187205
    ]
   },
   "properties": {
    "id": "det-0de1ac4a6326",
    "name": null,
    "source": "detected",
    "status": "candidate",
    "confidence": 0.797,
    "hoops": null,
    "surface": null,
    "lit": null,
    "address": null,
    "region": "tennessee",
    "osm_id": null,
    "updated": "2026-10-08"
   }
  },
  {
   "type": "Feature",
   "geometry": {
    "type": "Point",
    "coordinates": [
     -84.567361,
     35.880283
    ]
   },
   "properties": {
    "id": "det-34d9290f405d",
    "name": null,
    "source": "detected",
    "status": "candidate",
    "confidence": 0.797,
    "hoops": null,
    "surface": null,
    "lit": null,
    "address": null,
    "region": "tennessee",
    "osm_id": null,
    "updated": "2026-10-08"
   }
  },
  {
   "type": "Feature",
   "geometry": {
    "type": "Point",
    "coordinates": [
     -85.011285,
     36.221025
    ]
   },
   "properties": {
    "id": "det-ed608a17c03c",
    "name": null,
    "source": "detected",
    "status": "candidate",
    "confidence": 0.796,
    "hoops": null,
    "surface": null,
    "lit": null,
    "address": null,
    "region": "tennessee",
    "osm_id": null,
    "updated": "2026-10-08"
   }
  },
  {
   "type": "Feature",
   "geometry": {
    "type": "Point",
    "coordinates": [
     -90.020861,
     35.111266
    ]
   },
   "properties": {
    "id": "det-a7ab2db3cdea",
    "name": null,
    "source": "detected",
    "status": "candidate",
    "confidence": 0.796,
    "hoops": null,
    "surface": null,
    "lit": null,
    "address": null,
    "region": "tennessee",
    "osm_id": null,
    "updated": "2026-10-08"
   }
  },
  {
   "type": "Feature",
   "geometry": {
    "type": "Point",
    "coordinates": [
     -85.528813,
     36.308068
    ]
   },
   "properties": {
    "id": "det-ff17316b60cd",
    "name": null,
    "source": "detected",
    "status": "candidate",
    "confidence": 0.795,
    "hoops": null,
    "surface": null,
    "lit": null,
    "address": null,
    "region": "tennessee",
    "osm_id": null,
    "updated": "2026-10-08"
   }
  },
  {
   "type": "Feature",
   "geometry": {
    "type": "Point",
    "coordinates": [
     -82.387965,
     36.148995
    ]
   },
   "properties": {
    "id": "det-ad6935ed1a6a",
    "name": null,
    "source": "detected",
    "status": "candidate",
    "confidence": 0.795,
    "hoops": null,
    "surface": null,
    "lit": null,
    "address": null,
    "region": "tennessee",
    "osm_id": null,
    "updated": "2026-10-08"
   }
  },
  {
   "type": "Feature",
   "geometry": {
    "type": "Point",
    "coordinates": [
     -85.176773,
     35.107771
    ]
   },
   "properties": {
    "id": "det-310b7ec8a51b",
    "name": null,
    "source": "detected",
    "status": "candidate",
    "confidence": 0.795,
    "hoops": null,
    "surface": null,
    "lit": null,
    "address": null,
    "region": "chattanooga",
    "osm_id": null,
    "updated": "2026-10-08"
   }
  },
  {
   "type": "Feature",
   "geometry": {
    "type": "Point",
    "coordinates": [
     -85.946803,
     36.227796
    ]
   },
   "properties": {
    "id": "det-2960d05c9d97",
    "name": null,
    "source": "detected",
    "status": "candidate",
    "confidence": 0.794,
    "hoops": null,
    "surface": null,
    "lit": null,
    "address": null,
    "region": "tennessee",
    "osm_id": null,
    "updated": "2026-10-08"
   }
  },
  {
   "type": "Feature",
   "geometry": {
    "type": "Point",
    "coordinates": [
     -87.369906,
     36.075998
    ]
   },
   "properties": {
    "id": "det-d4c6fe6b2e33",
    "name": null,
    "source": "detected",
    "status": "candidate",
    "confidence": 0.793,
    "hoops": null,
    "surface": null,
    "lit": null,
    "address": null,
    "region": "tennessee",
    "osm_id": null,
    "updated": "2026-10-08"
   }
  },
  {
   "type": "Feature",
   "geometry": {
    "type": "Point",
    "coordinates": [
     -83.234908,
     35.791343
    ]
   },
   "properties": {
    "id": "det-d0fe61c80af5",
    "name": null,
    "source": "detected",
    "status": "candidate",
    "confidence": 0.793,
    "hoops": null,
    "surface": null,
    "lit": null,
    "address": null,
    "region": "tennessee",
    "osm_id": null,
    "updated": "2026-10-08"
   }
  },
  {
   "type": "Feature",
   "geometry": {
    "type": "Point",
    "coordinates": [
     -81.925655,
     36.522906
    ]
   },
   "properties": {
    "id": "det-9d2ec0792b28",
    "name": null,
    "source": "detected",
    "status": "candidate",
    "confidence": 0.793,
    "hoops": null,
    "surface": null,
    "lit": null,
    "address": null,
    "region": "tennessee",
    "osm_id": null,
    "updated": "2026-10-08"
   }
  },
  {
   "type": "Feature",
   "geometry": {
    "type": "Point",
    "coordinates": [
     -83.204724,
     36.254772
    ]
   },
   "properties": {
    "id": "det-615508435be8",
    "name": null,
    "source": "detected",
    "status": "candidate",
    "confidence": 0.793,
    "hoops": null,
    "surface": null,
    "lit": null,
    "address": null,
    "region": "tennessee",
    "osm_id": null,
    "updated": "2026-10-08"
   }
  },
  {
   "type": "Feature",
   "geometry": {
    "type": "Point",
    "coordinates": [
     -84.937458,
     35.773422
    ]
   },
   "properties": {
    "id": "det-9a9ca6cd4fb5",
    "name": null,
    "source": "detected",
    "status": "candidate",
    "confidence": 0.791,
    "hoops": null,
    "surface": null,
    "lit": null,
    "address": null,
    "region": "tennessee",
    "osm_id": null,
    "updated": "2026-10-08"
   }
  },
  {
   "type": "Feature",
   "geometry": {
    "type": "Point",
    "coordinates": [
     -82.554329,
     36.547768
    ]
   },
   "properties": {
    "id": "det-02274ca919a1",
    "name": null,
    "source": "detected",
    "status": "candidate",
    "confidence": 0.791,
    "hoops": null,
    "surface": null,
    "lit": null,
    "address": null,
    "region": "tennessee",
    "osm_id": null,
    "updated": "2026-10-08"
   }
  },
  {
   "type": "Feature",
   "geometry": {
    "type": "Point",
    "coordinates": [
     -85.687329,
     35.519365
    ]
   },
   "properties": {
    "id": "det-786501585823",
    "name": null,
    "source": "detected",
    "status": "candidate",
    "confidence": 0.791,
    "hoops": null,
    "surface": null,
    "lit": null,
    "address": null,
    "region": "tennessee",
    "osm_id": null,
    "updated": "2026-10-08"
   }
  },
  {
   "type": "Feature",
   "geometry": {
    "type": "Point",
    "coordinates": [
     -89.934657,
     35.055563
    ]
   },
   "properties": {
    "id": "det-b63fa949982e",
    "name": null,
    "source": "detected",
    "status": "candidate",
    "confidence": 0.79,
    "hoops": null,
    "surface": null,
    "lit": null,
    "address": null,
    "region": "tennessee",
    "osm_id": null,
    "updated": "2026-10-08"
   }
  },
  {
   "type": "Feature",
   "geometry": {
    "type": "Point",
    "coordinates": [
     -89.668529,
     35.28512
    ]
   },
   "properties": {
    "id": "det-ffcdb773c419",
    "name": null,
    "source": "detected",
    "status": "candidate",
    "confidence": 0.79,
    "hoops": null,
    "surface": null,
    "lit": null,
    "address": null,
    "region": "tennessee",
    "osm_id": null,
    "updated": "2026-10-08"
   }
  },
  {
   "type": "Feature",
   "geometry": {
    "type": "Point",
    "coordinates": [
     -84.579159,
     35.918711
    ]
   },
   "properties": {
    "id": "det-af8373705d55",
    "name": null,
    "source": "detected",
    "status": "candidate",
    "confidence": 0.79,
    "hoops": null,
    "surface": null,
    "lit": null,
    "address": null,
    "region": "tennessee",
    "osm_id": null,
    "updated": "2026-10-08"
   }
  },
  {
   "type": "Feature",
   "geometry": {
    "type": "Point",
    "coordinates": [
     -83.754166,
     36.201166
    ]
   },
   "properties": {
    "id": "det-397a67db36f9",
    "name": null,
    "source": "detected",
    "status": "candidate",
    "confidence": 0.79,
    "hoops": null,
    "surface": null,
    "lit": null,
    "address": null,
    "region": "tennessee",
    "osm_id": null,
    "updated": "2026-10-08"
   }
  },
  {
   "type": "Feature",
   "geometry": {
    "type": "Point",
    "coordinates": [
     -82.657297,
     36.545861
    ]
   },
   "properties": {
    "id": "det-21ba6b5c72b1",
    "name": null,
    "source": "detected",
    "status": "candidate",
    "confidence": 0.79,
    "hoops": null,
    "surface": null,
    "lit": null,
    "address": null,
    "region": "tennessee",
    "osm_id": null,
    "updated": "2026-10-08"
   }
  },
  {
   "type": "Feature",
   "geometry": {
    "type": "Point",
    "coordinates": [
     -83.669155,
     35.933372
    ]
   },
   "properties": {
    "id": "det-eb7a05d93f89",
    "name": null,
    "source": "detected",
    "status": "candidate",
    "confidence": 0.79,
    "hoops": null,
    "surface": null,
    "lit": null,
    "address": null,
    "region": "tennessee",
    "osm_id": null,
    "updated": "2026-10-08"
   }
  },
  {
   "type": "Feature",
   "geometry": {
    "type": "Point",
    "coordinates": [
     -87.043892,
     35.184614
    ]
   },
   "properties": {
    "id": "det-33e3d20c0c43",
    "name": null,
    "source": "detected",
    "status": "candidate",
    "confidence": 0.789,
    "hoops": null,
    "surface": null,
    "lit": null,
    "address": null,
    "region": "tennessee",
    "osm_id": null,
    "updated": "2026-10-08"
   }
  },
  {
   "type": "Feature",
   "geometry": {
    "type": "Point",
    "coordinates": [
     -82.563906,
     36.558812
    ]
   },
   "properties": {
    "id": "det-39d9233903a7",
    "name": null,
    "source": "detected",
    "status": "candidate",
    "confidence": 0.788,
    "hoops": null,
    "surface": null,
    "lit": null,
    "address": null,
    "region": "tennessee",
    "osm_id": null,
    "updated": "2026-10-08"
   }
  },
  {
   "type": "Feature",
   "geometry": {
    "type": "Point",
    "coordinates": [
     -86.20021,
     35.366185
    ]
   },
   "properties": {
    "id": "det-ec4f4540fa49",
    "name": null,
    "source": "detected",
    "status": "candidate",
    "confidence": 0.788,
    "hoops": null,
    "surface": null,
    "lit": null,
    "address": null,
    "region": "tennessee",
    "osm_id": null,
    "updated": "2026-10-08"
   }
  },
  {
   "type": "Feature",
   "geometry": {
    "type": "Point",
    "coordinates": [
     -89.247639,
     35.546841
    ]
   },
   "properties": {
    "id": "det-bcaef9348c70",
    "name": null,
    "source": "detected",
    "status": "candidate",
    "confidence": 0.788,
    "hoops": null,
    "surface": null,
    "lit": null,
    "address": null,
    "region": "tennessee",
    "osm_id": null,
    "updated": "2026-10-08"
   }
  },
  {
   "type": "Feature",
   "geometry": {
    "type": "Point",
    "coordinates": [
     -85.765535,
     35.678503
    ]
   },
   "properties": {
    "id": "det-81d1a3d21c8d",
    "name": null,
    "source": "detected",
    "status": "candidate",
    "confidence": 0.788,
    "hoops": null,
    "surface": null,
    "lit": null,
    "address": null,
    "region": "tennessee",
    "osm_id": null,
    "updated": "2026-10-08"
   }
  },
  {
   "type": "Feature",
   "geometry": {
    "type": "Point",
    "coordinates": [
     -85.171742,
     36.217091
    ]
   },
   "properties": {
    "id": "det-53d65d5aca05",
    "name": null,
    "source": "detected",
    "status": "candidate",
    "confidence": 0.788,
    "hoops": null,
    "surface": null,
    "lit": null,
    "address": null,
    "region": "tennessee",
    "osm_id": null,
    "updated": "2026-10-08"
   }
  },
  {
   "type": "Feature",
   "geometry": {
    "type": "Point",
    "coordinates": [
     -83.220493,
     36.247415
    ]
   },
   "properties": {
    "id": "det-1d5aff54cf37",
    "name": null,
    "source": "detected",
    "status": "candidate",
    "confidence": 0.788,
    "hoops": null,
    "surface": null,
    "lit": null,
    "address": null,
    "region": "tennessee",
    "osm_id": null,
    "updated": "2026-10-08"
   }
  },
  {
   "type": "Feature",
   "geometry": {
    "type": "Point",
    "coordinates": [
     -84.048108,
     35.918333
    ]
   },
   "properties": {
    "id": "det-9810f48eed77",
    "name": null,
    "source": "detected",
    "status": "candidate",
    "confidence": 0.788,
    "hoops": null,
    "surface": null,
    "lit": null,
    "address": null,
    "region": "tennessee",
    "osm_id": null,
    "updated": "2026-10-08"
   }
  },
  {
   "type": "Feature",
   "geometry": {
    "type": "Point",
    "coordinates": [
     -82.539381,
     36.538701
    ]
   },
   "properties": {
    "id": "det-ee7b905a0af0",
    "name": null,
    "source": "detected",
    "status": "candidate",
    "confidence": 0.787,
    "hoops": null,
    "surface": null,
    "lit": null,
    "address": null,
    "region": "tennessee",
    "osm_id": null,
    "updated": "2026-10-08"
   }
  },
  {
   "type": "Feature",
   "geometry": {
    "type": "Point",
    "coordinates": [
     -85.918213,
     35.725771
    ]
   },
   "properties": {
    "id": "det-d9fcd0173ad4",
    "name": null,
    "source": "detected",
    "status": "candidate",
    "confidence": 0.787,
    "hoops": null,
    "surface": null,
    "lit": null,
    "address": null,
    "region": "tennessee",
    "osm_id": null,
    "updated": "2026-10-08"
   }
  },
  {
   "type": "Feature",
   "geometry": {
    "type": "Point",
    "coordinates": [
     -84.608097,
     35.459622
    ]
   },
   "properties": {
    "id": "det-ffe146922691",
    "name": null,
    "source": "detected",
    "status": "candidate",
    "confidence": 0.787,
    "hoops": null,
    "surface": null,
    "lit": null,
    "address": null,
    "region": "tennessee",
    "osm_id": null,
    "updated": "2026-10-08"
   }
  },
  {
   "type": "Feature",
   "geometry": {
    "type": "Point",
    "coordinates": [
     -84.294042,
     35.258841
    ]
   },
   "properties": {
    "id": "det-d861b16e1b1e",
    "name": null,
    "source": "detected",
    "status": "candidate",
    "confidence": 0.786,
    "hoops": null,
    "surface": null,
    "lit": null,
    "address": null,
    "region": "tennessee",
    "osm_id": null,
    "updated": "2026-10-08"
   }
  },
  {
   "type": "Feature",
   "geometry": {
    "type": "Point",
    "coordinates": [
     -82.520498,
     36.539244
    ]
   },
   "properties": {
    "id": "det-2b4adb31dd16",
    "name": null,
    "source": "detected",
    "status": "candidate",
    "confidence": 0.785,
    "hoops": null,
    "surface": null,
    "lit": null,
    "address": null,
    "region": "tennessee",
    "osm_id": null,
    "updated": "2026-10-08"
   }
  },
  {
   "type": "Feature",
   "geometry": {
    "type": "Point",
    "coordinates": [
     -84.227672,
     36.036431
    ]
   },
   "properties": {
    "id": "det-54ccfbfb4d51",
    "name": null,
    "source": "detected",
    "status": "candidate",
    "confidence": 0.785,
    "hoops": null,
    "surface": null,
    "lit": null,
    "address": null,
    "region": "tennessee",
    "osm_id": null,
    "updated": "2026-10-08"
   }
  },
  {
   "type": "Feature",
   "geometry": {
    "type": "Point",
    "coordinates": [
     -86.810444,
     36.434796
    ]
   },
   "properties": {
    "id": "det-d937a041c3fb",
    "name": null,
    "source": "detected",
    "status": "candidate",
    "confidence": 0.785,
    "hoops": null,
    "surface": null,
    "lit": null,
    "address": null,
    "region": "tennessee",
    "osm_id": null,
    "updated": "2026-10-08"
   }
  },
  {
   "type": "Feature",
   "geometry": {
    "type": "Point",
    "coordinates": [
     -82.576188,
     36.562613
    ]
   },
   "properties": {
    "id": "det-dd7062906347",
    "name": null,
    "source": "detected",
    "status": "candidate",
    "confidence": 0.784,
    "hoops": null,
    "surface": null,
    "lit": null,
    "address": null,
    "region": "tennessee",
    "osm_id": null,
    "updated": "2026-10-08"
   }
  },
  {
   "type": "Feature",
   "geometry": {
    "type": "Point",
    "coordinates": [
     -86.171965,
     36.393942
    ]
   },
   "properties": {
    "id": "det-8ac730e70828",
    "name": null,
    "source": "detected",
    "status": "candidate",
    "confidence": 0.784,
    "hoops": null,
    "surface": null,
    "lit": null,
    "address": null,
    "region": "tennessee",
    "osm_id": null,
    "updated": "2026-10-08"
   }
  },
  {
   "type": "Feature",
   "geometry": {
    "type": "Point",
    "coordinates": [
     -83.931386,
     35.949354
    ]
   },
   "properties": {
    "id": "det-0b03f0814154",
    "name": null,
    "source": "detected",
    "status": "candidate",
    "confidence": 0.784,
    "hoops": null,
    "surface": null,
    "lit": null,
    "address": null,
    "region": "tennessee",
    "osm_id": null,
    "updated": "2026-10-08"
   }
  },
  {
   "type": "Feature",
   "geometry": {
    "type": "Point",
    "coordinates": [
     -85.254411,
     35.113974
    ]
   },
   "properties": {
    "id": "det-8636b7ed2990",
    "name": null,
    "source": "detected",
    "status": "candidate",
    "confidence": 0.784,
    "hoops": null,
    "surface": null,
    "lit": null,
    "address": null,
    "region": "chattanooga",
    "osm_id": null,
    "updated": "2026-10-08"
   }
  },
  {
   "type": "Feature",
   "geometry": {
    "type": "Point",
    "coordinates": [
     -86.585329,
     36.398381
    ]
   },
   "properties": {
    "id": "det-f34a1970908e",
    "name": null,
    "source": "detected",
    "status": "candidate",
    "confidence": 0.784,
    "hoops": null,
    "surface": null,
    "lit": null,
    "address": null,
    "region": "tennessee",
    "osm_id": null,
    "updated": "2026-10-08"
   }
  },
  {
   "type": "Feature",
   "geometry": {
    "type": "Point",
    "coordinates": [
     -86.675064,
     36.194221
    ]
   },
   "properties": {
    "id": "det-f5fd14c7729c",
    "name": null,
    "source": "detected",
    "status": "candidate",
    "confidence": 0.784,
    "hoops": null,
    "surface": null,
    "lit": null,
    "address": null,
    "region": "tennessee",
    "osm_id": null,
    "updated": "2026-10-08"
   }
  },
  {
   "type": "Feature",
   "geometry": {
    "type": "Point",
    "coordinates": [
     -87.066728,
     36.275068
    ]
   },
   "properties": {
    "id": "det-dfaf412acb17",
    "name": null,
    "source": "detected",
    "status": "candidate",
    "confidence": 0.783,
    "hoops": null,
    "surface": null,
    "lit": null,
    "address": null,
    "region": "tennessee",
    "osm_id": null,
    "updated": "2026-10-08"
   }
  },
  {
   "type": "Feature",
   "geometry": {
    "type": "Point",
    "coordinates": [
     -89.39775,
     35.881509
    ]
   },
   "properties": {
    "id": "det-f38a71cb7bd7",
    "name": null,
    "source": "detected",
    "status": "candidate",
    "confidence": 0.782,
    "hoops": null,
    "surface": null,
    "lit": null,
    "address": null,
    "region": "tennessee",
    "osm_id": null,
    "updated": "2026-10-08"
   }
  },
  {
   "type": "Feature",
   "geometry": {
    "type": "Point",
    "coordinates": [
     -85.943072,
     36.143263
    ]
   },
   "properties": {
    "id": "det-3f84c5c34055",
    "name": null,
    "source": "detected",
    "status": "candidate",
    "confidence": 0.782,
    "hoops": null,
    "surface": null,
    "lit": null,
    "address": null,
    "region": "tennessee",
    "osm_id": null,
    "updated": "2026-10-08"
   }
  },
  {
   "type": "Feature",
   "geometry": {
    "type": "Point",
    "coordinates": [
     -83.722406,
     36.102244
    ]
   },
   "properties": {
    "id": "det-6988e75dfda3",
    "name": null,
    "source": "detected",
    "status": "candidate",
    "confidence": 0.782,
    "hoops": null,
    "surface": null,
    "lit": null,
    "address": null,
    "region": "tennessee",
    "osm_id": null,
    "updated": "2026-10-08"
   }
  },
  {
   "type": "Feature",
   "geometry": {
    "type": "Point",
    "coordinates": [
     -86.466127,
     35.491492
    ]
   },
   "properties": {
    "id": "det-935c7218f5ca",
    "name": null,
    "source": "detected",
    "status": "candidate",
    "confidence": 0.781,
    "hoops": null,
    "surface": null,
    "lit": null,
    "address": null,
    "region": "tennessee",
    "osm_id": null,
    "updated": "2026-10-08"
   }
  },
  {
   "type": "Feature",
   "geometry": {
    "type": "Point",
    "coordinates": [
     -86.016968,
     36.515245
    ]
   },
   "properties": {
    "id": "det-7cf8775bd46c",
    "name": null,
    "source": "detected",
    "status": "candidate",
    "confidence": 0.78,
    "hoops": null,
    "surface": null,
    "lit": null,
    "address": null,
    "region": "tennessee",
    "osm_id": null,
    "updated": "2026-10-08"
   }
  },
  {
   "type": "Feature",
   "geometry": {
    "type": "Point",
    "coordinates": [
     -83.828455,
     35.784892
    ]
   },
   "properties": {
    "id": "det-bbb0a45f28f2",
    "name": null,
    "source": "detected",
    "status": "candidate",
    "confidence": 0.78,
    "hoops": null,
    "surface": null,
    "lit": null,
    "address": null,
    "region": "tennessee",
    "osm_id": null,
    "updated": "2026-10-08"
   }
  },
  {
   "type": "Feature",
   "geometry": {
    "type": "Point",
    "coordinates": [
     -83.442029,
     35.880716
    ]
   },
   "properties": {
    "id": "det-370ba17100f2",
    "name": null,
    "source": "detected",
    "status": "candidate",
    "confidence": 0.779,
    "hoops": null,
    "surface": null,
    "lit": null,
    "address": null,
    "region": "tennessee",
    "osm_id": null,
    "updated": "2026-10-08"
   }
  },
  {
   "type": "Feature",
   "geometry": {
    "type": "Point",
    "coordinates": [
     -85.0866,
     35.454625
    ]
   },
   "properties": {
    "id": "det-97f16e0a520a",
    "name": null,
    "source": "detected",
    "status": "candidate",
    "confidence": 0.779,
    "hoops": null,
    "surface": null,
    "lit": null,
    "address": null,
    "region": "tennessee",
    "osm_id": null,
    "updated": "2026-10-08"
   }
  },
  {
   "type": "Feature",
   "geometry": {
    "type": "Point",
    "coordinates": [
     -82.331243,
     36.321622
    ]
   },
   "properties": {
    "id": "det-8e8d82ce7b49",
    "name": null,
    "source": "detected",
    "status": "candidate",
    "confidence": 0.779,
    "hoops": null,
    "surface": null,
    "lit": null,
    "address": null,
    "region": "tennessee",
    "osm_id": null,
    "updated": "2026-10-08"
   }
  },
  {
   "type": "Feature",
   "geometry": {
    "type": "Point",
    "coordinates": [
     -83.114118,
     36.475971
    ]
   },
   "properties": {
    "id": "det-32858f43bf78",
    "name": null,
    "source": "detected",
    "status": "candidate",
    "confidence": 0.779,
    "hoops": null,
    "surface": null,
    "lit": null,
    "address": null,
    "region": "tennessee",
    "osm_id": null,
    "updated": "2026-10-08"
   }
  },
  {
   "type": "Feature",
   "geometry": {
    "type": "Point",
    "coordinates": [
     -89.045989,
     36.427801
    ]
   },
   "properties": {
    "id": "det-8993a18255bb",
    "name": null,
    "source": "detected",
    "status": "candidate",
    "confidence": 0.778,
    "hoops": null,
    "surface": null,
    "lit": null,
    "address": null,
    "region": "tennessee",
    "osm_id": null,
    "updated": "2026-10-08"
   }
  },
  {
   "type": "Feature",
   "geometry": {
    "type": "Point",
    "coordinates": [
     -86.513281,
     36.568674
    ]
   },
   "properties": {
    "id": "det-d3e6be8f3955",
    "name": null,
    "source": "detected",
    "status": "candidate",
    "confidence": 0.778,
    "hoops": null,
    "surface": null,
    "lit": null,
    "address": null,
    "region": "tennessee",
    "osm_id": null,
    "updated": "2026-10-08"
   }
  },
  {
   "type": "Feature",
   "geometry": {
    "type": "Point",
    "coordinates": [
     -82.86964,
     36.068054
    ]
   },
   "properties": {
    "id": "det-657624a7a554",
    "name": null,
    "source": "detected",
    "status": "candidate",
    "confidence": 0.778,
    "hoops": null,
    "surface": null,
    "lit": null,
    "address": null,
    "region": "tennessee",
    "osm_id": null,
    "updated": "2026-10-08"
   }
  },
  {
   "type": "Feature",
   "geometry": {
    "type": "Point",
    "coordinates": [
     -83.61816,
     36.237397
    ]
   },
   "properties": {
    "id": "det-241eb5a2021b",
    "name": null,
    "source": "detected",
    "status": "candidate",
    "confidence": 0.778,
    "hoops": null,
    "surface": null,
    "lit": null,
    "address": null,
    "region": "tennessee",
    "osm_id": null,
    "updated": "2026-10-08"
   }
  },
  {
   "type": "Feature",
   "geometry": {
    "type": "Point",
    "coordinates": [
     -85.089438,
     35.116984
    ]
   },
   "properties": {
    "id": "det-6533178227a5",
    "name": null,
    "source": "detected",
    "status": "candidate",
    "confidence": 0.778,
    "hoops": null,
    "surface": null,
    "lit": null,
    "address": null,
    "region": "chattanooga",
    "osm_id": null,
    "updated": "2026-10-08"
   }
  },
  {
   "type": "Feature",
   "geometry": {
    "type": "Point",
    "coordinates": [
     -83.943939,
     35.976492
    ]
   },
   "properties": {
    "id": "det-32cf541ab624",
    "name": null,
    "source": "detected",
    "status": "candidate",
    "confidence": 0.777,
    "hoops": null,
    "surface": null,
    "lit": null,
    "address": null,
    "region": "tennessee",
    "osm_id": null,
    "updated": "2026-10-08"
   }
  },
  {
   "type": "Feature",
   "geometry": {
    "type": "Point",
    "coordinates": [
     -85.772612,
     35.684799
    ]
   },
   "properties": {
    "id": "det-5967ef7e32cc",
    "name": null,
    "source": "detected",
    "status": "candidate",
    "confidence": 0.776,
    "hoops": null,
    "surface": null,
    "lit": null,
    "address": null,
    "region": "tennessee",
    "osm_id": null,
    "updated": "2026-10-08"
   }
  },
  {
   "type": "Feature",
   "geometry": {
    "type": "Point",
    "coordinates": [
     -84.191441,
     35.615368
    ]
   },
   "properties": {
    "id": "det-9f691239889c",
    "name": null,
    "source": "detected",
    "status": "candidate",
    "confidence": 0.776,
    "hoops": null,
    "surface": null,
    "lit": null,
    "address": null,
    "region": "tennessee",
    "osm_id": null,
    "updated": "2026-10-08"
   }
  },
  {
   "type": "Feature",
   "geometry": {
    "type": "Point",
    "coordinates": [
     -84.23521,
     36.116492
    ]
   },
   "properties": {
    "id": "det-e34c81a8b892",
    "name": null,
    "source": "detected",
    "status": "candidate",
    "confidence": 0.776,
    "hoops": null,
    "surface": null,
    "lit": null,
    "address": null,
    "region": "tennessee",
    "osm_id": null,
    "updated": "2026-10-08"
   }
  },
  {
   "type": "Feature",
   "geometry": {
    "type": "Point",
    "coordinates": [
     -86.859196,
     36.52313
    ]
   },
   "properties": {
    "id": "det-afd45c202848",
    "name": null,
    "source": "detected",
    "status": "candidate",
    "confidence": 0.775,
    "hoops": null,
    "surface": null,
    "lit": null,
    "address": null,
    "region": "tennessee",
    "osm_id": null,
    "updated": "2026-10-08"
   }
  },
  {
   "type": "Feature",
   "geometry": {
    "type": "Point",
    "coordinates": [
     -84.585866,
     35.450937
    ]
   },
   "properties": {
    "id": "det-7f27e50bb517",
    "name": null,
    "source": "detected",
    "status": "candidate",
    "confidence": 0.775,
    "hoops": null,
    "surface": null,
    "lit": null,
    "address": null,
    "region": "tennessee",
    "osm_id": null,
    "updated": "2026-10-08"
   }
  },
  {
   "type": "Feature",
   "geometry": {
    "type": "Point",
    "coordinates": [
     -84.094753,
     35.851985
    ]
   },
   "properties": {
    "id": "det-813437a6625e",
    "name": null,
    "source": "detected",
    "status": "candidate",
    "confidence": 0.774,
    "hoops": null,
    "surface": null,
    "lit": null,
    "address": null,
    "region": "tennessee",
    "osm_id": null,
    "updated": "2026-10-08"
   }
  },
  {
   "type": "Feature",
   "geometry": {
    "type": "Point",
    "coordinates": [
     -88.231011,
     35.217562
    ]
   },
   "properties": {
    "id": "det-b5da9517f8bb",
    "name": null,
    "source": "detected",
    "status": "candidate",
    "confidence": 0.774,
    "hoops": null,
    "surface": null,
    "lit": null,
    "address": null,
    "region": "tennessee",
    "osm_id": null,
    "updated": "2026-10-08"
   }
  },
  {
   "type": "Feature",
   "geometry": {
    "type": "Point",
    "coordinates": [
     -83.948354,
     35.762596
    ]
   },
   "properties": {
    "id": "det-d96d3061bfab",
    "name": null,
    "source": "detected",
    "status": "candidate",
    "confidence": 0.774,
    "hoops": null,
    "surface": null,
    "lit": null,
    "address": null,
    "region": "tennessee",
    "osm_id": null,
    "updated": "2026-10-08"
   }
  },
  {
   "type": "Feature",
   "geometry": {
    "type": "Point",
    "coordinates": [
     -85.389557,
     35.379181
    ]
   },
   "properties": {
    "id": "det-b67f63a12e76",
    "name": null,
    "source": "detected",
    "status": "candidate",
    "confidence": 0.773,
    "hoops": null,
    "surface": null,
    "lit": null,
    "address": null,
    "region": "tennessee",
    "osm_id": null,
    "updated": "2026-10-08"
   }
  },
  {
   "type": "Feature",
   "geometry": {
    "type": "Point",
    "coordinates": [
     -86.820977,
     36.172887
    ]
   },
   "properties": {
    "id": "det-d5439a918ba6",
    "name": null,
    "source": "detected",
    "status": "candidate",
    "confidence": 0.773,
    "hoops": null,
    "surface": null,
    "lit": null,
    "address": null,
    "region": "tennessee",
    "osm_id": null,
    "updated": "2026-10-08"
   }
  },
  {
   "type": "Feature",
   "geometry": {
    "type": "Point",
    "coordinates": [
     -84.075485,
     35.987178
    ]
   },
   "properties": {
    "id": "det-ce7444c75861",
    "name": null,
    "source": "detected",
    "status": "candidate",
    "confidence": 0.773,
    "hoops": null,
    "surface": null,
    "lit": null,
    "address": null,
    "region": "tennessee",
    "osm_id": null,
    "updated": "2026-10-08"
   }
  },
  {
   "type": "Feature",
   "geometry": {
    "type": "Point",
    "coordinates": [
     -86.349164,
     35.814265
    ]
   },
   "properties": {
    "id": "det-838371309a6c",
    "name": null,
    "source": "detected",
    "status": "candidate",
    "confidence": 0.772,
    "hoops": null,
    "surface": null,
    "lit": null,
    "address": null,
    "region": "tennessee",
    "osm_id": null,
    "updated": "2026-10-08"
   }
  },
  {
   "type": "Feature",
   "geometry": {
    "type": "Point",
    "coordinates": [
     -82.717715,
     36.340149
    ]
   },
   "properties": {
    "id": "det-8a8274e037fc",
    "name": null,
    "source": "detected",
    "status": "candidate",
    "confidence": 0.772,
    "hoops": null,
    "surface": null,
    "lit": null,
    "address": null,
    "region": "tennessee",
    "osm_id": null,
    "updated": "2026-10-08"
   }
  },
  {
   "type": "Feature",
   "geometry": {
    "type": "Point",
    "coordinates": [
     -89.95061,
     35.179559
    ]
   },
   "properties": {
    "id": "det-c6ffe4976f94",
    "name": null,
    "source": "detected",
    "status": "candidate",
    "confidence": 0.772,
    "hoops": null,
    "surface": null,
    "lit": null,
    "address": null,
    "region": "tennessee",
    "osm_id": null,
    "updated": "2026-10-08"
   }
  },
  {
   "type": "Feature",
   "geometry": {
    "type": "Point",
    "coordinates": [
     -89.8031,
     35.452194
    ]
   },
   "properties": {
    "id": "det-cdbb34272f50",
    "name": null,
    "source": "detected",
    "status": "candidate",
    "confidence": 0.772,
    "hoops": null,
    "surface": null,
    "lit": null,
    "address": null,
    "region": "tennessee",
    "osm_id": null,
    "updated": "2026-10-08"
   }
  },
  {
   "type": "Feature",
   "geometry": {
    "type": "Point",
    "coordinates": [
     -86.823284,
     36.171713
    ]
   },
   "properties": {
    "id": "det-ee7668088c67",
    "name": null,
    "source": "detected",
    "status": "candidate",
    "confidence": 0.771,
    "hoops": null,
    "surface": null,
    "lit": null,
    "address": null,
    "region": "tennessee",
    "osm_id": null,
    "updated": "2026-10-08"
   }
  },
  {
   "type": "Feature",
   "geometry": {
    "type": "Point",
    "coordinates": [
     -85.993796,
     36.005673
    ]
   },
   "properties": {
    "id": "det-28e2d5b3e4a0",
    "name": null,
    "source": "detected",
    "status": "candidate",
    "confidence": 0.771,
    "hoops": null,
    "surface": null,
    "lit": null,
    "address": null,
    "region": "tennessee",
    "osm_id": null,
    "updated": "2026-10-08"
   }
  },
  {
   "type": "Feature",
   "geometry": {
    "type": "Point",
    "coordinates": [
     -89.235451,
     35.893453
    ]
   },
   "properties": {
    "id": "det-ca952132bab1",
    "name": null,
    "source": "detected",
    "status": "candidate",
    "confidence": 0.771,
    "hoops": null,
    "surface": null,
    "lit": null,
    "address": null,
    "region": "tennessee",
    "osm_id": null,
    "updated": "2026-10-08"
   }
  },
  {
   "type": "Feature",
   "geometry": {
    "type": "Point",
    "coordinates": [
     -85.471012,
     35.909024
    ]
   },
   "properties": {
    "id": "det-f04e39571eb2",
    "name": null,
    "source": "detected",
    "status": "candidate",
    "confidence": 0.77,
    "hoops": null,
    "surface": null,
    "lit": null,
    "address": null,
    "region": "tennessee",
    "osm_id": null,
    "updated": "2026-10-08"
   }
  },
  {
   "type": "Feature",
   "geometry": {
    "type": "Point",
    "coordinates": [
     -84.26744,
     35.801336
    ]
   },
   "properties": {
    "id": "det-30b41e33f98d",
    "name": null,
    "source": "detected",
    "status": "candidate",
    "confidence": 0.77,
    "hoops": null,
    "surface": null,
    "lit": null,
    "address": null,
    "region": "tennessee",
    "osm_id": null,
    "updated": "2026-10-08"
   }
  },
  {
   "type": "Feature",
   "geometry": {
    "type": "Point",
    "coordinates": [
     -84.821152,
     35.162501
    ]
   },
   "properties": {
    "id": "det-23f12d1fd54f",
    "name": null,
    "source": "detected",
    "status": "candidate",
    "confidence": 0.77,
    "hoops": null,
    "surface": null,
    "lit": null,
    "address": null,
    "region": "tennessee",
    "osm_id": null,
    "updated": "2026-10-08"
   }
  },
  {
   "type": "Feature",
   "geometry": {
    "type": "Point",
    "coordinates": [
     -84.456486,
     36.067526
    ]
   },
   "properties": {
    "id": "det-634a269816d8",
    "name": null,
    "source": "detected",
    "status": "candidate",
    "confidence": 0.77,
    "hoops": null,
    "surface": null,
    "lit": null,
    "address": null,
    "region": "tennessee",
    "osm_id": null,
    "updated": "2026-10-08"
   }
  },
  {
   "type": "Feature",
   "geometry": {
    "type": "Point",
    "coordinates": [
     -84.3262,
     36.030866
    ]
   },
   "properties": {
    "id": "det-506d5b984700",
    "name": null,
    "source": "detected",
    "status": "candidate",
    "confidence": 0.77,
    "hoops": null,
    "surface": null,
    "lit": null,
    "address": null,
    "region": "tennessee",
    "osm_id": null,
    "updated": "2026-10-08"
   }
  },
  {
   "type": "Feature",
   "geometry": {
    "type": "Point",
    "coordinates": [
     -84.347082,
     36.008409
    ]
   },
   "properties": {
    "id": "det-a2d5588a0ebb",
    "name": null,
    "source": "detected",
    "status": "candidate",
    "confidence": 0.769,
    "hoops": null,
    "surface": null,
    "lit": null,
    "address": null,
    "region": "tennessee",
    "osm_id": null,
    "updated": "2026-10-08"
   }
  },
  {
   "type": "Feature",
   "geometry": {
    "type": "Point",
    "coordinates": [
     -82.092931,
     36.407761
    ]
   },
   "properties": {
    "id": "det-56df9bbceecc",
    "name": null,
    "source": "detected",
    "status": "candidate",
    "confidence": 0.769,
    "hoops": null,
    "surface": null,
    "lit": null,
    "address": null,
    "region": "tennessee",
    "osm_id": null,
    "updated": "2026-10-08"
   }
  },
  {
   "type": "Feature",
   "geometry": {
    "type": "Point",
    "coordinates": [
     -87.024304,
     35.210463
    ]
   },
   "properties": {
    "id": "det-c29261a7fd35",
    "name": null,
    "source": "detected",
    "status": "candidate",
    "confidence": 0.769,
    "hoops": null,
    "surface": null,
    "lit": null,
    "address": null,
    "region": "tennessee",
    "osm_id": null,
    "updated": "2026-10-08"
   }
  },
  {
   "type": "Feature",
   "geometry": {
    "type": "Point",
    "coordinates": [
     -88.399968,
     35.649554
    ]
   },
   "properties": {
    "id": "det-2ffd79bd1ae9",
    "name": null,
    "source": "detected",
    "status": "candidate",
    "confidence": 0.769,
    "hoops": null,
    "surface": null,
    "lit": null,
    "address": null,
    "region": "tennessee",
    "osm_id": null,
    "updated": "2026-10-08"
   }
  },
  {
   "type": "Feature",
   "geometry": {
    "type": "Point",
    "coordinates": [
     -85.424349,
     35.857056
    ]
   },
   "properties": {
    "id": "det-7b95bbcccf5c",
    "name": null,
    "source": "detected",
    "status": "candidate",
    "confidence": 0.769,
    "hoops": null,
    "surface": null,
    "lit": null,
    "address": null,
    "region": "tennessee",
    "osm_id": null,
    "updated": "2026-10-08"
   }
  },
  {
   "type": "Feature",
   "geometry": {
    "type": "Point",
    "coordinates": [
     -89.657459,
     35.299339
    ]
   },
   "properties": {
    "id": "det-60546686ca6f",
    "name": null,
    "source": "detected",
    "status": "candidate",
    "confidence": 0.768,
    "hoops": null,
    "surface": null,
    "lit": null,
    "address": null,
    "region": "tennessee",
    "osm_id": null,
    "updated": "2026-10-08"
   }
  },
  {
   "type": "Feature",
   "geometry": {
    "type": "Point",
    "coordinates": [
     -86.419344,
     36.110635
    ]
   },
   "properties": {
    "id": "det-2773ea7d2c05",
    "name": null,
    "source": "detected",
    "status": "candidate",
    "confidence": 0.768,
    "hoops": null,
    "surface": null,
    "lit": null,
    "address": null,
    "region": "tennessee",
    "osm_id": null,
    "updated": "2026-10-08"
   }
  },
  {
   "type": "Feature",
   "geometry": {
    "type": "Point",
    "coordinates": [
     -87.458928,
     36.627643
    ]
   },
   "properties": {
    "id": "det-6e3503cdf36e",
    "name": null,
    "source": "detected",
    "status": "candidate",
    "confidence": 0.768,
    "hoops": null,
    "surface": null,
    "lit": null,
    "address": null,
    "region": "tennessee",
    "osm_id": null,
    "updated": "2026-10-08"
   }
  },
  {
   "type": "Feature",
   "geometry": {
    "type": "Point",
    "coordinates": [
     -82.529503,
     36.52713
    ]
   },
   "properties": {
    "id": "det-67d77dfe8dec",
    "name": null,
    "source": "detected",
    "status": "candidate",
    "confidence": 0.768,
    "hoops": null,
    "surface": null,
    "lit": null,
    "address": null,
    "region": "tennessee",
    "osm_id": null,
    "updated": "2026-10-08"
   }
  },
  {
   "type": "Feature",
   "geometry": {
    "type": "Point",
    "coordinates": [
     -86.535904,
     36.235138
    ]
   },
   "properties": {
    "id": "det-b69bbc57dae2",
    "name": null,
    "source": "detected",
    "status": "candidate",
    "confidence": 0.768,
    "hoops": null,
    "surface": null,
    "lit": null,
    "address": null,
    "region": "tennessee",
    "osm_id": null,
    "updated": "2026-10-08"
   }
  },
  {
   "type": "Feature",
   "geometry": {
    "type": "Point",
    "coordinates": [
     -87.442992,
     36.628069
    ]
   },
   "properties": {
    "id": "det-660db7a325c9",
    "name": null,
    "source": "detected",
    "status": "candidate",
    "confidence": 0.768,
    "hoops": null,
    "surface": null,
    "lit": null,
    "address": null,
    "region": "tennessee",
    "osm_id": null,
    "updated": "2026-10-08"
   }
  },
  {
   "type": "Feature",
   "geometry": {
    "type": "Point",
    "coordinates": [
     -85.333165,
     36.382339
    ]
   },
   "properties": {
    "id": "det-0fc1d1d2479b",
    "name": null,
    "source": "detected",
    "status": "candidate",
    "confidence": 0.768,
    "hoops": null,
    "surface": null,
    "lit": null,
    "address": null,
    "region": "tennessee",
    "osm_id": null,
    "updated": "2026-10-08"
   }
  },
  {
   "type": "Feature",
   "geometry": {
    "type": "Point",
    "coordinates": [
     -85.023399,
     35.495346
    ]
   },
   "properties": {
    "id": "det-a851c7ec4031",
    "name": null,
    "source": "detected",
    "status": "candidate",
    "confidence": 0.768,
    "hoops": null,
    "surface": null,
    "lit": null,
    "address": null,
    "region": "tennessee",
    "osm_id": null,
    "updated": "2026-10-08"
   }
  },
  {
   "type": "Feature",
   "geometry": {
    "type": "Point",
    "coordinates": [
     -85.243415,
     35.055862
    ]
   },
   "properties": {
    "id": "det-bd4ff6fa7ab8",
    "name": null,
    "source": "detected",
    "status": "candidate",
    "confidence": 0.768,
    "hoops": null,
    "surface": null,
    "lit": null,
    "address": null,
    "region": "chattanooga",
    "osm_id": null,
    "updated": "2026-10-08"
   }
  },
  {
   "type": "Feature",
   "geometry": {
    "type": "Point",
    "coordinates": [
     -86.562371,
     35.98574
    ]
   },
   "properties": {
    "id": "det-814b5707a859",
    "name": null,
    "source": "detected",
    "status": "candidate",
    "confidence": 0.767,
    "hoops": null,
    "surface": null,
    "lit": null,
    "address": null,
    "region": "tennessee",
    "osm_id": null,
    "updated": "2026-10-08"
   }
  },
  {
   "type": "Feature",
   "geometry": {
    "type": "Point",
    "coordinates": [
     -83.590105,
     36.091046
    ]
   },
   "properties": {
    "id": "det-fb787aaa535d",
    "name": null,
    "source": "detected",
    "status": "candidate",
    "confidence": 0.767,
    "hoops": null,
    "surface": null,
    "lit": null,
    "address": null,
    "region": "tennessee",
    "osm_id": null,
    "updated": "2026-10-08"
   }
  },
  {
   "type": "Feature",
   "geometry": {
    "type": "Point",
    "coordinates": [
     -89.788254,
     35.419515
    ]
   },
   "properties": {
    "id": "det-6e9ade82ba63",
    "name": null,
    "source": "detected",
    "status": "candidate",
    "confidence": 0.766,
    "hoops": null,
    "surface": null,
    "lit": null,
    "address": null,
    "region": "tennessee",
    "osm_id": null,
    "updated": "2026-10-08"
   }
  },
  {
   "type": "Feature",
   "geometry": {
    "type": "Point",
    "coordinates": [
     -86.804247,
     35.987619
    ]
   },
   "properties": {
    "id": "det-9e2c6da1603f",
    "name": null,
    "source": "detected",
    "status": "candidate",
    "confidence": 0.766,
    "hoops": null,
    "surface": null,
    "lit": null,
    "address": null,
    "region": "tennessee",
    "osm_id": null,
    "updated": "2026-10-08"
   }
  },
  {
   "type": "Feature",
   "geometry": {
    "type": "Point",
    "coordinates": [
     -84.685284,
     35.874796
    ]
   },
   "properties": {
    "id": "det-9833890ac6a7",
    "name": null,
    "source": "detected",
    "status": "candidate",
    "confidence": 0.766,
    "hoops": null,
    "surface": null,
    "lit": null,
    "address": null,
    "region": "tennessee",
    "osm_id": null,
    "updated": "2026-10-08"
   }
  },
  {
   "type": "Feature",
   "geometry": {
    "type": "Point",
    "coordinates": [
     -84.036707,
     36.196603
    ]
   },
   "properties": {
    "id": "det-d1669e13aa0a",
    "name": null,
    "source": "detected",
    "status": "candidate",
    "confidence": 0.766,
    "hoops": null,
    "surface": null,
    "lit": null,
    "address": null,
    "region": "tennessee",
    "osm_id": null,
    "updated": "2026-10-08"
   }
  },
  {
   "type": "Feature",
   "geometry": {
    "type": "Point",
    "coordinates": [
     -86.311947,
     36.48067
    ]
   },
   "properties": {
    "id": "det-aac1f0dc8f9c",
    "name": null,
    "source": "detected",
    "status": "candidate",
    "confidence": 0.765,
    "hoops": null,
    "surface": null,
    "lit": null,
    "address": null,
    "region": "tennessee",
    "osm_id": null,
    "updated": "2026-10-08"
   }
  },
  {
   "type": "Feature",
   "geometry": {
    "type": "Point",
    "coordinates": [
     -83.525853,
     36.425506
    ]
   },
   "properties": {
    "id": "det-137dc8473f1d",
    "name": null,
    "source": "detected",
    "status": "candidate",
    "confidence": 0.765,
    "hoops": null,
    "surface": null,
    "lit": null,
    "address": null,
    "region": "tennessee",
    "osm_id": null,
    "updated": "2026-10-08"
   }
  },
  {
   "type": "Feature",
   "geometry": {
    "type": "Point",
    "coordinates": [
     -83.283118,
     36.213285
    ]
   },
   "properties": {
    "id": "det-7e119432130a",
    "name": null,
    "source": "detected",
    "status": "candidate",
    "confidence": 0.765,
    "hoops": null,
    "surface": null,
    "lit": null,
    "address": null,
    "region": "tennessee",
    "osm_id": null,
    "updated": "2026-10-08"
   }
  },
  {
   "type": "Feature",
   "geometry": {
    "type": "Point",
    "coordinates": [
     -85.991803,
     36.287056
    ]
   },
   "properties": {
    "id": "det-9c1895e1e8be",
    "name": null,
    "source": "detected",
    "status": "candidate",
    "confidence": 0.764,
    "hoops": null,
    "surface": null,
    "lit": null,
    "address": null,
    "region": "tennessee",
    "osm_id": null,
    "updated": "2026-10-08"
   }
  },
  {
   "type": "Feature",
   "geometry": {
    "type": "Point",
    "coordinates": [
     -85.31197,
     36.386605
    ]
   },
   "properties": {
    "id": "det-8adca12ee358",
    "name": null,
    "source": "detected",
    "status": "candidate",
    "confidence": 0.764,
    "hoops": null,
    "surface": null,
    "lit": null,
    "address": null,
    "region": "tennessee",
    "osm_id": null,
    "updated": "2026-10-08"
   }
  },
  {
   "type": "Feature",
   "geometry": {
    "type": "Point",
    "coordinates": [
     -83.953244,
     35.86015
    ]
   },
   "properties": {
    "id": "det-9f3b6d6c9e5f",
    "name": null,
    "source": "detected",
    "status": "candidate",
    "confidence": 0.764,
    "hoops": null,
    "surface": null,
    "lit": null,
    "address": null,
    "region": "tennessee",
    "osm_id": null,
    "updated": "2026-10-08"
   }
  },
  {
   "type": "Feature",
   "geometry": {
    "type": "Point",
    "coordinates": [
     -82.055511,
     36.191905
    ]
   },
   "properties": {
    "id": "det-a49b4cddd728",
    "name": null,
    "source": "detected",
    "status": "candidate",
    "confidence": 0.764,
    "hoops": null,
    "surface": null,
    "lit": null,
    "address": null,
    "region": "tennessee",
    "osm_id": null,
    "updated": "2026-10-08"
   }
  },
  {
   "type": "Feature",
   "geometry": {
    "type": "Point",
    "coordinates": [
     -87.348033,
     35.258606
    ]
   },
   "properties": {
    "id": "det-cf02a5c54db3",
    "name": null,
    "source": "detected",
    "status": "candidate",
    "confidence": 0.763,
    "hoops": null,
    "surface": null,
    "lit": null,
    "address": null,
    "region": "tennessee",
    "osm_id": null,
    "updated": "2026-10-08"
   }
  },
  {
   "type": "Feature",
   "geometry": {
    "type": "Point",
    "coordinates": [
     -90.041828,
     35.005171
    ]
   },
   "properties": {
    "id": "det-6a20fcdc9cdd",
    "name": null,
    "source": "detected",
    "status": "candidate",
    "confidence": 0.763,
    "hoops": null,
    "surface": null,
    "lit": null,
    "address": null,
    "region": "tennessee",
    "osm_id": null,
    "updated": "2026-10-08"
   }
  },
  {
   "type": "Feature",
   "geometry": {
    "type": "Point",
    "coordinates": [
     -83.900356,
     35.954336
    ]
   },
   "properties": {
    "id": "det-f8b23bbae7b3",
    "name": null,
    "source": "detected",
    "status": "candidate",
    "confidence": 0.763,
    "hoops": null,
    "surface": null,
    "lit": null,
    "address": null,
    "region": "tennessee",
    "osm_id": null,
    "updated": "2026-10-08"
   }
  },
  {
   "type": "Feature",
   "geometry": {
    "type": "Point",
    "coordinates": [
     -83.388396,
     36.178325
    ]
   },
   "properties": {
    "id": "det-ec3df3edc6a5",
    "name": null,
    "source": "detected",
    "status": "candidate",
    "confidence": 0.763,
    "hoops": null,
    "surface": null,
    "lit": null,
    "address": null,
    "region": "tennessee",
    "osm_id": null,
    "updated": "2026-10-08"
   }
  },
  {
   "type": "Feature",
   "geometry": {
    "type": "Point",
    "coordinates": [
     -84.867536,
     35.426531
    ]
   },
   "properties": {
    "id": "det-a8ea7b74291e",
    "name": null,
    "source": "detected",
    "status": "candidate",
    "confidence": 0.763,
    "hoops": null,
    "surface": null,
    "lit": null,
    "address": null,
    "region": "tennessee",
    "osm_id": null,
    "updated": "2026-10-08"
   }
  },
  {
   "type": "Feature",
   "geometry": {
    "type": "Point",
    "coordinates": [
     -89.976719,
     35.079334
    ]
   },
   "properties": {
    "id": "det-0ebefcc7b46b",
    "name": null,
    "source": "detected",
    "status": "candidate",
    "confidence": 0.762,
    "hoops": null,
    "surface": null,
    "lit": null,
    "address": null,
    "region": "tennessee",
    "osm_id": null,
    "updated": "2026-10-08"
   }
  },
  {
   "type": "Feature",
   "geometry": {
    "type": "Point",
    "coordinates": [
     -90.072742,
     35.008831
    ]
   },
   "properties": {
    "id": "det-cb89ae5b52da",
    "name": null,
    "source": "detected",
    "status": "candidate",
    "confidence": 0.762,
    "hoops": null,
    "surface": null,
    "lit": null,
    "address": null,
    "region": "tennessee",
    "osm_id": null,
    "updated": "2026-10-08"
   }
  },
  {
   "type": "Feature",
   "geometry": {
    "type": "Point",
    "coordinates": [
     -86.688569,
     36.218336
    ]
   },
   "properties": {
    "id": "det-9db5576dbecd",
    "name": null,
    "source": "detected",
    "status": "candidate",
    "confidence": 0.761,
    "hoops": null,
    "surface": null,
    "lit": null,
    "address": null,
    "region": "tennessee",
    "osm_id": null,
    "updated": "2026-10-08"
   }
  },
  {
   "type": "Feature",
   "geometry": {
    "type": "Point",
    "coordinates": [
     -86.621869,
     36.063194
    ]
   },
   "properties": {
    "id": "det-bc1c3b234bd5",
    "name": null,
    "source": "detected",
    "status": "candidate",
    "confidence": 0.761,
    "hoops": null,
    "surface": null,
    "lit": null,
    "address": null,
    "region": "tennessee",
    "osm_id": null,
    "updated": "2026-10-08"
   }
  },
  {
   "type": "Feature",
   "geometry": {
    "type": "Point",
    "coordinates": [
     -90.068029,
     35.095326
    ]
   },
   "properties": {
    "id": "det-be8a032637b2",
    "name": null,
    "source": "detected",
    "status": "candidate",
    "confidence": 0.761,
    "hoops": null,
    "surface": null,
    "lit": null,
    "address": null,
    "region": "tennessee",
    "osm_id": null,
    "updated": "2026-10-08"
   }
  },
  {
   "type": "Feature",
   "geometry": {
    "type": "Point",
    "coordinates": [
     -84.084116,
     35.882064
    ]
   },
   "properties": {
    "id": "det-93e695c6112f",
    "name": null,
    "source": "detected",
    "status": "candidate",
    "confidence": 0.761,
    "hoops": null,
    "surface": null,
    "lit": null,
    "address": null,
    "region": "tennessee",
    "osm_id": null,
    "updated": "2026-10-08"
   }
  },
  {
   "type": "Feature",
   "geometry": {
    "type": "Point",
    "coordinates": [
     -87.291525,
     35.192749
    ]
   },
   "properties": {
    "id": "det-30ed40e68249",
    "name": null,
    "source": "detected",
    "status": "candidate",
    "confidence": 0.76,
    "hoops": null,
    "surface": null,
    "lit": null,
    "address": null,
    "region": "tennessee",
    "osm_id": null,
    "updated": "2026-10-08"
   }
  },
  {
   "type": "Feature",
   "geometry": {
    "type": "Point",
    "coordinates": [
     -89.900372,
     35.363182
    ]
   },
   "properties": {
    "id": "det-c782f2ed1938",
    "name": null,
    "source": "detected",
    "status": "candidate",
    "confidence": 0.76,
    "hoops": null,
    "surface": null,
    "lit": null,
    "address": null,
    "region": "tennessee",
    "osm_id": null,
    "updated": "2026-10-08"
   }
  },
  {
   "type": "Feature",
   "geometry": {
    "type": "Point",
    "coordinates": [
     -86.094018,
     35.471296
    ]
   },
   "properties": {
    "id": "det-a8f0f5deb70e",
    "name": null,
    "source": "detected",
    "status": "candidate",
    "confidence": 0.759,
    "hoops": null,
    "surface": null,
    "lit": null,
    "address": null,
    "region": "tennessee",
    "osm_id": null,
    "updated": "2026-10-08"
   }
  },
  {
   "type": "Feature",
   "geometry": {
    "type": "Point",
    "coordinates": [
     -89.668042,
     35.28101
    ]
   },
   "properties": {
    "id": "det-078a65a28f32",
    "name": null,
    "source": "detected",
    "status": "candidate",
    "confidence": 0.759,
    "hoops": null,
    "surface": null,
    "lit": null,
    "address": null,
    "region": "tennessee",
    "osm_id": null,
    "updated": "2026-10-08"
   }
  },
  {
   "type": "Feature",
   "geometry": {
    "type": "Point",
    "coordinates": [
     -82.942876,
     36.475014
    ]
   },
   "properties": {
    "id": "det-8bce5a4cfdd5",
    "name": null,
    "source": "detected",
    "status": "candidate",
    "confidence": 0.759,
    "hoops": null,
    "surface": null,
    "lit": null,
    "address": null,
    "region": "tennessee",
    "osm_id": null,
    "updated": "2026-10-08"
   }
  },
  {
   "type": "Feature",
   "geometry": {
    "type": "Point",
    "coordinates": [
     -86.81594,
     36.174553
    ]
   },
   "properties": {
    "id": "det-44f97f892211",
    "name": null,
    "source": "detected",
    "status": "candidate",
    "confidence": 0.759,
    "hoops": null,
    "surface": null,
    "lit": null,
    "address": null,
    "region": "tennessee",
    "osm_id": null,
    "updated": "2026-10-08"
   }
  },
  {
   "type": "Feature",
   "geometry": {
    "type": "Point",
    "coordinates": [
     -86.738897,
     36.12825
    ]
   },
   "properties": {
    "id": "det-3d382f5d4d78",
    "name": null,
    "source": "detected",
    "status": "candidate",
    "confidence": 0.759,
    "hoops": null,
    "surface": null,
    "lit": null,
    "address": null,
    "region": "tennessee",
    "osm_id": null,
    "updated": "2026-10-08"
   }
  },
  {
   "type": "Feature",
   "geometry": {
    "type": "Point",
    "coordinates": [
     -83.194761,
     35.953751
    ]
   },
   "properties": {
    "id": "det-6be0b5accda4",
    "name": null,
    "source": "detected",
    "status": "candidate",
    "confidence": 0.759,
    "hoops": null,
    "surface": null,
    "lit": null,
    "address": null,
    "region": "tennessee",
    "osm_id": null,
    "updated": "2026-10-08"
   }
  },
  {
   "type": "Feature",
   "geometry": {
    "type": "Point",
    "coordinates": [
     -82.386383,
     36.384151
    ]
   },
   "properties": {
    "id": "det-88dd9a9a837f",
    "name": null,
    "source": "detected",
    "status": "candidate",
    "confidence": 0.759,
    "hoops": null,
    "surface": null,
    "lit": null,
    "address": null,
    "region": "tennessee",
    "osm_id": null,
    "updated": "2026-10-08"
   }
  },
  {
   "type": "Feature",
   "geometry": {
    "type": "Point",
    "coordinates": [
     -86.607375,
     36.252201
    ]
   },
   "properties": {
    "id": "det-3cef726b40af",
    "name": null,
    "source": "detected",
    "status": "candidate",
    "confidence": 0.759,
    "hoops": null,
    "surface": null,
    "lit": null,
    "address": null,
    "region": "tennessee",
    "osm_id": null,
    "updated": "2026-10-08"
   }
  },
  {
   "type": "Feature",
   "geometry": {
    "type": "Point",
    "coordinates": [
     -87.790909,
     36.092978
    ]
   },
   "properties": {
    "id": "det-098b4a5d4856",
    "name": null,
    "source": "detected",
    "status": "candidate",
    "confidence": 0.759,
    "hoops": null,
    "surface": null,
    "lit": null,
    "address": null,
    "region": "tennessee",
    "osm_id": null,
    "updated": "2026-10-08"
   }
  },
  {
   "type": "Feature",
   "geometry": {
    "type": "Point",
    "coordinates": [
     -84.756197,
     35.569974
    ]
   },
   "properties": {
    "id": "det-d42cea10271f",
    "name": null,
    "source": "detected",
    "status": "candidate",
    "confidence": 0.759,
    "hoops": null,
    "surface": null,
    "lit": null,
    "address": null,
    "region": "tennessee",
    "osm_id": null,
    "updated": "2026-10-08"
   }
  },
  {
   "type": "Feature",
   "geometry": {
    "type": "Point",
    "coordinates": [
     -83.903313,
     36.052407
    ]
   },
   "properties": {
    "id": "det-6fe7855ec41c",
    "name": null,
    "source": "detected",
    "status": "candidate",
    "confidence": 0.759,
    "hoops": null,
    "surface": null,
    "lit": null,
    "address": null,
    "region": "tennessee",
    "osm_id": null,
    "updated": "2026-10-08"
   }
  },
  {
   "type": "Feature",
   "geometry": {
    "type": "Point",
    "coordinates": [
     -88.891099,
     35.703479
    ]
   },
   "properties": {
    "id": "det-f19b528f422b",
    "name": null,
    "source": "detected",
    "status": "candidate",
    "confidence": 0.758,
    "hoops": null,
    "surface": null,
    "lit": null,
    "address": null,
    "region": "tennessee",
    "osm_id": null,
    "updated": "2026-10-08"
   }
  },
  {
   "type": "Feature",
   "geometry": {
    "type": "Point",
    "coordinates": [
     -89.591498,
     35.192868
    ]
   },
   "properties": {
    "id": "det-f091978976f4",
    "name": null,
    "source": "detected",
    "status": "candidate",
    "confidence": 0.758,
    "hoops": null,
    "surface": null,
    "lit": null,
    "address": null,
    "region": "tennessee",
    "osm_id": null,
    "updated": "2026-10-08"
   }
  },
  {
   "type": "Feature",
   "geometry": {
    "type": "Point",
    "coordinates": [
     -84.210325,
     36.317605
    ]
   },
   "properties": {
    "id": "det-453e72c6cc95",
    "name": null,
    "source": "detected",
    "status": "candidate",
    "confidence": 0.757,
    "hoops": null,
    "surface": null,
    "lit": null,
    "address": null,
    "region": "tennessee",
    "osm_id": null,
    "updated": "2026-10-08"
   }
  },
  {
   "type": "Feature",
   "geometry": {
    "type": "Point",
    "coordinates": [
     -88.851502,
     36.351398
    ]
   },
   "properties": {
    "id": "det-32509d688a5f",
    "name": null,
    "source": "detected",
    "status": "candidate",
    "confidence": 0.757,
    "hoops": null,
    "surface": null,
    "lit": null,
    "address": null,
    "region": "tennessee",
    "osm_id": null,
    "updated": "2026-10-08"
   }
  },
  {
   "type": "Feature",
   "geometry": {
    "type": "Point",
    "coordinates": [
     -86.642273,
     36.45031
    ]
   },
   "properties": {
    "id": "det-0850e83ae5ac",
    "name": null,
    "source": "detected",
    "status": "candidate",
    "confidence": 0.757,
    "hoops": null,
    "surface": null,
    "lit": null,
    "address": null,
    "region": "tennessee",
    "osm_id": null,
    "updated": "2026-10-08"
   }
  },
  {
   "type": "Feature",
   "geometry": {
    "type": "Point",
    "coordinates": [
     -86.8211,
     36.17259
    ]
   },
   "properties": {
    "id": "det-a51cc0ca6e24",
    "name": null,
    "source": "detected",
    "status": "candidate",
    "confidence": 0.756,
    "hoops": null,
    "surface": null,
    "lit": null,
    "address": null,
    "region": "tennessee",
    "osm_id": null,
    "updated": "2026-10-08"
   }
  },
  {
   "type": "Feature",
   "geometry": {
    "type": "Point",
    "coordinates": [
     -83.940047,
     35.914314
    ]
   },
   "properties": {
    "id": "det-9c6334da6ece",
    "name": null,
    "source": "detected",
    "status": "candidate",
    "confidence": 0.756,
    "hoops": null,
    "surface": null,
    "lit": null,
    "address": null,
    "region": "tennessee",
    "osm_id": null,
    "updated": "2026-10-08"
   }
  },
  {
   "type": "Feature",
   "geometry": {
    "type": "Point",
    "coordinates": [
     -82.636818,
     36.561194
    ]
   },
   "properties": {
    "id": "det-e807d70f9b3a",
    "name": null,
    "source": "detected",
    "status": "candidate",
    "confidence": 0.756,
    "hoops": null,
    "surface": null,
    "lit": null,
    "address": null,
    "region": "tennessee",
    "osm_id": null,
    "updated": "2026-10-08"
   }
  },
  {
   "type": "Feature",
   "geometry": {
    "type": "Point",
    "coordinates": [
     -85.134191,
     36.575855
    ]
   },
   "properties": {
    "id": "det-4cc2cddf23cb",
    "name": null,
    "source": "detected",
    "status": "candidate",
    "confidence": 0.756,
    "hoops": null,
    "surface": null,
    "lit": null,
    "address": null,
    "region": "tennessee",
    "osm_id": null,
    "updated": "2026-10-08"
   }
  },
  {
   "type": "Feature",
   "geometry": {
    "type": "Point",
    "coordinates": [
     -83.096128,
     35.843844
    ]
   },
   "properties": {
    "id": "det-91ba08a440a2",
    "name": null,
    "source": "detected",
    "status": "candidate",
    "confidence": 0.755,
    "hoops": null,
    "surface": null,
    "lit": null,
    "address": null,
    "region": "tennessee",
    "osm_id": null,
    "updated": "2026-10-08"
   }
  },
  {
   "type": "Feature",
   "geometry": {
    "type": "Point",
    "coordinates": [
     -82.189286,
     36.587721
    ]
   },
   "properties": {
    "id": "det-b3b7533532e1",
    "name": null,
    "source": "detected",
    "status": "candidate",
    "confidence": 0.755,
    "hoops": null,
    "surface": null,
    "lit": null,
    "address": null,
    "region": "tennessee",
    "osm_id": null,
    "updated": "2026-10-08"
   }
  },
  {
   "type": "Feature",
   "geometry": {
    "type": "Point",
    "coordinates": [
     -86.860564,
     36.103085
    ]
   },
   "properties": {
    "id": "det-82fb5411ebfa",
    "name": null,
    "source": "detected",
    "status": "candidate",
    "confidence": 0.755,
    "hoops": null,
    "surface": null,
    "lit": null,
    "address": null,
    "region": "tennessee",
    "osm_id": null,
    "updated": "2026-10-08"
   }
  },
  {
   "type": "Feature",
   "geometry": {
    "type": "Point",
    "coordinates": [
     -85.893188,
     35.705078
    ]
   },
   "properties": {
    "id": "det-a8217ccb786c",
    "name": null,
    "source": "detected",
    "status": "candidate",
    "confidence": 0.754,
    "hoops": null,
    "surface": null,
    "lit": null,
    "address": null,
    "region": "tennessee",
    "osm_id": null,
    "updated": "2026-10-08"
   }
  },
  {
   "type": "Feature",
   "geometry": {
    "type": "Point",
    "coordinates": [
     -86.629778,
     36.298069
    ]
   },
   "properties": {
    "id": "det-9d19897eaef2",
    "name": null,
    "source": "detected",
    "status": "candidate",
    "confidence": 0.754,
    "hoops": null,
    "surface": null,
    "lit": null,
    "address": null,
    "region": "tennessee",
    "osm_id": null,
    "updated": "2026-10-08"
   }
  },
  {
   "type": "Feature",
   "geometry": {
    "type": "Point",
    "coordinates": [
     -85.313074,
     35.005326
    ]
   },
   "properties": {
    "id": "det-eaa9d01997ac",
    "name": null,
    "source": "detected",
    "status": "candidate",
    "confidence": 0.754,
    "hoops": null,
    "surface": null,
    "lit": null,
    "address": null,
    "region": "chattanooga",
    "osm_id": null,
    "updated": "2026-10-08"
   }
  },
  {
   "type": "Feature",
   "geometry": {
    "type": "Point",
    "coordinates": [
     -84.609605,
     35.446303
    ]
   },
   "properties": {
    "id": "det-0236f648f6c5",
    "name": null,
    "source": "detected",
    "status": "candidate",
    "confidence": 0.754,
    "hoops": null,
    "surface": null,
    "lit": null,
    "address": null,
    "region": "tennessee",
    "osm_id": null,
    "updated": "2026-10-08"
   }
  },
  {
   "type": "Feature",
   "geometry": {
    "type": "Point",
    "coordinates": [
     -88.661828,
     35.448891
    ]
   },
   "properties": {
    "id": "det-bcde02b20509",
    "name": null,
    "source": "detected",
    "status": "candidate",
    "confidence": 0.753,
    "hoops": null,
    "surface": null,
    "lit": null,
    "address": null,
    "region": "tennessee",
    "osm_id": null,
    "updated": "2026-10-08"
   }
  },
  {
   "type": "Feature",
   "geometry": {
    "type": "Point",
    "coordinates": [
     -86.734526,
     36.170752
    ]
   },
   "properties": {
    "id": "det-6a0313fc889b",
    "name": null,
    "source": "detected",
    "status": "candidate",
    "confidence": 0.753,
    "hoops": null,
    "surface": null,
    "lit": null,
    "address": null,
    "region": "tennessee",
    "osm_id": null,
    "updated": "2026-10-08"
   }
  },
  {
   "type": "Feature",
   "geometry": {
    "type": "Point",
    "coordinates": [
     -83.290016,
     36.241773
    ]
   },
   "properties": {
    "id": "det-42561c6870f8",
    "name": null,
    "source": "detected",
    "status": "candidate",
    "confidence": 0.753,
    "hoops": null,
    "surface": null,
    "lit": null,
    "address": null,
    "region": "tennessee",
    "osm_id": null,
    "updated": "2026-10-08"
   }
  },
  {
   "type": "Feature",
   "geometry": {
    "type": "Point",
    "coordinates": [
     -86.285328,
     36.208599
    ]
   },
   "properties": {
    "id": "det-a62e50dd8079",
    "name": null,
    "source": "detected",
    "status": "candidate",
    "confidence": 0.752,
    "hoops": null,
    "surface": null,
    "lit": null,
    "address": null,
    "region": "tennessee",
    "osm_id": null,
    "updated": "2026-10-08"
   }
  },
  {
   "type": "Feature",
   "geometry": {
    "type": "Point",
    "coordinates": [
     -84.031707,
     35.986126
    ]
   },
   "properties": {
    "id": "det-269eca815cf5",
    "name": null,
    "source": "detected",
    "status": "candidate",
    "confidence": 0.752,
    "hoops": null,
    "surface": null,
    "lit": null,
    "address": null,
    "region": "tennessee",
    "osm_id": null,
    "updated": "2026-10-08"
   }
  },
  {
   "type": "Feature",
   "geometry": {
    "type": "Point",
    "coordinates": [
     -82.955419,
     36.196061
    ]
   },
   "properties": {
    "id": "det-7ca527166007",
    "name": null,
    "source": "detected",
    "status": "candidate",
    "confidence": 0.752,
    "hoops": null,
    "surface": null,
    "lit": null,
    "address": null,
    "region": "tennessee",
    "osm_id": null,
    "updated": "2026-10-08"
   }
  },
  {
   "type": "Feature",
   "geometry": {
    "type": "Point",
    "coordinates": [
     -85.90543,
     36.332092
    ]
   },
   "properties": {
    "id": "det-207c9d660c2e",
    "name": null,
    "source": "detected",
    "status": "candidate",
    "confidence": 0.752,
    "hoops": null,
    "surface": null,
    "lit": null,
    "address": null,
    "region": "tennessee",
    "osm_id": null,
    "updated": "2026-10-08"
   }
  },
  {
   "type": "Feature",
   "geometry": {
    "type": "Point",
    "coordinates": [
     -83.385872,
     36.178259
    ]
   },
   "properties": {
    "id": "det-81b4c504c754",
    "name": null,
    "source": "detected",
    "status": "candidate",
    "confidence": 0.752,
    "hoops": null,
    "surface": null,
    "lit": null,
    "address": null,
    "region": "tennessee",
    "osm_id": null,
    "updated": "2026-10-08"
   }
  },
  {
   "type": "Feature",
   "geometry": {
    "type": "Point",
    "coordinates": [
     -84.87712,
     35.178003
    ]
   },
   "properties": {
    "id": "det-14a069488b4f",
    "name": null,
    "source": "detected",
    "status": "candidate",
    "confidence": 0.752,
    "hoops": null,
    "surface": null,
    "lit": null,
    "address": null,
    "region": "tennessee",
    "osm_id": null,
    "updated": "2026-10-08"
   }
  },
  {
   "type": "Feature",
   "geometry": {
    "type": "Point",
    "coordinates": [
     -85.230712,
     35.665779
    ]
   },
   "properties": {
    "id": "det-6d78bbd9976d",
    "name": null,
    "source": "detected",
    "status": "candidate",
    "confidence": 0.751,
    "hoops": null,
    "surface": null,
    "lit": null,
    "address": null,
    "region": "tennessee",
    "osm_id": null,
    "updated": "2026-10-08"
   }
  },
  {
   "type": "Feature",
   "geometry": {
    "type": "Point",
    "coordinates": [
     -86.229339,
     35.342454
    ]
   },
   "properties": {
    "id": "det-00f59c6c78b8",
    "name": null,
    "source": "detected",
    "status": "candidate",
    "confidence": 0.751,
    "hoops": null,
    "surface": null,
    "lit": null,
    "address": null,
    "region": "tennessee",
    "osm_id": null,
    "updated": "2026-10-08"
   }
  },
  {
   "type": "Feature",
   "geometry": {
    "type": "Point",
    "coordinates": [
     -85.901604,
     36.079565
    ]
   },
   "properties": {
    "id": "det-c6d3d786b824",
    "name": null,
    "source": "detected",
    "status": "candidate",
    "confidence": 0.751,
    "hoops": null,
    "surface": null,
    "lit": null,
    "address": null,
    "region": "tennessee",
    "osm_id": null,
    "updated": "2026-10-08"
   }
  },
  {
   "type": "Feature",
   "geometry": {
    "type": "Point",
    "coordinates": [
     -86.854359,
     36.061136
    ]
   },
   "properties": {
    "id": "det-9fbe62235176",
    "name": null,
    "source": "detected",
    "status": "candidate",
    "confidence": 0.75,
    "hoops": null,
    "surface": null,
    "lit": null,
    "address": null,
    "region": "tennessee",
    "osm_id": null,
    "updated": "2026-10-08"
   }
  },
  {
   "type": "Feature",
   "geometry": {
    "type": "Point",
    "coordinates": [
     -87.459159,
     36.627614
    ]
   },
   "properties": {
    "id": "det-ec9fb5fac2f9",
    "name": null,
    "source": "detected",
    "status": "candidate",
    "confidence": 0.75,
    "hoops": null,
    "surface": null,
    "lit": null,
    "address": null,
    "region": "tennessee",
    "osm_id": null,
    "updated": "2026-10-08"
   }
  },
  {
   "type": "Feature",
   "geometry": {
    "type": "Point",
    "coordinates": [
     -84.109939,
     35.979749
    ]
   },
   "properties": {
    "id": "det-7323cf8b1c12",
    "name": null,
    "source": "detected",
    "status": "candidate",
    "confidence": 0.75,
    "hoops": null,
    "surface": null,
    "lit": null,
    "address": null,
    "region": "tennessee",
    "osm_id": null,
    "updated": "2026-10-08"
   }
  },
  {
   "type": "Feature",
   "geometry": {
    "type": "Point",
    "coordinates": [
     -85.700371,
     35.345443
    ]
   },
   "properties": {
    "id": "det-247d2d3158ff",
    "name": null,
    "source": "detected",
    "status": "candidate",
    "confidence": 0.75,
    "hoops": null,
    "surface": null,
    "lit": null,
    "address": null,
    "region": "tennessee",
    "osm_id": null,
    "updated": "2026-10-08"
   }
  },
  {
   "type": "Feature",
   "geometry": {
    "type": "Point",
    "coordinates": [
     -86.893765,
     36.498581
    ]
   },
   "properties": {
    "id": "det-44d6d138ae2a",
    "name": null,
    "source": "detected",
    "status": "candidate",
    "confidence": 0.75,
    "hoops": null,
    "surface": null,
    "lit": null,
    "address": null,
    "region": "tennessee",
    "osm_id": null,
    "updated": "2026-10-08"
   }
  },
  {
   "type": "Feature",
   "geometry": {
    "type": "Point",
    "coordinates": [
     -83.738027,
     35.676672
    ]
   },
   "properties": {
    "id": "det-9642393de2de",
    "name": null,
    "source": "detected",
    "status": "candidate",
    "confidence": 0.75,
    "hoops": null,
    "surface": null,
    "lit": null,
    "address": null,
    "region": "tennessee",
    "osm_id": null,
    "updated": "2026-10-08"
   }
  },
  {
   "type": "Feature",
   "geometry": {
    "type": "Point",
    "coordinates": [
     -84.370681,
     35.466493
    ]
   },
   "properties": {
    "id": "det-2725b12d58f2",
    "name": null,
    "source": "detected",
    "status": "candidate",
    "confidence": 0.75,
    "hoops": null,
    "surface": null,
    "lit": null,
    "address": null,
    "region": "tennessee",
    "osm_id": null,
    "updated": "2026-10-08"
   }
  },
  {
   "type": "Feature",
   "geometry": {
    "type": "Point",
    "coordinates": [
     -85.221363,
     35.220122
    ]
   },
   "properties": {
    "id": "det-f10ea3ad7e7b",
    "name": null,
    "source": "detected",
    "status": "candidate",
    "confidence": 0.75,
    "hoops": null,
    "surface": null,
    "lit": null,
    "address": null,
    "region": "chattanooga",
    "osm_id": null,
    "updated": "2026-10-08"
   }
  },
  {
   "type": "Feature",
   "geometry": {
    "type": "Point",
    "coordinates": [
     -85.148303,
     35.058346
    ]
   },
   "properties": {
    "id": "det-6cbe9ad7a610",
    "name": null,
    "source": "detected",
    "status": "candidate",
    "confidence": 0.75,
    "hoops": null,
    "surface": null,
    "lit": null,
    "address": null,
    "region": "chattanooga",
    "osm_id": null,
    "updated": "2026-10-08"
   }
  },
  {
   "type": "Feature",
   "geometry": {
    "type": "Point",
    "coordinates": [
     -86.387503,
     35.86306
    ]
   },
   "properties": {
    "id": "det-12fbf82a0a1c",
    "name": null,
    "source": "detected",
    "status": "candidate",
    "confidence": 0.749,
    "hoops": null,
    "surface": null,
    "lit": null,
    "address": null,
    "region": "tennessee",
    "osm_id": null,
    "updated": "2026-10-08"
   }
  },
  {
   "type": "Feature",
   "geometry": {
    "type": "Point",
    "coordinates": [
     -89.981233,
     35.271004
    ]
   },
   "properties": {
    "id": "det-92b7f8a53407",
    "name": null,
    "source": "detected",
    "status": "candidate",
    "confidence": 0.749,
    "hoops": null,
    "surface": null,
    "lit": null,
    "address": null,
    "region": "tennessee",
    "osm_id": null,
    "updated": "2026-10-08"
   }
  },
  {
   "type": "Feature",
   "geometry": {
    "type": "Point",
    "coordinates": [
     -83.814839,
     35.922786
    ]
   },
   "properties": {
    "id": "det-ed7e68a8d817",
    "name": null,
    "source": "detected",
    "status": "candidate",
    "confidence": 0.749,
    "hoops": null,
    "surface": null,
    "lit": null,
    "address": null,
    "region": "tennessee",
    "osm_id": null,
    "updated": "2026-10-08"
   }
  },
  {
   "type": "Feature",
   "geometry": {
    "type": "Point",
    "coordinates": [
     -89.552975,
     35.726498
    ]
   },
   "properties": {
    "id": "det-6462e4ae9105",
    "name": null,
    "source": "detected",
    "status": "candidate",
    "confidence": 0.748,
    "hoops": null,
    "surface": null,
    "lit": null,
    "address": null,
    "region": "tennessee",
    "osm_id": null,
    "updated": "2026-10-08"
   }
  },
  {
   "type": "Feature",
   "geometry": {
    "type": "Point",
    "coordinates": [
     -86.88563,
     36.489189
    ]
   },
   "properties": {
    "id": "det-d99926a26036",
    "name": null,
    "source": "detected",
    "status": "candidate",
    "confidence": 0.748,
    "hoops": null,
    "surface": null,
    "lit": null,
    "address": null,
    "region": "tennessee",
    "osm_id": null,
    "updated": "2026-10-08"
   }
  },
  {
   "type": "Feature",
   "geometry": {
    "type": "Point",
    "coordinates": [
     -86.508718,
     36.218538
    ]
   },
   "properties": {
    "id": "det-78f5110f2fe8",
    "name": null,
    "source": "detected",
    "status": "candidate",
    "confidence": 0.748,
    "hoops": null,
    "surface": null,
    "lit": null,
    "address": null,
    "region": "tennessee",
    "osm_id": null,
    "updated": "2026-10-08"
   }
  },
  {
   "type": "Feature",
   "geometry": {
    "type": "Point",
    "coordinates": [
     -83.439712,
     35.881409
    ]
   },
   "properties": {
    "id": "det-1399a3583977",
    "name": null,
    "source": "detected",
    "status": "candidate",
    "confidence": 0.748,
    "hoops": null,
    "surface": null,
    "lit": null,
    "address": null,
    "region": "tennessee",
    "osm_id": null,
    "updated": "2026-10-08"
   }
  },
  {
   "type": "Feature",
   "geometry": {
    "type": "Point",
    "coordinates": [
     -89.622988,
     35.319951
    ]
   },
   "properties": {
    "id": "det-ba5f5cbf059a",
    "name": null,
    "source": "detected",
    "status": "candidate",
    "confidence": 0.748,
    "hoops": null,
    "surface": null,
    "lit": null,
    "address": null,
    "region": "tennessee",
    "osm_id": null,
    "updated": "2026-10-08"
   }
  },
  {
   "type": "Feature",
   "geometry": {
    "type": "Point",
    "coordinates": [
     -85.371572,
     36.262728
    ]
   },
   "properties": {
    "id": "det-4ee84fb156c4",
    "name": null,
    "source": "detected",
    "status": "candidate",
    "confidence": 0.748,
    "hoops": null,
    "surface": null,
    "lit": null,
    "address": null,
    "region": "tennessee",
    "osm_id": null,
    "updated": "2026-10-08"
   }
  },
  {
   "type": "Feature",
   "geometry": {
    "type": "Point",
    "coordinates": [
     -83.185934,
     35.962036
    ]
   },
   "properties": {
    "id": "det-6683258b4ceb",
    "name": null,
    "source": "detected",
    "status": "candidate",
    "confidence": 0.747,
    "hoops": null,
    "surface": null,
    "lit": null,
    "address": null,
    "region": "tennessee",
    "osm_id": null,
    "updated": "2026-10-08"
   }
  },
  {
   "type": "Feature",
   "geometry": {
    "type": "Point",
    "coordinates": [
     -86.747179,
     36.191908
    ]
   },
   "properties": {
    "id": "det-dfa3cdffdbed",
    "name": null,
    "source": "detected",
    "status": "candidate",
    "confidence": 0.747,
    "hoops": null,
    "surface": null,
    "lit": null,
    "address": null,
    "region": "tennessee",
    "osm_id": null,
    "updated": "2026-10-08"
   }
  },
  {
   "type": "Feature",
   "geometry": {
    "type": "Point",
    "coordinates": [
     -90.102274,
     35.02323
    ]
   },
   "properties": {
    "id": "det-1b761c451596",
    "name": null,
    "source": "detected",
    "status": "candidate",
    "confidence": 0.747,
    "hoops": null,
    "surface": null,
    "lit": null,
    "address": null,
    "region": "tennessee",
    "osm_id": null,
    "updated": "2026-10-08"
   }
  },
  {
   "type": "Feature",
   "geometry": {
    "type": "Point",
    "coordinates": [
     -84.565926,
     35.880951
    ]
   },
   "properties": {
    "id": "det-004926c81128",
    "name": null,
    "source": "detected",
    "status": "candidate",
    "confidence": 0.747,
    "hoops": null,
    "surface": null,
    "lit": null,
    "address": null,
    "region": "tennessee",
    "osm_id": null,
    "updated": "2026-10-08"
   }
  },
  {
   "type": "Feature",
   "geometry": {
    "type": "Point",
    "coordinates": [
     -87.5837,
     35.022738
    ]
   },
   "properties": {
    "id": "det-19839afaf0b8",
    "name": null,
    "source": "detected",
    "status": "candidate",
    "confidence": 0.747,
    "hoops": null,
    "surface": null,
    "lit": null,
    "address": null,
    "region": "tennessee",
    "osm_id": null,
    "updated": "2026-10-08"
   }
  },
  {
   "type": "Feature",
   "geometry": {
    "type": "Point",
    "coordinates": [
     -85.504284,
     36.186961
    ]
   },
   "properties": {
    "id": "det-5ff8c70dcbfc",
    "name": null,
    "source": "detected",
    "status": "candidate",
    "confidence": 0.746,
    "hoops": null,
    "surface": null,
    "lit": null,
    "address": null,
    "region": "tennessee",
    "osm_id": null,
    "updated": "2026-10-08"
   }
  },
  {
   "type": "Feature",
   "geometry": {
    "type": "Point",
    "coordinates": [
     -86.45223,
     36.633787
    ]
   },
   "properties": {
    "id": "det-6708e0e4f1f9",
    "name": null,
    "source": "detected",
    "status": "candidate",
    "confidence": 0.746,
    "hoops": null,
    "surface": null,
    "lit": null,
    "address": null,
    "region": "tennessee",
    "osm_id": null,
    "updated": "2026-10-08"
   }
  },
  {
   "type": "Feature",
   "geometry": {
    "type": "Point",
    "coordinates": [
     -90.032361,
     35.093678
    ]
   },
   "properties": {
    "id": "det-143ab99c9418",
    "name": null,
    "source": "detected",
    "status": "candidate",
    "confidence": 0.746,
    "hoops": null,
    "surface": null,
    "lit": null,
    "address": null,
    "region": "tennessee",
    "osm_id": null,
    "updated": "2026-10-08"
   }
  },
  {
   "type": "Feature",
   "geometry": {
    "type": "Point",
    "coordinates": [
     -86.804479,
     35.470622
    ]
   },
   "properties": {
    "id": "det-579c27887094",
    "name": null,
    "source": "detected",
    "status": "candidate",
    "confidence": 0.746,
    "hoops": null,
    "surface": null,
    "lit": null,
    "address": null,
    "region": "tennessee",
    "osm_id": null,
    "updated": "2026-10-08"
   }
  },
  {
   "type": "Feature",
   "geometry": {
    "type": "Point",
    "coordinates": [
     -87.078397,
     35.617372
    ]
   },
   "properties": {
    "id": "det-5b935931e4df",
    "name": null,
    "source": "detected",
    "status": "candidate",
    "confidence": 0.746,
    "hoops": null,
    "surface": null,
    "lit": null,
    "address": null,
    "region": "tennessee",
    "osm_id": null,
    "updated": "2026-10-08"
   }
  },
  {
   "type": "Feature",
   "geometry": {
    "type": "Point",
    "coordinates": [
     -88.958713,
     35.546063
    ]
   },
   "properties": {
    "id": "det-c83cf2c42300",
    "name": null,
    "source": "detected",
    "status": "candidate",
    "confidence": 0.746,
    "hoops": null,
    "surface": null,
    "lit": null,
    "address": null,
    "region": "tennessee",
    "osm_id": null,
    "updated": "2026-10-08"
   }
  },
  {
   "type": "Feature",
   "geometry": {
    "type": "Point",
    "coordinates": [
     -86.198583,
     35.371134
    ]
   },
   "properties": {
    "id": "det-caafe6755997",
    "name": null,
    "source": "detected",
    "status": "candidate",
    "confidence": 0.746,
    "hoops": null,
    "surface": null,
    "lit": null,
    "address": null,
    "region": "tennessee",
    "osm_id": null,
    "updated": "2026-10-08"
   }
  },
  {
   "type": "Feature",
   "geometry": {
    "type": "Point",
    "coordinates": [
     -84.534055,
     36.503497
    ]
   },
   "properties": {
    "id": "det-145f9d772a77",
    "name": null,
    "source": "detected",
    "status": "candidate",
    "confidence": 0.745,
    "hoops": null,
    "surface": null,
    "lit": null,
    "address": null,
    "region": "tennessee",
    "osm_id": null,
    "updated": "2026-10-08"
   }
  },
  {
   "type": "Feature",
   "geometry": {
    "type": "Point",
    "coordinates": [
     -83.291589,
     36.110683
    ]
   },
   "properties": {
    "id": "det-24f1d9c5cda1",
    "name": null,
    "source": "detected",
    "status": "candidate",
    "confidence": 0.745,
    "hoops": null,
    "surface": null,
    "lit": null,
    "address": null,
    "region": "tennessee",
    "osm_id": null,
    "updated": "2026-10-08"
   }
  },
  {
   "type": "Feature",
   "geometry": {
    "type": "Point",
    "coordinates": [
     -90.125184,
     35.054143
    ]
   },
   "properties": {
    "id": "det-1e6a17c7b8e0",
    "name": null,
    "source": "detected",
    "status": "candidate",
    "confidence": 0.745,
    "hoops": null,
    "surface": null,
    "lit": null,
    "address": null,
    "region": "tennessee",
    "osm_id": null,
    "updated": "2026-10-08"
   }
  },
  {
   "type": "Feature",
   "geometry": {
    "type": "Point",
    "coordinates": [
     -84.879605,
     36.377088
    ]
   },
   "properties": {
    "id": "det-4bf279d5d202",
    "name": null,
    "source": "detected",
    "status": "candidate",
    "confidence": 0.744,
    "hoops": null,
    "surface": null,
    "lit": null,
    "address": null,
    "region": "tennessee",
    "osm_id": null,
    "updated": "2026-10-08"
   }
  },
  {
   "type": "Feature",
   "geometry": {
    "type": "Point",
    "coordinates": [
     -86.72775,
     36.069491
    ]
   },
   "properties": {
    "id": "det-adf31065a84c",
    "name": null,
    "source": "detected",
    "status": "candidate",
    "confidence": 0.744,
    "hoops": null,
    "surface": null,
    "lit": null,
    "address": null,
    "region": "tennessee",
    "osm_id": null,
    "updated": "2026-10-08"
   }
  },
  {
   "type": "Feature",
   "geometry": {
    "type": "Point",
    "coordinates": [
     -87.321209,
     36.626251
    ]
   },
   "properties": {
    "id": "det-816a79751808",
    "name": null,
    "source": "detected",
    "status": "candidate",
    "confidence": 0.744,
    "hoops": null,
    "surface": null,
    "lit": null,
    "address": null,
    "region": "tennessee",
    "osm_id": null,
    "updated": "2026-10-08"
   }
  },
  {
   "type": "Feature",
   "geometry": {
    "type": "Point",
    "coordinates": [
     -86.686242,
     36.06509
    ]
   },
   "properties": {
    "id": "det-7be21f8043a3",
    "name": null,
    "source": "detected",
    "status": "candidate",
    "confidence": 0.743,
    "hoops": null,
    "surface": null,
    "lit": null,
    "address": null,
    "region": "tennessee",
    "osm_id": null,
    "updated": "2026-10-08"
   }
  },
  {
   "type": "Feature",
   "geometry": {
    "type": "Point",
    "coordinates": [
     -90.016189,
     35.077236
    ]
   },
   "properties": {
    "id": "det-995bab34b3c9",
    "name": null,
    "source": "detected",
    "status": "candidate",
    "confidence": 0.743,
    "hoops": null,
    "surface": null,
    "lit": null,
    "address": null,
    "region": "tennessee",
    "osm_id": null,
    "updated": "2026-10-08"
   }
  },
  {
   "type": "Feature",
   "geometry": {
    "type": "Point",
    "coordinates": [
     -88.088333,
     36.227949
    ]
   },
   "properties": {
    "id": "det-8f675365f45a",
    "name": null,
    "source": "detected",
    "status": "candidate",
    "confidence": 0.743,
    "hoops": null,
    "surface": null,
    "lit": null,
    "address": null,
    "region": "tennessee",
    "osm_id": null,
    "updated": "2026-10-08"
   }
  },
  {
   "type": "Feature",
   "geometry": {
    "type": "Point",
    "coordinates": [
     -87.035229,
     36.39883
    ]
   },
   "properties": {
    "id": "det-d6363ae5b228",
    "name": null,
    "source": "detected",
    "status": "candidate",
    "confidence": 0.743,
    "hoops": null,
    "surface": null,
    "lit": null,
    "address": null,
    "region": "tennessee",
    "osm_id": null,
    "updated": "2026-10-08"
   }
  },
  {
   "type": "Feature",
   "geometry": {
    "type": "Point",
    "coordinates": [
     -82.872705,
     36.091695
    ]
   },
   "properties": {
    "id": "det-eae04e48c050",
    "name": null,
    "source": "detected",
    "status": "candidate",
    "confidence": 0.743,
    "hoops": null,
    "surface": null,
    "lit": null,
    "address": null,
    "region": "tennessee",
    "osm_id": null,
    "updated": "2026-10-08"
   }
  },
  {
   "type": "Feature",
   "geometry": {
    "type": "Point",
    "coordinates": [
     -83.92137,
     35.921825
    ]
   },
   "properties": {
    "id": "det-e4ed841e4da5",
    "name": null,
    "source": "detected",
    "status": "candidate",
    "confidence": 0.743,
    "hoops": null,
    "surface": null,
    "lit": null,
    "address": null,
    "region": "tennessee",
    "osm_id": null,
    "updated": "2026-10-08"
   }
  },
  {
   "type": "Feature",
   "geometry": {
    "type": "Point",
    "coordinates": [
     -84.069596,
     36.359408
    ]
   },
   "properties": {
    "id": "det-3acce5548424",
    "name": null,
    "source": "detected",
    "status": "candidate",
    "confidence": 0.743,
    "hoops": null,
    "surface": null,
    "lit": null,
    "address": null,
    "region": "tennessee",
    "osm_id": null,
    "updated": "2026-10-08"
   }
  },
  {
   "type": "Feature",
   "geometry": {
    "type": "Point",
    "coordinates": [
     -86.850117,
     35.87362
    ]
   },
   "properties": {
    "id": "det-458f50df2d8a",
    "name": null,
    "source": "detected",
    "status": "candidate",
    "confidence": 0.742,
    "hoops": null,
    "surface": null,
    "lit": null,
    "address": null,
    "region": "tennessee",
    "osm_id": null,
    "updated": "2026-10-08"
   }
  },
  {
   "type": "Feature",
   "geometry": {
    "type": "Point",
    "coordinates": [
     -87.290072,
     35.266124
    ]
   },
   "properties": {
    "id": "det-8ba8686f2772",
    "name": null,
    "source": "detected",
    "status": "candidate",
    "confidence": 0.742,
    "hoops": null,
    "surface": null,
    "lit": null,
    "address": null,
    "region": "tennessee",
    "osm_id": null,
    "updated": "2026-10-08"
   }
  },
  {
   "type": "Feature",
   "geometry": {
    "type": "Point",
    "coordinates": [
     -86.658541,
     36.461758
    ]
   },
   "properties": {
    "id": "det-3af7d005d13d",
    "name": null,
    "source": "detected",
    "status": "candidate",
    "confidence": 0.742,
    "hoops": null,
    "surface": null,
    "lit": null,
    "address": null,
    "region": "tennessee",
    "osm_id": null,
    "updated": "2026-10-08"
   }
  },
  {
   "type": "Feature",
   "geometry": {
    "type": "Point",
    "coordinates": [
     -87.310926,
     36.614975
    ]
   },
   "properties": {
    "id": "det-fc15b28f2589",
    "name": null,
    "source": "detected",
    "status": "candidate",
    "confidence": 0.742,
    "hoops": null,
    "surface": null,
    "lit": null,
    "address": null,
    "region": "tennessee",
    "osm_id": null,
    "updated": "2026-10-08"
   }
  },
  {
   "type": "Feature",
   "geometry": {
    "type": "Point",
    "coordinates": [
     -88.73457,
     35.921291
    ]
   },
   "properties": {
    "id": "det-0f8bc510782f",
    "name": null,
    "source": "detected",
    "status": "candidate",
    "confidence": 0.742,
    "hoops": null,
    "surface": null,
    "lit": null,
    "address": null,
    "region": "tennessee",
    "osm_id": null,
    "updated": "2026-10-08"
   }
  },
  {
   "type": "Feature",
   "geometry": {
    "type": "Point",
    "coordinates": [
     -83.96329,
     35.792711
    ]
   },
   "properties": {
    "id": "det-661e2ab39b67",
    "name": null,
    "source": "detected",
    "status": "candidate",
    "confidence": 0.742,
    "hoops": null,
    "surface": null,
    "lit": null,
    "address": null,
    "region": "tennessee",
    "osm_id": null,
    "updated": "2026-10-08"
   }
  },
  {
   "type": "Feature",
   "geometry": {
    "type": "Point",
    "coordinates": [
     -83.27575,
     36.159161
    ]
   },
   "properties": {
    "id": "det-1ed03e9fbcc0",
    "name": null,
    "source": "detected",
    "status": "candidate",
    "confidence": 0.742,
    "hoops": null,
    "surface": null,
    "lit": null,
    "address": null,
    "region": "tennessee",
    "osm_id": null,
    "updated": "2026-10-08"
   }
  },
  {
   "type": "Feature",
   "geometry": {
    "type": "Point",
    "coordinates": [
     -85.331639,
     35.011862
    ]
   },
   "properties": {
    "id": "det-34d0fbb833e1",
    "name": null,
    "source": "detected",
    "status": "candidate",
    "confidence": 0.742,
    "hoops": null,
    "surface": null,
    "lit": null,
    "address": null,
    "region": "chattanooga",
    "osm_id": null,
    "updated": "2026-10-08"
   }
  },
  {
   "type": "Feature",
   "geometry": {
    "type": "Point",
    "coordinates": [
     -85.3233,
     35.694322
    ]
   },
   "properties": {
    "id": "det-cf5048880ad7",
    "name": null,
    "source": "detected",
    "status": "candidate",
    "confidence": 0.741,
    "hoops": null,
    "surface": null,
    "lit": null,
    "address": null,
    "region": "tennessee",
    "osm_id": null,
    "updated": "2026-10-08"
   }
  },
  {
   "type": "Feature",
   "geometry": {
    "type": "Point",
    "coordinates": [
     -86.763682,
     36.150828
    ]
   },
   "properties": {
    "id": "det-4916dd1f8e22",
    "name": null,
    "source": "detected",
    "status": "candidate",
    "confidence": 0.741,
    "hoops": null,
    "surface": null,
    "lit": null,
    "address": null,
    "region": "tennessee",
    "osm_id": null,
    "updated": "2026-10-08"
   }
  },
  {
   "type": "Feature",
   "geometry": {
    "type": "Point",
    "coordinates": [
     -90.043472,
     35.158903
    ]
   },
   "properties": {
    "id": "det-9e8257a37f5e",
    "name": null,
    "source": "detected",
    "status": "candidate",
    "confidence": 0.741,
    "hoops": null,
    "surface": null,
    "lit": null,
    "address": null,
    "region": "tennessee",
    "osm_id": null,
    "updated": "2026-10-08"
   }
  },
  {
   "type": "Feature",
   "geometry": {
    "type": "Point",
    "coordinates": [
     -86.724782,
     36.197942
    ]
   },
   "properties": {
    "id": "det-8d9b2fe97d4f",
    "name": null,
    "source": "detected",
    "status": "candidate",
    "confidence": 0.741,
    "hoops": null,
    "surface": null,
    "lit": null,
    "address": null,
    "region": "tennessee",
    "osm_id": null,
    "updated": "2026-10-08"
   }
  },
  {
   "type": "Feature",
   "geometry": {
    "type": "Point",
    "coordinates": [
     -87.3509,
     36.537367
    ]
   },
   "properties": {
    "id": "det-067df231487b",
    "name": null,
    "source": "detected",
    "status": "candidate",
    "confidence": 0.741,
    "hoops": null,
    "surface": null,
    "lit": null,
    "address": null,
    "region": "tennessee",
    "osm_id": null,
    "updated": "2026-10-08"
   }
  },
  {
   "type": "Feature",
   "geometry": {
    "type": "Point",
    "coordinates": [
     -88.152712,
     36.280292
    ]
   },
   "properties": {
    "id": "det-ec27f6a4c33f",
    "name": null,
    "source": "detected",
    "status": "candidate",
    "confidence": 0.74,
    "hoops": null,
    "surface": null,
    "lit": null,
    "address": null,
    "region": "tennessee",
    "osm_id": null,
    "updated": "2026-10-08"
   }
  },
  {
   "type": "Feature",
   "geometry": {
    "type": "Point",
    "coordinates": [
     -89.736707,
     35.481452
    ]
   },
   "properties": {
    "id": "det-59420a463e5f",
    "name": null,
    "source": "detected",
    "status": "candidate",
    "confidence": 0.74,
    "hoops": null,
    "surface": null,
    "lit": null,
    "address": null,
    "region": "tennessee",
    "osm_id": null,
    "updated": "2026-10-08"
   }
  },
  {
   "type": "Feature",
   "geometry": {
    "type": "Point",
    "coordinates": [
     -84.545809,
     35.514729
    ]
   },
   "properties": {
    "id": "det-640f8a0049c7",
    "name": null,
    "source": "detected",
    "status": "candidate",
    "confidence": 0.74,
    "hoops": null,
    "surface": null,
    "lit": null,
    "address": null,
    "region": "tennessee",
    "osm_id": null,
    "updated": "2026-10-08"
   }
  },
  {
   "type": "Feature",
   "geometry": {
    "type": "Point",
    "coordinates": [
     -86.922086,
     35.781205
    ]
   },
   "properties": {
    "id": "det-9571fcd7f944",
    "name": null,
    "source": "detected",
    "status": "candidate",
    "confidence": 0.739,
    "hoops": null,
    "surface": null,
    "lit": null,
    "address": null,
    "region": "tennessee",
    "osm_id": null,
    "updated": "2026-10-08"
   }
  },
  {
   "type": "Feature",
   "geometry": {
    "type": "Point",
    "coordinates": [
     -86.165419,
     35.540536
    ]
   },
   "properties": {
    "id": "det-6d60f37dbe52",
    "name": null,
    "source": "detected",
    "status": "candidate",
    "confidence": 0.739,
    "hoops": null,
    "surface": null,
    "lit": null,
    "address": null,
    "region": "tennessee",
    "osm_id": null,
    "updated": "2026-10-08"
   }
  },
  {
   "type": "Feature",
   "geometry": {
    "type": "Point",
    "coordinates": [
     -85.708322,
     35.671252
    ]
   },
   "properties": {
    "id": "det-b7a44743cce2",
    "name": null,
    "source": "detected",
    "status": "candidate",
    "confidence": 0.739,
    "hoops": null,
    "surface": null,
    "lit": null,
    "address": null,
    "region": "tennessee",
    "osm_id": null,
    "updated": "2026-10-08"
   }
  },
  {
   "type": "Feature",
   "geometry": {
    "type": "Point",
    "coordinates": [
     -85.261667,
     36.137873
    ]
   },
   "properties": {
    "id": "det-58570a37054d",
    "name": null,
    "source": "detected",
    "status": "candidate",
    "confidence": 0.739,
    "hoops": null,
    "surface": null,
    "lit": null,
    "address": null,
    "region": "tennessee",
    "osm_id": null,
    "updated": "2026-10-08"
   }
  },
  {
   "type": "Feature",
   "geometry": {
    "type": "Point",
    "coordinates": [
     -86.345556,
     35.768195
    ]
   },
   "properties": {
    "id": "det-534253dbb52c",
    "name": null,
    "source": "detected",
    "status": "candidate",
    "confidence": 0.738,
    "hoops": null,
    "surface": null,
    "lit": null,
    "address": null,
    "region": "tennessee",
    "osm_id": null,
    "updated": "2026-10-08"
   }
  },
  {
   "type": "Feature",
   "geometry": {
    "type": "Point",
    "coordinates": [
     -86.304614,
     36.17095
    ]
   },
   "properties": {
    "id": "det-c6a0975812d8",
    "name": null,
    "source": "detected",
    "status": "candidate",
    "confidence": 0.738,
    "hoops": null,
    "surface": null,
    "lit": null,
    "address": null,
    "region": "tennessee",
    "osm_id": null,
    "updated": "2026-10-08"
   }
  },
  {
   "type": "Feature",
   "geometry": {
    "type": "Point",
    "coordinates": [
     -87.266014,
     36.046362
    ]
   },
   "properties": {
    "id": "det-d31c20fadccd",
    "name": null,
    "source": "detected",
    "status": "candidate",
    "confidence": 0.738,
    "hoops": null,
    "surface": null,
    "lit": null,
    "address": null,
    "region": "tennessee",
    "osm_id": null,
    "updated": "2026-10-08"
   }
  },
  {
   "type": "Feature",
   "geometry": {
    "type": "Point",
    "coordinates": [
     -85.444326,
     36.10388
    ]
   },
   "properties": {
    "id": "det-ad28f274b152",
    "name": null,
    "source": "detected",
    "status": "candidate",
    "confidence": 0.738,
    "hoops": null,
    "surface": null,
    "lit": null,
    "address": null,
    "region": "tennessee",
    "osm_id": null,
    "updated": "2026-10-08"
   }
  },
  {
   "type": "Feature",
   "geometry": {
    "type": "Point",
    "coordinates": [
     -82.479154,
     36.416998
    ]
   },
   "properties": {
    "id": "det-c86db0e64158",
    "name": null,
    "source": "detected",
    "status": "candidate",
    "confidence": 0.738,
    "hoops": null,
    "surface": null,
    "lit": null,
    "address": null,
    "region": "tennessee",
    "osm_id": null,
    "updated": "2026-10-08"
   }
  },
  {
   "type": "Feature",
   "geometry": {
    "type": "Point",
    "coordinates": [
     -86.622532,
     36.293374
    ]
   },
   "properties": {
    "id": "det-564bfe996aad",
    "name": null,
    "source": "detected",
    "status": "candidate",
    "confidence": 0.738,
    "hoops": null,
    "surface": null,
    "lit": null,
    "address": null,
    "region": "tennessee",
    "osm_id": null,
    "updated": "2026-10-08"
   }
  },
  {
   "type": "Feature",
   "geometry": {
    "type": "Point",
    "coordinates": [
     -84.747731,
     35.296879
    ]
   },
   "properties": {
    "id": "det-d3d03bc98928",
    "name": null,
    "source": "detected",
    "status": "candidate",
    "confidence": 0.738,
    "hoops": null,
    "surface": null,
    "lit": null,
    "address": null,
    "region": "tennessee",
    "osm_id": null,
    "updated": "2026-10-08"
   }
  },
  {
   "type": "Feature",
   "geometry": {
    "type": "Point",
    "coordinates": [
     -84.874442,
     35.140297
    ]
   },
   "properties": {
    "id": "det-0e6bb42e6a19",
    "name": null,
    "source": "detected",
    "status": "candidate",
    "confidence": 0.738,
    "hoops": null,
    "surface": null,
    "lit": null,
    "address": null,
    "region": "tennessee",
    "osm_id": null,
    "updated": "2026-10-08"
   }
  },
  {
   "type": "Feature",
   "geometry": {
    "type": "Point",
    "coordinates": [
     -84.291831,
     35.840593
    ]
   },
   "properties": {
    "id": "det-0962ca29b08c",
    "name": null,
    "source": "detected",
    "status": "candidate",
    "confidence": 0.737,
    "hoops": null,
    "surface": null,
    "lit": null,
    "address": null,
    "region": "tennessee",
    "osm_id": null,
    "updated": "2026-10-08"
   }
  },
  {
   "type": "Feature",
   "geometry": {
    "type": "Point",
    "coordinates": [
     -86.101191,
     35.183564
    ]
   },
   "properties": {
    "id": "det-bcd4ead06427",
    "name": null,
    "source": "detected",
    "status": "candidate",
    "confidence": 0.737,
    "hoops": null,
    "surface": null,
    "lit": null,
    "address": null,
    "region": "tennessee",
    "osm_id": null,
    "updated": "2026-10-08"
   }
  },
  {
   "type": "Feature",
   "geometry": {
    "type": "Point",
    "coordinates": [
     -90.079381,
     35.057105
    ]
   },
   "properties": {
    "id": "det-34fa14f059c0",
    "name": null,
    "source": "detected",
    "status": "candidate",
    "confidence": 0.737,
    "hoops": null,
    "surface": null,
    "lit": null,
    "address": null,
    "region": "tennessee",
    "osm_id": null,
    "updated": "2026-10-08"
   }
  },
  {
   "type": "Feature",
   "geometry": {
    "type": "Point",
    "coordinates": [
     -86.37967,
     35.952622
    ]
   },
   "properties": {
    "id": "det-180bbfb03d10",
    "name": null,
    "source": "detected",
    "status": "candidate",
    "confidence": 0.736,
    "hoops": null,
    "surface": null,
    "lit": null,
    "address": null,
    "region": "tennessee",
    "osm_id": null,
    "updated": "2026-10-08"
   }
  },
  {
   "type": "Feature",
   "geometry": {
    "type": "Point",
    "coordinates": [
     -82.35532,
     36.196188
    ]
   },
   "properties": {
    "id": "det-d624fdbc049b",
    "name": null,
    "source": "detected",
    "status": "candidate",
    "confidence": 0.736,
    "hoops": null,
    "surface": null,
    "lit": null,
    "address": null,
    "region": "tennessee",
    "osm_id": null,
    "updated": "2026-10-08"
   }
  },
  {
   "type": "Feature",
   "geometry": {
    "type": "Point",
    "coordinates": [
     -86.860411,
     36.032627
    ]
   },
   "properties": {
    "id": "det-76f941719f2d",
    "name": null,
    "source": "detected",
    "status": "candidate",
    "confidence": 0.736,
    "hoops": null,
    "surface": null,
    "lit": null,
    "address": null,
    "region": "tennessee",
    "osm_id": null,
    "updated": "2026-10-08"
   }
  },
  {
   "type": "Feature",
   "geometry": {
    "type": "Point",
    "coordinates": [
     -84.228989,
     35.862047
    ]
   },
   "properties": {
    "id": "det-93872f319b1a",
    "name": null,
    "source": "detected",
    "status": "candidate",
    "confidence": 0.736,
    "hoops": null,
    "surface": null,
    "lit": null,
    "address": null,
    "region": "tennessee",
    "osm_id": null,
    "updated": "2026-10-08"
   }
  },
  {
   "type": "Feature",
   "geometry": {
    "type": "Point",
    "coordinates": [
     -84.232378,
     35.79841
    ]
   },
   "properties": {
    "id": "det-d41631c371fd",
    "name": null,
    "source": "detected",
    "status": "candidate",
    "confidence": 0.736,
    "hoops": null,
    "surface": null,
    "lit": null,
    "address": null,
    "region": "tennessee",
    "osm_id": null,
    "updated": "2026-10-08"
   }
  },
  {
   "type": "Feature",
   "geometry": {
    "type": "Point",
    "coordinates": [
     -82.41385,
     36.490808
    ]
   },
   "properties": {
    "id": "det-6089e34c9ada",
    "name": null,
    "source": "detected",
    "status": "candidate",
    "confidence": 0.735,
    "hoops": null,
    "surface": null,
    "lit": null,
    "address": null,
    "region": "tennessee",
    "osm_id": null,
    "updated": "2026-10-08"
   }
  },
  {
   "type": "Feature",
   "geometry": {
    "type": "Point",
    "coordinates": [
     -82.03101,
     36.353805
    ]
   },
   "properties": {
    "id": "det-cc7a760bdb7d",
    "name": null,
    "source": "detected",
    "status": "candidate",
    "confidence": 0.735,
    "hoops": null,
    "surface": null,
    "lit": null,
    "address": null,
    "region": "tennessee",
    "osm_id": null,
    "updated": "2026-10-08"
   }
  },
  {
   "type": "Feature",
   "geometry": {
    "type": "Point",
    "coordinates": [
     -88.491662,
     35.73239
    ]
   },
   "properties": {
    "id": "det-c3246170e04d",
    "name": null,
    "source": "detected",
    "status": "candidate",
    "confidence": 0.735,
    "hoops": null,
    "surface": null,
    "lit": null,
    "address": null,
    "region": "tennessee",
    "osm_id": null,
    "updated": "2026-10-08"
   }
  },
  {
   "type": "Feature",
   "geometry": {
    "type": "Point",
    "coordinates": [
     -84.003084,
     35.780789
    ]
   },
   "properties": {
    "id": "det-10754e69cd05",
    "name": null,
    "source": "detected",
    "status": "candidate",
    "confidence": 0.735,
    "hoops": null,
    "surface": null,
    "lit": null,
    "address": null,
    "region": "tennessee",
    "osm_id": null,
    "updated": "2026-10-08"
   }
  },
  {
   "type": "Feature",
   "geometry": {
    "type": "Point",
    "coordinates": [
     -83.965793,
     36.026047
    ]
   },
   "properties": {
    "id": "det-3e3c6717ada5",
    "name": null,
    "source": "detected",
    "status": "candidate",
    "confidence": 0.734,
    "hoops": null,
    "surface": null,
    "lit": null,
    "address": null,
    "region": "tennessee",
    "osm_id": null,
    "updated": "2026-10-08"
   }
  },
  {
   "type": "Feature",
   "geometry": {
    "type": "Point",
    "coordinates": [
     -82.411591,
     36.140412
    ]
   },
   "properties": {
    "id": "det-6222ae73daf8",
    "name": null,
    "source": "detected",
    "status": "candidate",
    "confidence": 0.734,
    "hoops": null,
    "surface": null,
    "lit": null,
    "address": null,
    "region": "tennessee",
    "osm_id": null,
    "updated": "2026-10-08"
   }
  },
  {
   "type": "Feature",
   "geometry": {
    "type": "Point",
    "coordinates": [
     -86.850572,
     35.873794
    ]
   },
   "properties": {
    "id": "det-c7677ae76fb3",
    "name": null,
    "source": "detected",
    "status": "candidate",
    "confidence": 0.733,
    "hoops": null,
    "surface": null,
    "lit": null,
    "address": null,
    "region": "tennessee",
    "osm_id": null,
    "updated": "2026-10-08"
   }
  },
  {
   "type": "Feature",
   "geometry": {
    "type": "Point",
    "coordinates": [
     -86.373857,
     35.287281
    ]
   },
   "properties": {
    "id": "det-b6ea3aac9419",
    "name": null,
    "source": "detected",
    "status": "candidate",
    "confidence": 0.733,
    "hoops": null,
    "surface": null,
    "lit": null,
    "address": null,
    "region": "tennessee",
    "osm_id": null,
    "updated": "2026-10-08"
   }
  },
  {
   "type": "Feature",
   "geometry": {
    "type": "Point",
    "coordinates": [
     -89.360037,
     35.281529
    ]
   },
   "properties": {
    "id": "det-92a8cf7dbc60",
    "name": null,
    "source": "detected",
    "status": "candidate",
    "confidence": 0.733,
    "hoops": null,
    "surface": null,
    "lit": null,
    "address": null,
    "region": "tennessee",
    "osm_id": null,
    "updated": "2026-10-08"
   }
  },
  {
   "type": "Feature",
   "geometry": {
    "type": "Point",
    "coordinates": [
     -87.319025,
     35.927682
    ]
   },
   "properties": {
    "id": "det-b7b34dcbd79f",
    "name": null,
    "source": "detected",
    "status": "candidate",
    "confidence": 0.733,
    "hoops": null,
    "surface": null,
    "lit": null,
    "address": null,
    "region": "tennessee",
    "osm_id": null,
    "updated": "2026-10-08"
   }
  },
  {
   "type": "Feature",
   "geometry": {
    "type": "Point",
    "coordinates": [
     -81.91416,
     36.438313
    ]
   },
   "properties": {
    "id": "det-2b4454f2a5f3",
    "name": null,
    "source": "detected",
    "status": "candidate",
    "confidence": 0.732,
    "hoops": null,
    "surface": null,
    "lit": null,
    "address": null,
    "region": "tennessee",
    "osm_id": null,
    "updated": "2026-10-08"
   }
  },
  {
   "type": "Feature",
   "geometry": {
    "type": "Point",
    "coordinates": [
     -85.781714,
     36.57529
    ]
   },
   "properties": {
    "id": "det-8687585b565f",
    "name": null,
    "source": "detected",
    "status": "candidate",
    "confidence": 0.732,
    "hoops": null,
    "surface": null,
    "lit": null,
    "address": null,
    "region": "tennessee",
    "osm_id": null,
    "updated": "2026-10-08"
   }
  },
  {
   "type": "Feature",
   "geometry": {
    "type": "Point",
    "coordinates": [
     -83.973749,
     35.793283
    ]
   },
   "properties": {
    "id": "det-853da15157a2",
    "name": null,
    "source": "detected",
    "status": "candidate",
    "confidence": 0.732,
    "hoops": null,
    "surface": null,
    "lit": null,
    "address": null,
    "region": "tennessee",
    "osm_id": null,
    "updated": "2026-10-08"
   }
  },
  {
   "type": "Feature",
   "geometry": {
    "type": "Point",
    "coordinates": [
     -90.054289,
     35.117608
    ]
   },
   "properties": {
    "id": "det-cb57ecefa6b0",
    "name": null,
    "source": "detected",
    "status": "candidate",
    "confidence": 0.732,
    "hoops": null,
    "surface": null,
    "lit": null,
    "address": null,
    "region": "tennessee",
    "osm_id": null,
    "updated": "2026-10-08"
   }
  },
  {
   "type": "Feature",
   "geometry": {
    "type": "Point",
    "coordinates": [
     -89.95032,
     35.111914
    ]
   },
   "properties": {
    "id": "det-2ed9bc701252",
    "name": null,
    "source": "detected",
    "status": "candidate",
    "confidence": 0.731,
    "hoops": null,
    "surface": null,
    "lit": null,
    "address": null,
    "region": "tennessee",
    "osm_id": null,
    "updated": "2026-10-08"
   }
  },
  {
   "type": "Feature",
   "geometry": {
    "type": "Point",
    "coordinates": [
     -84.573464,
     36.103321
    ]
   },
   "properties": {
    "id": "det-31652d726ecd",
    "name": null,
    "source": "detected",
    "status": "candidate",
    "confidence": 0.731,
    "hoops": null,
    "surface": null,
    "lit": null,
    "address": null,
    "region": "tennessee",
    "osm_id": null,
    "updated": "2026-10-08"
   }
  },
  {
   "type": "Feature",
   "geometry": {
    "type": "Point",
    "coordinates": [
     -83.943372,
     35.810752
    ]
   },
   "properties": {
    "id": "det-e4f3624ee7a5",
    "name": null,
    "source": "detected",
    "status": "candidate",
    "confidence": 0.731,
    "hoops": null,
    "surface": null,
    "lit": null,
    "address": null,
    "region": "tennessee",
    "osm_id": null,
    "updated": "2026-10-08"
   }
  },
  {
   "type": "Feature",
   "geometry": {
    "type": "Point",
    "coordinates": [
     -84.032616,
     36.20013
    ]
   },
   "properties": {
    "id": "det-1918aa824e02",
    "name": null,
    "source": "detected",
    "status": "candidate",
    "confidence": 0.731,
    "hoops": null,
    "surface": null,
    "lit": null,
    "address": null,
    "region": "tennessee",
    "osm_id": null,
    "updated": "2026-10-08"
   }
  },
  {
   "type": "Feature",
   "geometry": {
    "type": "Point",
    "coordinates": [
     -87.020277,
     35.18609
    ]
   },
   "properties": {
    "id": "det-33f375ad5e22",
    "name": null,
    "source": "detected",
    "status": "candidate",
    "confidence": 0.73,
    "hoops": null,
    "surface": null,
    "lit": null,
    "address": null,
    "region": "tennessee",
    "osm_id": null,
    "updated": "2026-10-08"
   }
  },
  {
   "type": "Feature",
   "geometry": {
    "type": "Point",
    "coordinates": [
     -82.632696,
     36.569671
    ]
   },
   "properties": {
    "id": "det-1d51f3f5a1bc",
    "name": null,
    "source": "detected",
    "status": "candidate",
    "confidence": 0.73,
    "hoops": null,
    "surface": null,
    "lit": null,
    "address": null,
    "region": "tennessee",
    "osm_id": null,
    "updated": "2026-10-08"
   }
  },
  {
   "type": "Feature",
   "geometry": {
    "type": "Point",
    "coordinates": [
     -88.588171,
     35.88291
    ]
   },
   "properties": {
    "id": "det-c6bb41d4ed5a",
    "name": null,
    "source": "detected",
    "status": "candidate",
    "confidence": 0.73,
    "hoops": null,
    "surface": null,
    "lit": null,
    "address": null,
    "region": "tennessee",
    "osm_id": null,
    "updated": "2026-10-08"
   }
  },
  {
   "type": "Feature",
   "geometry": {
    "type": "Point",
    "coordinates": [
     -83.933466,
     35.947693
    ]
   },
   "properties": {
    "id": "det-0305adf4add2",
    "name": null,
    "source": "detected",
    "status": "candidate",
    "confidence": 0.73,
    "hoops": null,
    "surface": null,
    "lit": null,
    "address": null,
    "region": "tennessee",
    "osm_id": null,
    "updated": "2026-10-08"
   }
  },
  {
   "type": "Feature",
   "geometry": {
    "type": "Point",
    "coordinates": [
     -88.077418,
     36.437386
    ]
   },
   "properties": {
    "id": "det-702dbd60b638",
    "name": null,
    "source": "detected",
    "status": "candidate",
    "confidence": 0.729,
    "hoops": null,
    "surface": null,
    "lit": null,
    "address": null,
    "region": "tennessee",
    "osm_id": null,
    "updated": "2026-10-08"
   }
  },
  {
   "type": "Feature",
   "geometry": {
    "type": "Point",
    "coordinates": [
     -86.566142,
     36.504362
    ]
   },
   "properties": {
    "id": "det-e032ee7d6e5f",
    "name": null,
    "source": "detected",
    "status": "candidate",
    "confidence": 0.729,
    "hoops": null,
    "surface": null,
    "lit": null,
    "address": null,
    "region": "tennessee",
    "osm_id": null,
    "updated": "2026-10-08"
   }
  },
  {
   "type": "Feature",
   "geometry": {
    "type": "Point",
    "coordinates": [
     -88.330079,
     36.432302
    ]
   },
   "properties": {
    "id": "det-af9d01dd841a",
    "name": null,
    "source": "detected",
    "status": "candidate",
    "confidence": 0.729,
    "hoops": null,
    "surface": null,
    "lit": null,
    "address": null,
    "region": "tennessee",
    "osm_id": null,
    "updated": "2026-10-08"
   }
  },
  {
   "type": "Feature",
   "geometry": {
    "type": "Point",
    "coordinates": [
     -89.9551,
     35.036887
    ]
   },
   "properties": {
    "id": "det-5d58a384b7e0",
    "name": null,
    "source": "detected",
    "status": "candidate",
    "confidence": 0.729,
    "hoops": null,
    "surface": null,
    "lit": null,
    "address": null,
    "region": "tennessee",
    "osm_id": null,
    "updated": "2026-10-08"
   }
  },
  {
   "type": "Feature",
   "geometry": {
    "type": "Point",
    "coordinates": [
     -89.864836,
     35.331887
    ]
   },
   "properties": {
    "id": "det-7855c27bf201",
    "name": null,
    "source": "detected",
    "status": "candidate",
    "confidence": 0.729,
    "hoops": null,
    "surface": null,
    "lit": null,
    "address": null,
    "region": "tennessee",
    "osm_id": null,
    "updated": "2026-10-08"
   }
  },
  {
   "type": "Feature",
   "geometry": {
    "type": "Point",
    "coordinates": [
     -90.013826,
     35.008536
    ]
   },
   "properties": {
    "id": "det-ff0aafbf5e81",
    "name": null,
    "source": "detected",
    "status": "candidate",
    "confidence": 0.729,
    "hoops": null,
    "surface": null,
    "lit": null,
    "address": null,
    "region": "tennessee",
    "osm_id": null,
    "updated": "2026-10-08"
   }
  },
  {
   "type": "Feature",
   "geometry": {
    "type": "Point",
    "coordinates": [
     -82.288334,
     36.332156
    ]
   },
   "properties": {
    "id": "det-0243f4c010a8",
    "name": null,
    "source": "detected",
    "status": "candidate",
    "confidence": 0.728,
    "hoops": null,
    "surface": null,
    "lit": null,
    "address": null,
    "region": "tennessee",
    "osm_id": null,
    "updated": "2026-10-08"
   }
  },
  {
   "type": "Feature",
   "geometry": {
    "type": "Point",
    "coordinates": [
     -87.338282,
     35.245198
    ]
   },
   "properties": {
    "id": "det-d3189dc60966",
    "name": null,
    "source": "detected",
    "status": "candidate",
    "confidence": 0.728,
    "hoops": null,
    "surface": null,
    "lit": null,
    "address": null,
    "region": "tennessee",
    "osm_id": null,
    "updated": "2026-10-08"
   }
  },
  {
   "type": "Feature",
   "geometry": {
    "type": "Point",
    "coordinates": [
     -86.701596,
     36.096022
    ]
   },
   "properties": {
    "id": "det-7a9ad760b84b",
    "name": null,
    "source": "detected",
    "status": "candidate",
    "confidence": 0.728,
    "hoops": null,
    "surface": null,
    "lit": null,
    "address": null,
    "region": "tennessee",
    "osm_id": null,
    "updated": "2026-10-08"
   }
  },
  {
   "type": "Feature",
   "geometry": {
    "type": "Point",
    "coordinates": [
     -83.825178,
     35.714879
    ]
   },
   "properties": {
    "id": "det-54ae549211c8",
    "name": null,
    "source": "detected",
    "status": "candidate",
    "confidence": 0.728,
    "hoops": null,
    "surface": null,
    "lit": null,
    "address": null,
    "region": "tennessee",
    "osm_id": null,
    "updated": "2026-10-08"
   }
  },
  {
   "type": "Feature",
   "geometry": {
    "type": "Point",
    "coordinates": [
     -90.066614,
     35.090631
    ]
   },
   "properties": {
    "id": "det-946788a844bc",
    "name": null,
    "source": "detected",
    "status": "candidate",
    "confidence": 0.728,
    "hoops": null,
    "surface": null,
    "lit": null,
    "address": null,
    "region": "tennessee",
    "osm_id": null,
    "updated": "2026-10-08"
   }
  },
  {
   "type": "Feature",
   "geometry": {
    "type": "Point",
    "coordinates": [
     -83.162952,
     35.957859
    ]
   },
   "properties": {
    "id": "det-b8c4b3660f2b",
    "name": null,
    "source": "detected",
    "status": "candidate",
    "confidence": 0.727,
    "hoops": null,
    "surface": null,
    "lit": null,
    "address": null,
    "region": "tennessee",
    "osm_id": null,
    "updated": "2026-10-08"
   }
  },
  {
   "type": "Feature",
   "geometry": {
    "type": "Point",
    "coordinates": [
     -84.600241,
     35.444021
    ]
   },
   "properties": {
    "id": "det-9e205458227e",
    "name": null,
    "source": "detected",
    "status": "candidate",
    "confidence": 0.727,
    "hoops": null,
    "surface": null,
    "lit": null,
    "address": null,
    "region": "tennessee",
    "osm_id": null,
    "updated": "2026-10-08"
   }
  },
  {
   "type": "Feature",
   "geometry": {
    "type": "Point",
    "coordinates": [
     -88.801244,
     35.620887
    ]
   },
   "properties": {
    "id": "det-c6e9ed1e111a",
    "name": null,
    "source": "detected",
    "status": "candidate",
    "confidence": 0.726,
    "hoops": null,
    "surface": null,
    "lit": null,
    "address": null,
    "region": "tennessee",
    "osm_id": null,
    "updated": "2026-10-08"
   }
  },
  {
   "type": "Feature",
   "geometry": {
    "type": "Point",
    "coordinates": [
     -83.203718,
     36.25505
    ]
   },
   "properties": {
    "id": "det-b5797fb9fc6b",
    "name": null,
    "source": "detected",
    "status": "candidate",
    "confidence": 0.726,
    "hoops": null,
    "surface": null,
    "lit": null,
    "address": null,
    "region": "tennessee",
    "osm_id": null,
    "updated": "2026-10-08"
   }
  },
  {
   "type": "Feature",
   "geometry": {
    "type": "Point",
    "coordinates": [
     -86.415269,
     35.059382
    ]
   },
   "properties": {
    "id": "det-3a15079e5717",
    "name": null,
    "source": "detected",
    "status": "candidate",
    "confidence": 0.725,
    "hoops": null,
    "surface": null,
    "lit": null,
    "address": null,
    "region": "tennessee",
    "osm_id": null,
    "updated": "2026-10-08"
   }
  },
  {
   "type": "Feature",
   "geometry": {
    "type": "Point",
    "coordinates": [
     -84.40475,
     36.378695
    ]
   },
   "properties": {
    "id": "det-e8d4957bfd8e",
    "name": null,
    "source": "detected",
    "status": "candidate",
    "confidence": 0.725,
    "hoops": null,
    "surface": null,
    "lit": null,
    "address": null,
    "region": "tennessee",
    "osm_id": null,
    "updated": "2026-10-08"
   }
  },
  {
   "type": "Feature",
   "geometry": {
    "type": "Point",
    "coordinates": [
     -82.09362,
     36.407028
    ]
   },
   "properties": {
    "id": "det-d6982c999682",
    "name": null,
    "source": "detected",
    "status": "candidate",
    "confidence": 0.725,
    "hoops": null,
    "surface": null,
    "lit": null,
    "address": null,
    "region": "tennessee",
    "osm_id": null,
    "updated": "2026-10-08"
   }
  },
  {
   "type": "Feature",
   "geometry": {
    "type": "Point",
    "coordinates": [
     -89.964743,
     35.093174
    ]
   },
   "properties": {
    "id": "det-1b6eddfed66e",
    "name": null,
    "source": "detected",
    "status": "candidate",
    "confidence": 0.724,
    "hoops": null,
    "surface": null,
    "lit": null,
    "address": null,
    "region": "tennessee",
    "osm_id": null,
    "updated": "2026-10-08"
   }
  },
  {
   "type": "Feature",
   "geometry": {
    "type": "Point",
    "coordinates": [
     -82.854919,
     36.104988
    ]
   },
   "properties": {
    "id": "det-17985ed0164f",
    "name": null,
    "source": "detected",
    "status": "candidate",
    "confidence": 0.724,
    "hoops": null,
    "surface": null,
    "lit": null,
    "address": null,
    "region": "tennessee",
    "osm_id": null,
    "updated": "2026-10-08"
   }
  },
  {
   "type": "Feature",
   "geometry": {
    "type": "Point",
    "coordinates": [
     -86.374434,
     35.280494
    ]
   },
   "properties": {
    "id": "det-f0fed27d49cc",
    "name": null,
    "source": "detected",
    "status": "candidate",
    "confidence": 0.723,
    "hoops": null,
    "surface": null,
    "lit": null,
    "address": null,
    "region": "tennessee",
    "osm_id": null,
    "updated": "2026-10-08"
   }
  },
  {
   "type": "Feature",
   "geometry": {
    "type": "Point",
    "coordinates": [
     -84.57664,
     36.100725
    ]
   },
   "properties": {
    "id": "det-6dbe1dd3cd6c",
    "name": null,
    "source": "detected",
    "status": "candidate",
    "confidence": 0.723,
    "hoops": null,
    "surface": null,
    "lit": null,
    "address": null,
    "region": "tennessee",
    "osm_id": null,
    "updated": "2026-10-08"
   }
  },
  {
   "type": "Feature",
   "geometry": {
    "type": "Point",
    "coordinates": [
     -83.785758,
     36.185219
    ]
   },
   "properties": {
    "id": "det-f58f394a0e87",
    "name": null,
    "source": "detected",
    "status": "candidate",
    "confidence": 0.723,
    "hoops": null,
    "surface": null,
    "lit": null,
    "address": null,
    "region": "tennessee",
    "osm_id": null,
    "updated": "2026-10-08"
   }
  },
  {
   "type": "Feature",
   "geometry": {
    "type": "Point",
    "coordinates": [
     -83.302663,
     36.205208
    ]
   },
   "properties": {
    "id": "det-ae60d8768e23",
    "name": null,
    "source": "detected",
    "status": "candidate",
    "confidence": 0.723,
    "hoops": null,
    "surface": null,
    "lit": null,
    "address": null,
    "region": "tennessee",
    "osm_id": null,
    "updated": "2026-10-08"
   }
  },
  {
   "type": "Feature",
   "geometry": {
    "type": "Point",
    "coordinates": [
     -89.861878,
     35.208741
    ]
   },
   "properties": {
    "id": "det-eab5203dfa24",
    "name": null,
    "source": "detected",
    "status": "candidate",
    "confidence": 0.722,
    "hoops": null,
    "surface": null,
    "lit": null,
    "address": null,
    "region": "tennessee",
    "osm_id": null,
    "updated": "2026-10-08"
   }
  },
  {
   "type": "Feature",
   "geometry": {
    "type": "Point",
    "coordinates": [
     -83.75546,
     35.673382
    ]
   },
   "properties": {
    "id": "det-a3a8f8230376",
    "name": null,
    "source": "detected",
    "status": "candidate",
    "confidence": 0.722,
    "hoops": null,
    "surface": null,
    "lit": null,
    "address": null,
    "region": "tennessee",
    "osm_id": null,
    "updated": "2026-10-08"
   }
  },
  {
   "type": "Feature",
   "geometry": {
    "type": "Point",
    "coordinates": [
     -85.316217,
     35.042479
    ]
   },
   "properties": {
    "id": "det-232d47b5ced2",
    "name": null,
    "source": "detected",
    "status": "candidate",
    "confidence": 0.722,
    "hoops": null,
    "surface": null,
    "lit": null,
    "address": null,
    "region": "chattanooga",
    "osm_id": null,
    "updated": "2026-10-08"
   }
  },
  {
   "type": "Feature",
   "geometry": {
    "type": "Point",
    "coordinates": [
     -84.652487,
     35.180091
    ]
   },
   "properties": {
    "id": "det-7cbaebc75cbe",
    "name": null,
    "source": "detected",
    "status": "candidate",
    "confidence": 0.721,
    "hoops": null,
    "surface": null,
    "lit": null,
    "address": null,
    "region": "tennessee",
    "osm_id": null,
    "updated": "2026-10-08"
   }
  },
  {
   "type": "Feature",
   "geometry": {
    "type": "Point",
    "coordinates": [
     -86.723038,
     36.266133
    ]
   },
   "properties": {
    "id": "det-aa1ddc02c5a9",
    "name": null,
    "source": "detected",
    "status": "candidate",
    "confidence": 0.721,
    "hoops": null,
    "surface": null,
    "lit": null,
    "address": null,
    "region": "tennessee",
    "osm_id": null,
    "updated": "2026-10-08"
   }
  },
  {
   "type": "Feature",
   "geometry": {
    "type": "Point",
    "coordinates": [
     -84.375008,
     35.726437
    ]
   },
   "properties": {
    "id": "det-53897df92122",
    "name": null,
    "source": "detected",
    "status": "candidate",
    "confidence": 0.721,
    "hoops": null,
    "surface": null,
    "lit": null,
    "address": null,
    "region": "tennessee",
    "osm_id": null,
    "updated": "2026-10-08"
   }
  },
  {
   "type": "Feature",
   "geometry": {
    "type": "Point",
    "coordinates": [
     -84.404745,
     36.378833
    ]
   },
   "properties": {
    "id": "det-23b7d6608149",
    "name": null,
    "source": "detected",
    "status": "candidate",
    "confidence": 0.72,
    "hoops": null,
    "surface": null,
    "lit": null,
    "address": null,
    "region": "tennessee",
    "osm_id": null,
    "updated": "2026-10-08"
   }
  },
  {
   "type": "Feature",
   "geometry": {
    "type": "Point",
    "coordinates": [
     -86.792162,
     35.452868
    ]
   },
   "properties": {
    "id": "det-215c7b03039e",
    "name": null,
    "source": "detected",
    "status": "candidate",
    "confidence": 0.72,
    "hoops": null,
    "surface": null,
    "lit": null,
    "address": null,
    "region": "tennessee",
    "osm_id": null,
    "updated": "2026-10-08"
   }
  },
  {
   "type": "Feature",
   "geometry": {
    "type": "Point",
    "coordinates": [
     -86.694315,
     36.265701
    ]
   },
   "properties": {
    "id": "det-38ad5ae9e990",
    "name": null,
    "source": "detected",
    "status": "candidate",
    "confidence": 0.72,
    "hoops": null,
    "surface": null,
    "lit": null,
    "address": null,
    "region": "tennessee",
    "osm_id": null,
    "updated": "2026-10-08"
   }
  },
  {
   "type": "Feature",
   "geometry": {
    "type": "Point",
    "coordinates": [
     -84.577736,
     35.982579
    ]
   },
   "properties": {
    "id": "det-d4d7b26c7c01",
    "name": null,
    "source": "detected",
    "status": "candidate",
    "confidence": 0.72,
    "hoops": null,
    "surface": null,
    "lit": null,
    "address": null,
    "region": "tennessee",
    "osm_id": null,
    "updated": "2026-10-08"
   }
  },
  {
   "type": "Feature",
   "geometry": {
    "type": "Point",
    "coordinates": [
     -83.979459,
     35.778384
    ]
   },
   "properties": {
    "id": "det-8c6bb4ee73e3",
    "name": null,
    "source": "detected",
    "status": "candidate",
    "confidence": 0.719,
    "hoops": null,
    "surface": null,
    "lit": null,
    "address": null,
    "region": "tennessee",
    "osm_id": null,
    "updated": "2026-10-08"
   }
  },
  {
   "type": "Feature",
   "geometry": {
    "type": "Point",
    "coordinates": [
     -85.177557,
     35.091585
    ]
   },
   "properties": {
    "id": "det-6183abac5874",
    "name": null,
    "source": "detected",
    "status": "candidate",
    "confidence": 0.719,
    "hoops": null,
    "surface": null,
    "lit": null,
    "address": null,
    "region": "chattanooga",
    "osm_id": null,
    "updated": "2026-10-08"
   }
  },
  {
   "type": "Feature",
   "geometry": {
    "type": "Point",
    "coordinates": [
     -83.91252,
     36.122537
    ]
   },
   "properties": {
    "id": "det-9ac2fd9a4243",
    "name": null,
    "source": "detected",
    "status": "candidate",
    "confidence": 0.719,
    "hoops": null,
    "surface": null,
    "lit": null,
    "address": null,
    "region": "tennessee",
    "osm_id": null,
    "updated": "2026-10-08"
   }
  },
  {
   "type": "Feature",
   "geometry": {
    "type": "Point",
    "coordinates": [
     -90.021018,
     35.179754
    ]
   },
   "properties": {
    "id": "det-8717696f570f",
    "name": null,
    "source": "detected",
    "status": "candidate",
    "confidence": 0.718,
    "hoops": null,
    "surface": null,
    "lit": null,
    "address": null,
    "region": "tennessee",
    "osm_id": null,
    "updated": "2026-10-08"
   }
  },
  {
   "type": "Feature",
   "geometry": {
    "type": "Point",
    "coordinates": [
     -85.941518,
     36.17129
    ]
   },
   "properties": {
    "id": "det-a5b090dbe0a0",
    "name": null,
    "source": "detected",
    "status": "candidate",
    "confidence": 0.717,
    "hoops": null,
    "surface": null,
    "lit": null,
    "address": null,
    "region": "tennessee",
    "osm_id": null,
    "updated": "2026-10-08"
   }
  },
  {
   "type": "Feature",
   "geometry": {
    "type": "Point",
    "coordinates": [
     -86.662416,
     35.954177
    ]
   },
   "properties": {
    "id": "det-bc5cf299297f",
    "name": null,
    "source": "detected",
    "status": "candidate",
    "confidence": 0.717,
    "hoops": null,
    "surface": null,
    "lit": null,
    "address": null,
    "region": "tennessee",
    "osm_id": null,
    "updated": "2026-10-08"
   }
  },
  {
   "type": "Feature",
   "geometry": {
    "type": "Point",
    "coordinates": [
     -86.610095,
     36.28798
    ]
   },
   "properties": {
    "id": "det-88cadaec6f57",
    "name": null,
    "source": "detected",
    "status": "candidate",
    "confidence": 0.717,
    "hoops": null,
    "surface": null,
    "lit": null,
    "address": null,
    "region": "tennessee",
    "osm_id": null,
    "updated": "2026-10-08"
   }
  },
  {
   "type": "Feature",
   "geometry": {
    "type": "Point",
    "coordinates": [
     -84.493327,
     36.413013
    ]
   },
   "properties": {
    "id": "det-78722942e472",
    "name": null,
    "source": "detected",
    "status": "candidate",
    "confidence": 0.717,
    "hoops": null,
    "surface": null,
    "lit": null,
    "address": null,
    "region": "tennessee",
    "osm_id": null,
    "updated": "2026-10-08"
   }
  },
  {
   "type": "Feature",
   "geometry": {
    "type": "Point",
    "coordinates": [
     -83.71596,
     36.026363
    ]
   },
   "properties": {
    "id": "det-e603132f4dc7",
    "name": null,
    "source": "detected",
    "status": "candidate",
    "confidence": 0.717,
    "hoops": null,
    "surface": null,
    "lit": null,
    "address": null,
    "region": "tennessee",
    "osm_id": null,
    "updated": "2026-10-08"
   }
  },
  {
   "type": "Feature",
   "geometry": {
    "type": "Point",
    "coordinates": [
     -83.992792,
     35.916063
    ]
   },
   "properties": {
    "id": "det-7a931cb486a5",
    "name": null,
    "source": "detected",
    "status": "candidate",
    "confidence": 0.717,
    "hoops": null,
    "surface": null,
    "lit": null,
    "address": null,
    "region": "tennessee",
    "osm_id": null,
    "updated": "2026-10-08"
   }
  },
  {
   "type": "Feature",
   "geometry": {
    "type": "Point",
    "coordinates": [
     -83.224837,
     35.841817
    ]
   },
   "properties": {
    "id": "det-0d1922614344",
    "name": null,
    "source": "detected",
    "status": "candidate",
    "confidence": 0.716,
    "hoops": null,
    "surface": null,
    "lit": null,
    "address": null,
    "region": "tennessee",
    "osm_id": null,
    "updated": "2026-10-08"
   }
  },
  {
   "type": "Feature",
   "geometry": {
    "type": "Point",
    "coordinates": [
     -85.669696,
     35.03929
    ]
   },
   "properties": {
    "id": "det-14cc9378e4eb",
    "name": null,
    "source": "detected",
    "status": "candidate",
    "confidence": 0.716,
    "hoops": null,
    "surface": null,
    "lit": null,
    "address": null,
    "region": "tennessee",
    "osm_id": null,
    "updated": "2026-10-08"
   }
  },
  {
   "type": "Feature",
   "geometry": {
    "type": "Point",
    "coordinates": [
     -87.116195,
     36.097134
    ]
   },
   "properties": {
    "id": "det-a6c368992e94",
    "name": null,
    "source": "detected",
    "status": "candidate",
    "confidence": 0.716,
    "hoops": null,
    "surface": null,
    "lit": null,
    "address": null,
    "region": "tennessee",
    "osm_id": null,
    "updated": "2026-10-08"
   }
  },
  {
   "type": "Feature",
   "geometry": {
    "type": "Point",
    "coordinates": [
     -86.666736,
     36.156437
    ]
   },
   "properties": {
    "id": "det-667ce7ab7f11",
    "name": null,
    "source": "detected",
    "status": "candidate",
    "confidence": 0.716,
    "hoops": null,
    "surface": null,
    "lit": null,
    "address": null,
    "region": "tennessee",
    "osm_id": null,
    "updated": "2026-10-08"
   }
  },
  {
   "type": "Feature",
   "geometry": {
    "type": "Point",
    "coordinates": [
     -86.49295,
     36.23296
    ]
   },
   "properties": {
    "id": "det-a02ca9b4e9fa",
    "name": null,
    "source": "detected",
    "status": "candidate",
    "confidence": 0.716,
    "hoops": null,
    "surface": null,
    "lit": null,
    "address": null,
    "region": "tennessee",
    "osm_id": null,
    "updated": "2026-10-08"
   }
  },
  {
   "type": "Feature",
   "geometry": {
    "type": "Point",
    "coordinates": [
     -83.293372,
     36.237583
    ]
   },
   "properties": {
    "id": "det-0e2c0987f70a",
    "name": null,
    "source": "detected",
    "status": "candidate",
    "confidence": 0.716,
    "hoops": null,
    "surface": null,
    "lit": null,
    "address": null,
    "region": "tennessee",
    "osm_id": null,
    "updated": "2026-10-08"
   }
  },
  {
   "type": "Feature",
   "geometry": {
    "type": "Point",
    "coordinates": [
     -82.021059,
     36.459721
    ]
   },
   "properties": {
    "id": "det-1338f7cafa9f",
    "name": null,
    "source": "detected",
    "status": "candidate",
    "confidence": 0.715,
    "hoops": null,
    "surface": null,
    "lit": null,
    "address": null,
    "region": "tennessee",
    "osm_id": null,
    "updated": "2026-10-08"
   }
  },
  {
   "type": "Feature",
   "geometry": {
    "type": "Point",
    "coordinates": [
     -87.030747,
     35.33549
    ]
   },
   "properties": {
    "id": "det-17ed50dd676d",
    "name": null,
    "source": "detected",
    "status": "candidate",
    "confidence": 0.715,
    "hoops": null,
    "surface": null,
    "lit": null,
    "address": null,
    "region": "tennessee",
    "osm_id": null,
    "updated": "2026-10-08"
   }
  },
  {
   "type": "Feature",
   "geometry": {
    "type": "Point",
    "coordinates": [
     -85.857363,
     35.548343
    ]
   },
   "properties": {
    "id": "det-344ad942074b",
    "name": null,
    "source": "detected",
    "status": "candidate",
    "confidence": 0.714,
    "hoops": null,
    "surface": null,
    "lit": null,
    "address": null,
    "region": "tennessee",
    "osm_id": null,
    "updated": "2026-10-08"
   }
  },
  {
   "type": "Feature",
   "geometry": {
    "type": "Point",
    "coordinates": [
     -86.679023,
     36.178248
    ]
   },
   "properties": {
    "id": "det-44772671cd16",
    "name": null,
    "source": "detected",
    "status": "candidate",
    "confidence": 0.714,
    "hoops": null,
    "surface": null,
    "lit": null,
    "address": null,
    "region": "tennessee",
    "osm_id": null,
    "updated": "2026-10-08"
   }
  },
  {
   "type": "Feature",
   "geometry": {
    "type": "Point",
    "coordinates": [
     -88.243153,
     35.183819
    ]
   },
   "properties": {
    "id": "det-b1ccea471fbf",
    "name": null,
    "source": "detected",
    "status": "candidate",
    "confidence": 0.714,
    "hoops": null,
    "surface": null,
    "lit": null,
    "address": null,
    "region": "tennessee",
    "osm_id": null,
    "updated": "2026-10-08"
   }
  },
  {
   "type": "Feature",
   "geometry": {
    "type": "Point",
    "coordinates": [
     -89.977751,
     35.231442
    ]
   },
   "properties": {
    "id": "det-21729d238671",
    "name": null,
    "source": "detected",
    "status": "candidate",
    "confidence": 0.714,
    "hoops": null,
    "surface": null,
    "lit": null,
    "address": null,
    "region": "tennessee",
    "osm_id": null,
    "updated": "2026-10-08"
   }
  },
  {
   "type": "Feature",
   "geometry": {
    "type": "Point",
    "coordinates": [
     -86.819949,
     36.171834
    ]
   },
   "properties": {
    "id": "det-ec4d0bb6e1ea",
    "name": null,
    "source": "detected",
    "status": "candidate",
    "confidence": 0.714,
    "hoops": null,
    "surface": null,
    "lit": null,
    "address": null,
    "region": "tennessee",
    "osm_id": null,
    "updated": "2026-10-08"
   }
  },
  {
   "type": "Feature",
   "geometry": {
    "type": "Point",
    "coordinates": [
     -84.608639,
     35.445476
    ]
   },
   "properties": {
    "id": "det-c7aa58e22ac7",
    "name": null,
    "source": "detected",
    "status": "candidate",
    "confidence": 0.713,
    "hoops": null,
    "surface": null,
    "lit": null,
    "address": null,
    "region": "tennessee",
    "osm_id": null,
    "updated": "2026-10-08"
   }
  },
  {
   "type": "Feature",
   "geometry": {
    "type": "Point",
    "coordinates": [
     -84.862089,
     35.183944
    ]
   },
   "properties": {
    "id": "det-9dd7eadcc658",
    "name": null,
    "source": "detected",
    "status": "candidate",
    "confidence": 0.713,
    "hoops": null,
    "surface": null,
    "lit": null,
    "address": null,
    "region": "tennessee",
    "osm_id": null,
    "updated": "2026-10-08"
   }
  },
  {
   "type": "Feature",
   "geometry": {
    "type": "Point",
    "coordinates": [
     -90.091462,
     35.030096
    ]
   },
   "properties": {
    "id": "det-f0b1ac302960",
    "name": null,
    "source": "detected",
    "status": "candidate",
    "confidence": 0.712,
    "hoops": null,
    "surface": null,
    "lit": null,
    "address": null,
    "region": "tennessee",
    "osm_id": null,
    "updated": "2026-10-08"
   }
  },
  {
   "type": "Feature",
   "geometry": {
    "type": "Point",
    "coordinates": [
     -83.884947,
     35.882748
    ]
   },
   "properties": {
    "id": "det-171cde969e9e",
    "name": null,
    "source": "detected",
    "status": "candidate",
    "confidence": 0.712,
    "hoops": null,
    "surface": null,
    "lit": null,
    "address": null,
    "region": "tennessee",
    "osm_id": null,
    "updated": "2026-10-08"
   }
  },
  {
   "type": "Feature",
   "geometry": {
    "type": "Point",
    "coordinates": [
     -83.953612,
     36.007202
    ]
   },
   "properties": {
    "id": "det-102db89021c1",
    "name": null,
    "source": "detected",
    "status": "candidate",
    "confidence": 0.712,
    "hoops": null,
    "surface": null,
    "lit": null,
    "address": null,
    "region": "tennessee",
    "osm_id": null,
    "updated": "2026-10-08"
   }
  },
  {
   "type": "Feature",
   "geometry": {
    "type": "Point",
    "coordinates": [
     -82.355596,
     36.196326
    ]
   },
   "properties": {
    "id": "det-142e541d51cd",
    "name": null,
    "source": "detected",
    "status": "candidate",
    "confidence": 0.712,
    "hoops": null,
    "surface": null,
    "lit": null,
    "address": null,
    "region": "tennessee",
    "osm_id": null,
    "updated": "2026-10-08"
   }
  },
  {
   "type": "Feature",
   "geometry": {
    "type": "Point",
    "coordinates": [
     -86.799663,
     36.165994
    ]
   },
   "properties": {
    "id": "det-628cc99fe566",
    "name": null,
    "source": "detected",
    "status": "candidate",
    "confidence": 0.712,
    "hoops": null,
    "surface": null,
    "lit": null,
    "address": null,
    "region": "tennessee",
    "osm_id": null,
    "updated": "2026-10-08"
   }
  },
  {
   "type": "Feature",
   "geometry": {
    "type": "Point",
    "coordinates": [
     -83.975781,
     35.956796
    ]
   },
   "properties": {
    "id": "det-3422d89f49bf",
    "name": null,
    "source": "detected",
    "status": "candidate",
    "confidence": 0.712,
    "hoops": null,
    "surface": null,
    "lit": null,
    "address": null,
    "region": "tennessee",
    "osm_id": null,
    "updated": "2026-10-08"
   }
  },
  {
   "type": "Feature",
   "geometry": {
    "type": "Point",
    "coordinates": [
     -86.84015,
     35.371385
    ]
   },
   "properties": {
    "id": "det-b93e9e890acc",
    "name": null,
    "source": "detected",
    "status": "candidate",
    "confidence": 0.711,
    "hoops": null,
    "surface": null,
    "lit": null,
    "address": null,
    "region": "tennessee",
    "osm_id": null,
    "updated": "2026-10-08"
   }
  },
  {
   "type": "Feature",
   "geometry": {
    "type": "Point",
    "coordinates": [
     -84.659122,
     35.164301
    ]
   },
   "properties": {
    "id": "det-2817c37ca399",
    "name": null,
    "source": "detected",
    "status": "candidate",
    "confidence": 0.711,
    "hoops": null,
    "surface": null,
    "lit": null,
    "address": null,
    "region": "tennessee",
    "osm_id": null,
    "updated": "2026-10-08"
   }
  },
  {
   "type": "Feature",
   "geometry": {
    "type": "Point",
    "coordinates": [
     -87.311671,
     36.051484
    ]
   },
   "properties": {
    "id": "det-23f7d35decea",
    "name": null,
    "source": "detected",
    "status": "candidate",
    "confidence": 0.711,
    "hoops": null,
    "surface": null,
    "lit": null,
    "address": null,
    "region": "tennessee",
    "osm_id": null,
    "updated": "2026-10-08"
   }
  },
  {
   "type": "Feature",
   "geometry": {
    "type": "Point",
    "coordinates": [
     -85.36597,
     35.025574
    ]
   },
   "properties": {
    "id": "det-e5aec080367a",
    "name": null,
    "source": "detected",
    "status": "candidate",
    "confidence": 0.711,
    "hoops": null,
    "surface": null,
    "lit": null,
    "address": null,
    "region": "chattanooga",
    "osm_id": null,
    "updated": "2026-10-08"
   }
  },
  {
   "type": "Feature",
   "geometry": {
    "type": "Point",
    "coordinates": [
     -86.100025,
     35.222613
    ]
   },
   "properties": {
    "id": "det-e1926ad847bd",
    "name": null,
    "source": "detected",
    "status": "candidate",
    "confidence": 0.71,
    "hoops": null,
    "surface": null,
    "lit": null,
    "address": null,
    "region": "tennessee",
    "osm_id": null,
    "updated": "2026-10-08"
   }
  },
  {
   "type": "Feature",
   "geometry": {
    "type": "Point",
    "coordinates": [
     -84.795566,
     36.550676
    ]
   },
   "properties": {
    "id": "det-225ce40320e1",
    "name": null,
    "source": "detected",
    "status": "candidate",
    "confidence": 0.71,
    "hoops": null,
    "surface": null,
    "lit": null,
    "address": null,
    "region": "tennessee",
    "osm_id": null,
    "updated": "2026-10-08"
   }
  },
  {
   "type": "Feature",
   "geometry": {
    "type": "Point",
    "coordinates": [
     -86.716648,
     36.314384
    ]
   },
   "properties": {
    "id": "det-da18e0aa62a2",
    "name": null,
    "source": "detected",
    "status": "candidate",
    "confidence": 0.71,
    "hoops": null,
    "surface": null,
    "lit": null,
    "address": null,
    "region": "tennessee",
    "osm_id": null,
    "updated": "2026-10-08"
   }
  },
  {
   "type": "Feature",
   "geometry": {
    "type": "Point",
    "coordinates": [
     -85.45856,
     36.196077
    ]
   },
   "properties": {
    "id": "det-ad4fcafc802f",
    "name": null,
    "source": "detected",
    "status": "candidate",
    "confidence": 0.71,
    "hoops": null,
    "surface": null,
    "lit": null,
    "address": null,
    "region": "tennessee",
    "osm_id": null,
    "updated": "2026-10-08"
   }
  },
  {
   "type": "Feature",
   "geometry": {
    "type": "Point",
    "coordinates": [
     -85.192577,
     35.590002
    ]
   },
   "properties": {
    "id": "det-6cd58659d441",
    "name": null,
    "source": "detected",
    "status": "candidate",
    "confidence": 0.71,
    "hoops": null,
    "surface": null,
    "lit": null,
    "address": null,
    "region": "tennessee",
    "osm_id": null,
    "updated": "2026-10-08"
   }
  },
  {
   "type": "Feature",
   "geometry": {
    "type": "Point",
    "coordinates": [
     -89.899921,
     35.36309
    ]
   },
   "properties": {
    "id": "det-4cf0a987c3b9",
    "name": null,
    "source": "detected",
    "status": "candidate",
    "confidence": 0.71,
    "hoops": null,
    "surface": null,
    "lit": null,
    "address": null,
    "region": "tennessee",
    "osm_id": null,
    "updated": "2026-10-08"
   }
  },
  {
   "type": "Feature",
   "geometry": {
    "type": "Point",
    "coordinates": [
     -86.825963,
     36.134952
    ]
   },
   "properties": {
    "id": "det-7134a7841dcf",
    "name": null,
    "source": "detected",
    "status": "candidate",
    "confidence": 0.71,
    "hoops": null,
    "surface": null,
    "lit": null,
    "address": null,
    "region": "tennessee",
    "osm_id": null,
    "updated": "2026-10-08"
   }
  },
  {
   "type": "Feature",
   "geometry": {
    "type": "Point",
    "coordinates": [
     -83.351497,
     36.334039
    ]
   },
   "properties": {
    "id": "det-1a58fa9a1c13",
    "name": null,
    "source": "detected",
    "status": "candidate",
    "confidence": 0.71,
    "hoops": null,
    "surface": null,
    "lit": null,
    "address": null,
    "region": "tennessee",
    "osm_id": null,
    "updated": "2026-10-08"
   }
  },
  {
   "type": "Feature",
   "geometry": {
    "type": "Point",
    "coordinates": [
     -86.818724,
     36.183046
    ]
   },
   "properties": {
    "id": "det-2aece90ea8bd",
    "name": null,
    "source": "detected",
    "status": "candidate",
    "confidence": 0.709,
    "hoops": null,
    "surface": null,
    "lit": null,
    "address": null,
    "region": "tennessee",
    "osm_id": null,
    "updated": "2026-10-08"
   }
  },
  {
   "type": "Feature",
   "geometry": {
    "type": "Point",
    "coordinates": [
     -84.385236,
     35.677787
    ]
   },
   "properties": {
    "id": "det-37d8263e1ace",
    "name": null,
    "source": "detected",
    "status": "candidate",
    "confidence": 0.709,
    "hoops": null,
    "surface": null,
    "lit": null,
    "address": null,
    "region": "tennessee",
    "osm_id": null,
    "updated": "2026-10-08"
   }
  },
  {
   "type": "Feature",
   "geometry": {
    "type": "Point",
    "coordinates": [
     -84.148357,
     36.026536
    ]
   },
   "properties": {
    "id": "det-99bad947a9be",
    "name": null,
    "source": "detected",
    "status": "candidate",
    "confidence": 0.709,
    "hoops": null,
    "surface": null,
    "lit": null,
    "address": null,
    "region": "tennessee",
    "osm_id": null,
    "updated": "2026-10-08"
   }
  },
  {
   "type": "Feature",
   "geometry": {
    "type": "Point",
    "coordinates": [
     -83.127863,
     35.949638
    ]
   },
   "properties": {
    "id": "det-c6e25593d522",
    "name": null,
    "source": "detected",
    "status": "candidate",
    "confidence": 0.709,
    "hoops": null,
    "surface": null,
    "lit": null,
    "address": null,
    "region": "tennessee",
    "osm_id": null,
    "updated": "2026-10-08"
   }
  },
  {
   "type": "Feature",
   "geometry": {
    "type": "Point",
    "coordinates": [
     -84.095935,
     35.692067
    ]
   },
   "properties": {
    "id": "det-cde2936b2756",
    "name": null,
    "source": "detected",
    "status": "candidate",
    "confidence": 0.709,
    "hoops": null,
    "surface": null,
    "lit": null,
    "address": null,
    "region": "tennessee",
    "osm_id": null,
    "updated": "2026-10-08"
   }
  },
  {
   "type": "Feature",
   "geometry": {
    "type": "Point",
    "coordinates": [
     -88.538765,
     35.689225
    ]
   },
   "properties": {
    "id": "det-40a05c4658e2",
    "name": null,
    "source": "detected",
    "status": "candidate",
    "confidence": 0.708,
    "hoops": null,
    "surface": null,
    "lit": null,
    "address": null,
    "region": "tennessee",
    "osm_id": null,
    "updated": "2026-10-08"
   }
  },
  {
   "type": "Feature",
   "geometry": {
    "type": "Point",
    "coordinates": [
     -88.823892,
     36.235435
    ]
   },
   "properties": {
    "id": "det-306d22b8414e",
    "name": null,
    "source": "detected",
    "status": "candidate",
    "confidence": 0.708,
    "hoops": null,
    "surface": null,
    "lit": null,
    "address": null,
    "region": "tennessee",
    "osm_id": null,
    "updated": "2026-10-08"
   }
  },
  {
   "type": "Feature",
   "geometry": {
    "type": "Point",
    "coordinates": [
     -89.608236,
     35.505206
    ]
   },
   "properties": {
    "id": "det-84edbd5195ec",
    "name": null,
    "source": "detected",
    "status": "candidate",
    "confidence": 0.708,
    "hoops": null,
    "surface": null,
    "lit": null,
    "address": null,
    "region": "tennessee",
    "osm_id": null,
    "updated": "2026-10-08"
   }
  },
  {
   "type": "Feature",
   "geometry": {
    "type": "Point",
    "coordinates": [
     -83.800502,
     35.812677
    ]
   },
   "properties": {
    "id": "det-e0884d157b5e",
    "name": null,
    "source": "detected",
    "status": "candidate",
    "confidence": 0.708,
    "hoops": null,
    "surface": null,
    "lit": null,
    "address": null,
    "region": "tennessee",
    "osm_id": null,
    "updated": "2026-10-08"
   }
  },
  {
   "type": "Feature",
   "geometry": {
    "type": "Point",
    "coordinates": [
     -85.028289,
     35.018628
    ]
   },
   "properties": {
    "id": "det-817c49cd6de7",
    "name": null,
    "source": "detected",
    "status": "candidate",
    "confidence": 0.708,
    "hoops": null,
    "surface": null,
    "lit": null,
    "address": null,
    "region": "tennessee",
    "osm_id": null,
    "updated": "2026-10-08"
   }
  },
  {
   "type": "Feature",
   "geometry": {
    "type": "Point",
    "coordinates": [
     -86.061905,
     36.575757
    ]
   },
   "properties": {
    "id": "det-ab3471a9c2b6",
    "name": null,
    "source": "detected",
    "status": "candidate",
    "confidence": 0.708,
    "hoops": null,
    "surface": null,
    "lit": null,
    "address": null,
    "region": "tennessee",
    "osm_id": null,
    "updated": "2026-10-08"
   }
  },
  {
   "type": "Feature",
   "geometry": {
    "type": "Point",
    "coordinates": [
     -84.124267,
     35.991645
    ]
   },
   "properties": {
    "id": "det-d66588af9384",
    "name": null,
    "source": "detected",
    "status": "candidate",
    "confidence": 0.708,
    "hoops": null,
    "surface": null,
    "lit": null,
    "address": null,
    "region": "tennessee",
    "osm_id": null,
    "updated": "2026-10-08"
   }
  },
  {
   "type": "Feature",
   "geometry": {
    "type": "Point",
    "coordinates": [
     -82.289818,
     36.300565
    ]
   },
   "properties": {
    "id": "det-207dcf704209",
    "name": null,
    "source": "detected",
    "status": "candidate",
    "confidence": 0.707,
    "hoops": null,
    "surface": null,
    "lit": null,
    "address": null,
    "region": "tennessee",
    "osm_id": null,
    "updated": "2026-10-08"
   }
  },
  {
   "type": "Feature",
   "geometry": {
    "type": "Point",
    "coordinates": [
     -86.344192,
     36.218379
    ]
   },
   "properties": {
    "id": "det-a11c3c65da05",
    "name": null,
    "source": "detected",
    "status": "candidate",
    "confidence": 0.707,
    "hoops": null,
    "surface": null,
    "lit": null,
    "address": null,
    "region": "tennessee",
    "osm_id": null,
    "updated": "2026-10-08"
   }
  },
  {
   "type": "Feature",
   "geometry": {
    "type": "Point",
    "coordinates": [
     -87.22483,
     36.490551
    ]
   },
   "properties": {
    "id": "det-c65f690a278c",
    "name": null,
    "source": "detected",
    "status": "candidate",
    "confidence": 0.707,
    "hoops": null,
    "surface": null,
    "lit": null,
    "address": null,
    "region": "tennessee",
    "osm_id": null,
    "updated": "2026-10-08"
   }
  },
  {
   "type": "Feature",
   "geometry": {
    "type": "Point",
    "coordinates": [
     -85.038038,
     35.946064
    ]
   },
   "properties": {
    "id": "det-6070e80cdc29",
    "name": null,
    "source": "detected",
    "status": "candidate",
    "confidence": 0.707,
    "hoops": null,
    "surface": null,
    "lit": null,
    "address": null,
    "region": "tennessee",
    "osm_id": null,
    "updated": "2026-10-08"
   }
  },
  {
   "type": "Feature",
   "geometry": {
    "type": "Point",
    "coordinates": [
     -84.586251,
     35.450377
    ]
   },
   "properties": {
    "id": "det-47af86099d66",
    "name": null,
    "source": "detected",
    "status": "candidate",
    "confidence": 0.707,
    "hoops": null,
    "surface": null,
    "lit": null,
    "address": null,
    "region": "tennessee",
    "osm_id": null,
    "updated": "2026-10-08"
   }
  },
  {
   "type": "Feature",
   "geometry": {
    "type": "Point",
    "coordinates": [
     -83.940931,
     35.906938
    ]
   },
   "properties": {
    "id": "det-6685c5f59692",
    "name": null,
    "source": "detected",
    "status": "candidate",
    "confidence": 0.707,
    "hoops": null,
    "surface": null,
    "lit": null,
    "address": null,
    "region": "tennessee",
    "osm_id": null,
    "updated": "2026-10-08"
   }
  },
  {
   "type": "Feature",
   "geometry": {
    "type": "Point",
    "coordinates": [
     -81.75646,
     36.565002
    ]
   },
   "properties": {
    "id": "det-3ea486c07311",
    "name": null,
    "source": "detected",
    "status": "candidate",
    "confidence": 0.706,
    "hoops": null,
    "surface": null,
    "lit": null,
    "address": null,
    "region": "tennessee",
    "osm_id": null,
    "updated": "2026-10-08"
   }
  },
  {
   "type": "Feature",
   "geometry": {
    "type": "Point",
    "coordinates": [
     -89.407262,
     36.041431
    ]
   },
   "properties": {
    "id": "det-cfa86b6e6a6a",
    "name": null,
    "source": "detected",
    "status": "candidate",
    "confidence": 0.706,
    "hoops": null,
    "surface": null,
    "lit": null,
    "address": null,
    "region": "tennessee",
    "osm_id": null,
    "updated": "2026-10-08"
   }
  },
  {
   "type": "Feature",
   "geometry": {
    "type": "Point",
    "coordinates": [
     -85.400842,
     35.357387
    ]
   },
   "properties": {
    "id": "det-c1a173966f32",
    "name": null,
    "source": "detected",
    "status": "candidate",
    "confidence": 0.705,
    "hoops": null,
    "surface": null,
    "lit": null,
    "address": null,
    "region": "tennessee",
    "osm_id": null,
    "updated": "2026-10-08"
   }
  },
  {
   "type": "Feature",
   "geometry": {
    "type": "Point",
    "coordinates": [
     -87.297297,
     35.008387
    ]
   },
   "properties": {
    "id": "det-cf065bc56f81",
    "name": null,
    "source": "detected",
    "status": "candidate",
    "confidence": 0.705,
    "hoops": null,
    "surface": null,
    "lit": null,
    "address": null,
    "region": "tennessee",
    "osm_id": null,
    "updated": "2026-10-08"
   }
  },
  {
   "type": "Feature",
   "geometry": {
    "type": "Point",
    "coordinates": [
     -87.774697,
     36.313978
    ]
   },
   "properties": {
    "id": "det-9fdf7b9b1588",
    "name": null,
    "source": "detected",
    "status": "candidate",
    "confidence": 0.705,
    "hoops": null,
    "surface": null,
    "lit": null,
    "address": null,
    "region": "tennessee",
    "osm_id": null,
    "updated": "2026-10-08"
   }
  },
  {
   "type": "Feature",
   "geometry": {
    "type": "Point",
    "coordinates": [
     -89.744405,
     35.312735
    ]
   },
   "properties": {
    "id": "det-0021711699d6",
    "name": null,
    "source": "detected",
    "status": "candidate",
    "confidence": 0.704,
    "hoops": null,
    "surface": null,
    "lit": null,
    "address": null,
    "region": "tennessee",
    "osm_id": null,
    "updated": "2026-10-08"
   }
  },
  {
   "type": "Feature",
   "geometry": {
    "type": "Point",
    "coordinates": [
     -87.348299,
     35.155951
    ]
   },
   "properties": {
    "id": "det-05f97dc9f504",
    "name": null,
    "source": "detected",
    "status": "candidate",
    "confidence": 0.704,
    "hoops": null,
    "surface": null,
    "lit": null,
    "address": null,
    "region": "tennessee",
    "osm_id": null,
    "updated": "2026-10-08"
   }
  },
  {
   "type": "Feature",
   "geometry": {
    "type": "Point",
    "coordinates": [
     -86.19015,
     36.159549
    ]
   },
   "properties": {
    "id": "det-7a626cdd71e7",
    "name": null,
    "source": "detected",
    "status": "candidate",
    "confidence": 0.704,
    "hoops": null,
    "surface": null,
    "lit": null,
    "address": null,
    "region": "tennessee",
    "osm_id": null,
    "updated": "2026-10-08"
   }
  },
  {
   "type": "Feature",
   "geometry": {
    "type": "Point",
    "coordinates": [
     -89.952136,
     35.176678
    ]
   },
   "properties": {
    "id": "det-4a2d623208e4",
    "name": null,
    "source": "detected",
    "status": "candidate",
    "confidence": 0.703,
    "hoops": null,
    "surface": null,
    "lit": null,
    "address": null,
    "region": "tennessee",
    "osm_id": null,
    "updated": "2026-10-08"
   }
  },
  {
   "type": "Feature",
   "geometry": {
    "type": "Point",
    "coordinates": [
     -86.848202,
     35.893492
    ]
   },
   "properties": {
    "id": "det-a1bb34595ab8",
    "name": null,
    "source": "detected",
    "status": "candidate",
    "confidence": 0.703,
    "hoops": null,
    "surface": null,
    "lit": null,
    "address": null,
    "region": "tennessee",
    "osm_id": null,
    "updated": "2026-10-08"
   }
  },
  {
   "type": "Feature",
   "geometry": {
    "type": "Point",
    "coordinates": [
     -86.705809,
     36.258383
    ]
   },
   "properties": {
    "id": "det-906019df95a0",
    "name": null,
    "source": "detected",
    "status": "candidate",
    "confidence": 0.703,
    "hoops": null,
    "surface": null,
    "lit": null,
    "address": null,
    "region": "tennessee",
    "osm_id": null,
    "updated": "2026-10-08"
   }
  },
  {
   "type": "Feature",
   "geometry": {
    "type": "Point",
    "coordinates": [
     -86.65837,
     36.022113
    ]
   },
   "properties": {
    "id": "det-0f15c13db3c0",
    "name": null,
    "source": "detected",
    "status": "candidate",
    "confidence": 0.703,
    "hoops": null,
    "surface": null,
    "lit": null,
    "address": null,
    "region": "tennessee",
    "osm_id": null,
    "updated": "2026-10-08"
   }
  },
  {
   "type": "Feature",
   "geometry": {
    "type": "Point",
    "coordinates": [
     -84.419722,
     36.02842
    ]
   },
   "properties": {
    "id": "det-fd43434a9c40",
    "name": null,
    "source": "detected",
    "status": "candidate",
    "confidence": 0.703,
    "hoops": null,
    "surface": null,
    "lit": null,
    "address": null,
    "region": "tennessee",
    "osm_id": null,
    "updated": "2026-10-08"
   }
  },
  {
   "type": "Feature",
   "geometry": {
    "type": "Point",
    "coordinates": [
     -89.052077,
     36.356579
    ]
   },
   "properties": {
    "id": "det-915a0559248e",
    "name": null,
    "source": "detected",
    "status": "candidate",
    "confidence": 0.703,
    "hoops": null,
    "surface": null,
    "lit": null,
    "address": null,
    "region": "tennessee",
    "osm_id": null,
    "updated": "2026-10-08"
   }
  },
  {
   "type": "Feature",
   "geometry": {
    "type": "Point",
    "coordinates": [
     -83.682557,
     36.062789
    ]
   },
   "properties": {
    "id": "det-6a62f31babc8",
    "name": null,
    "source": "detected",
    "status": "candidate",
    "confidence": 0.703,
    "hoops": null,
    "surface": null,
    "lit": null,
    "address": null,
    "region": "tennessee",
    "osm_id": null,
    "updated": "2026-10-08"
   }
  },
  {
   "type": "Feature",
   "geometry": {
    "type": "Point",
    "coordinates": [
     -85.13585,
     35.025293
    ]
   },
   "properties": {
    "id": "det-2b0299605c93",
    "name": null,
    "source": "detected",
    "status": "candidate",
    "confidence": 0.702,
    "hoops": null,
    "surface": null,
    "lit": null,
    "address": null,
    "region": "chattanooga",
    "osm_id": null,
    "updated": "2026-10-08"
   }
  },
  {
   "type": "Feature",
   "geometry": {
    "type": "Point",
    "coordinates": [
     -90.004761,
     35.037034
    ]
   },
   "properties": {
    "id": "det-35d2838dfdc3",
    "name": null,
    "source": "detected",
    "status": "candidate",
    "confidence": 0.701,
    "hoops": null,
    "surface": null,
    "lit": null,
    "address": null,
    "region": "tennessee",
    "osm_id": null,
    "updated": "2026-10-08"
   }
  },
  {
   "type": "Feature",
   "geometry": {
    "type": "Point",
    "coordinates": [
     -83.764067,
     36.086267
    ]
   },
   "properties": {
    "id": "det-86bb5d6a5f4b",
    "name": null,
    "source": "detected",
    "status": "candidate",
    "confidence": 0.701,
    "hoops": null,
    "surface": null,
    "lit": null,
    "address": null,
    "region": "tennessee",
    "osm_id": null,
    "updated": "2026-10-08"
   }
  },
  {
   "type": "Feature",
   "geometry": {
    "type": "Point",
    "coordinates": [
     -83.98313,
     35.951901
    ]
   },
   "properties": {
    "id": "det-0b133c37e51e",
    "name": null,
    "source": "detected",
    "status": "candidate",
    "confidence": 0.701,
    "hoops": null,
    "surface": null,
    "lit": null,
    "address": null,
    "region": "tennessee",
    "osm_id": null,
    "updated": "2026-10-08"
   }
  },
  {
   "type": "Feature",
   "geometry": {
    "type": "Point",
    "coordinates": [
     -82.404118,
     36.394038
    ]
   },
   "properties": {
    "id": "det-ad637b28740b",
    "name": null,
    "source": "detected",
    "status": "candidate",
    "confidence": 0.7,
    "hoops": null,
    "surface": null,
    "lit": null,
    "address": null,
    "region": "tennessee",
    "osm_id": null,
    "updated": "2026-10-08"
   }
  },
  {
   "type": "Feature",
   "geometry": {
    "type": "Point",
    "coordinates": [
     -87.553297,
     35.556298
    ]
   },
   "properties": {
    "id": "det-bd3929dbcd7d",
    "name": null,
    "source": "detected",
    "status": "candidate",
    "confidence": 0.7,
    "hoops": null,
    "surface": null,
    "lit": null,
    "address": null,
    "region": "tennessee",
    "osm_id": null,
    "updated": "2026-10-08"
   }
  },
  {
   "type": "Feature",
   "geometry": {
    "type": "Point",
    "coordinates": [
     -83.984624,
     35.775637
    ]
   },
   "properties": {
    "id": "det-57fb7df1b782",
    "name": null,
    "source": "detected",
    "status": "candidate",
    "confidence": 0.7,
    "hoops": null,
    "surface": null,
    "lit": null,
    "address": null,
    "region": "tennessee",
    "osm_id": null,
    "updated": "2026-10-08"
   }
  },
  {
   "type": "Feature",
   "geometry": {
    "type": "Point",
    "coordinates": [
     -89.976496,
     35.285818
    ]
   },
   "properties": {
    "id": "det-aeb9fc94d8c4",
    "name": null,
    "source": "detected",
    "status": "candidate",
    "confidence": 0.7,
    "hoops": null,
    "surface": null,
    "lit": null,
    "address": null,
    "region": "tennessee",
    "osm_id": null,
    "updated": "2026-10-08"
   }
  },
  {
   "type": "Feature",
   "geometry": {
    "type": "Point",
    "coordinates": [
     -89.982039,
     35.113112
    ]
   },
   "properties": {
    "id": "det-33bcc8ab44eb",
    "name": null,
    "source": "detected",
    "status": "candidate",
    "confidence": 0.7,
    "hoops": null,
    "surface": null,
    "lit": null,
    "address": null,
    "region": "tennessee",
    "osm_id": null,
    "updated": "2026-10-08"
   }
  },
  {
   "type": "Feature",
   "geometry": {
    "type": "Point",
    "coordinates": [
     -89.041146,
     36.429949
    ]
   },
   "properties": {
    "id": "det-9d11acde1b2f",
    "name": null,
    "source": "detected",
    "status": "candidate",
    "confidence": 0.7,
    "hoops": null,
    "surface": null,
    "lit": null,
    "address": null,
    "region": "tennessee",
    "osm_id": null,
    "updated": "2026-10-08"
   }
  },
  {
   "type": "Feature",
   "geometry": {
    "type": "Point",
    "coordinates": [
     -87.072663,
     36.305581
    ]
   },
   "properties": {
    "id": "det-2329ff085f56",
    "name": null,
    "source": "detected",
    "status": "candidate",
    "confidence": 0.7,
    "hoops": null,
    "surface": null,
    "lit": null,
    "address": null,
    "region": "tennessee",
    "osm_id": null,
    "updated": "2026-10-08"
   }
  },
  {
   "type": "Feature",
   "geometry": {
    "type": "Point",
    "coordinates": [
     -86.76288,
     36.177481
    ]
   },
   "properties": {
    "id": "det-e3728c410d00",
    "name": null,
    "source": "detected",
    "status": "candidate",
    "confidence": 0.7,
    "hoops": null,
    "surface": null,
    "lit": null,
    "address": null,
    "region": "tennessee",
    "osm_id": null,
    "updated": "2026-10-08"
   }
  },
  {
   "type": "Feature",
   "geometry": {
    "type": "Point",
    "coordinates": [
     -86.62299,
     36.142027
    ]
   },
   "properties": {
    "id": "det-d7f123bb750f",
    "name": null,
    "source": "detected",
    "status": "candidate",
    "confidence": 0.7,
    "hoops": null,
    "surface": null,
    "lit": null,
    "address": null,
    "region": "tennessee",
    "osm_id": null,
    "updated": "2026-10-08"
   }
  },
  {
   "type": "Feature",
   "geometry": {
    "type": "Point",
    "coordinates": [
     -89.922393,
     35.213624
    ]
   },
   "properties": {
    "id": "det-767b12dc96e0",
    "name": null,
    "source": "detected",
    "status": "candidate",
    "confidence": 0.699,
    "hoops": null,
    "surface": null,
    "lit": null,
    "address": null,
    "region": "tennessee",
    "osm_id": null,
    "updated": "2026-10-08"
   }
  },
  {
   "type": "Feature",
   "geometry": {
    "type": "Point",
    "coordinates": [
     -84.273502,
     36.01098
    ]
   },
   "properties": {
    "id": "det-e2bc38997c2f",
    "name": null,
    "source": "detected",
    "status": "candidate",
    "confidence": 0.699,
    "hoops": null,
    "surface": null,
    "lit": null,
    "address": null,
    "region": "tennessee",
    "osm_id": null,
    "updated": "2026-10-08"
   }
  },
  {
   "type": "Feature",
   "geometry": {
    "type": "Point",
    "coordinates": [
     -85.047785,
     35.047862
    ]
   },
   "properties": {
    "id": "det-637b264f0da0",
    "name": null,
    "source": "detected",
    "status": "candidate",
    "confidence": 0.699,
    "hoops": null,
    "surface": null,
    "lit": null,
    "address": null,
    "region": "tennessee",
    "osm_id": null,
    "updated": "2026-10-08"
   }
  },
  {
   "type": "Feature",
   "geometry": {
    "type": "Point",
    "coordinates": [
     -85.511159,
     35.849362
    ]
   },
   "properties": {
    "id": "det-96d51e847a5c",
    "name": null,
    "source": "detected",
    "status": "candidate",
    "confidence": 0.698,
    "hoops": null,
    "surface": null,
    "lit": null,
    "address": null,
    "region": "tennessee",
    "osm_id": null,
    "updated": "2026-10-08"
   }
  },
  {
   "type": "Feature",
   "geometry": {
    "type": "Point",
    "coordinates": [
     -89.582615,
     35.600728
    ]
   },
   "properties": {
    "id": "det-5df0953a7b6c",
    "name": null,
    "source": "detected",
    "status": "candidate",
    "confidence": 0.698,
    "hoops": null,
    "surface": null,
    "lit": null,
    "address": null,
    "region": "tennessee",
    "osm_id": null,
    "updated": "2026-10-08"
   }
  },
  {
   "type": "Feature",
   "geometry": {
    "type": "Point",
    "coordinates": [
     -85.464938,
     36.055347
    ]
   },
   "properties": {
    "id": "det-332c22ab9e9d",
    "name": null,
    "source": "detected",
    "status": "candidate",
    "confidence": 0.698,
    "hoops": null,
    "surface": null,
    "lit": null,
    "address": null,
    "region": "tennessee",
    "osm_id": null,
    "updated": "2026-10-08"
   }
  },
  {
   "type": "Feature",
   "geometry": {
    "type": "Point",
    "coordinates": [
     -89.765382,
     35.085101
    ]
   },
   "properties": {
    "id": "det-ca5040fbcc82",
    "name": null,
    "source": "detected",
    "status": "candidate",
    "confidence": 0.697,
    "hoops": null,
    "surface": null,
    "lit": null,
    "address": null,
    "region": "tennessee",
    "osm_id": null,
    "updated": "2026-10-08"
   }
  },
  {
   "type": "Feature",
   "geometry": {
    "type": "Point",
    "coordinates": [
     -86.716592,
     36.067683
    ]
   },
   "properties": {
    "id": "det-fdd1e5f9277b",
    "name": null,
    "source": "detected",
    "status": "candidate",
    "confidence": 0.697,
    "hoops": null,
    "surface": null,
    "lit": null,
    "address": null,
    "region": "tennessee",
    "osm_id": null,
    "updated": "2026-10-08"
   }
  },
  {
   "type": "Feature",
   "geometry": {
    "type": "Point",
    "coordinates": [
     -86.463757,
     35.48787
    ]
   },
   "properties": {
    "id": "det-e1fbdaf78b63",
    "name": null,
    "source": "detected",
    "status": "candidate",
    "confidence": 0.697,
    "hoops": null,
    "surface": null,
    "lit": null,
    "address": null,
    "region": "tennessee",
    "osm_id": null,
    "updated": "2026-10-08"
   }
  },
  {
   "type": "Feature",
   "geometry": {
    "type": "Point",
    "coordinates": [
     -88.633376,
     35.599
    ]
   },
   "properties": {
    "id": "det-b4780f95ad2c",
    "name": null,
    "source": "detected",
    "status": "candidate",
    "confidence": 0.697,
    "hoops": null,
    "surface": null,
    "lit": null,
    "address": null,
    "region": "tennessee",
    "osm_id": null,
    "updated": "2026-10-08"
   }
  },
  {
   "type": "Feature",
   "geometry": {
    "type": "Point",
    "coordinates": [
     -85.035288,
     35.940782
    ]
   },
   "properties": {
    "id": "det-d26d0834e28e",
    "name": null,
    "source": "detected",
    "status": "candidate",
    "confidence": 0.697,
    "hoops": null,
    "surface": null,
    "lit": null,
    "address": null,
    "region": "tennessee",
    "osm_id": null,
    "updated": "2026-10-08"
   }
  },
  {
   "type": "Feature",
   "geometry": {
    "type": "Point",
    "coordinates": [
     -84.877443,
     35.163826
    ]
   },
   "properties": {
    "id": "det-d958eefba9a2",
    "name": null,
    "source": "detected",
    "status": "candidate",
    "confidence": 0.696,
    "hoops": null,
    "surface": null,
    "lit": null,
    "address": null,
    "region": "tennessee",
    "osm_id": null,
    "updated": "2026-10-08"
   }
  },
  {
   "type": "Feature",
   "geometry": {
    "type": "Point",
    "coordinates": [
     -85.35695,
     35.044992
    ]
   },
   "properties": {
    "id": "det-358f8d3c8ce8",
    "name": null,
    "source": "detected",
    "status": "candidate",
    "confidence": 0.696,
    "hoops": null,
    "surface": null,
    "lit": null,
    "address": null,
    "region": "chattanooga",
    "osm_id": null,
    "updated": "2026-10-08"
   }
  },
  {
   "type": "Feature",
   "geometry": {
    "type": "Point",
    "coordinates": [
     -85.912266,
     35.770626
    ]
   },
   "properties": {
    "id": "det-f649ddf38c7c",
    "name": null,
    "source": "detected",
    "status": "candidate",
    "confidence": 0.695,
    "hoops": null,
    "surface": null,
    "lit": null,
    "address": null,
    "region": "tennessee",
    "osm_id": null,
    "updated": "2026-10-08"
   }
  },
  {
   "type": "Feature",
   "geometry": {
    "type": "Point",
    "coordinates": [
     -85.103862,
     35.032977
    ]
   },
   "properties": {
    "id": "det-a75d1e472f8c",
    "name": null,
    "source": "detected",
    "status": "candidate",
    "confidence": 0.695,
    "hoops": null,
    "surface": null,
    "lit": null,
    "address": null,
    "region": "chattanooga",
    "osm_id": null,
    "updated": "2026-10-08"
   }
  },
  {
   "type": "Feature",
   "geometry": {
    "type": "Point",
    "coordinates": [
     -83.803689,
     36.248168
    ]
   },
   "properties": {
    "id": "det-06972bf510fe",
    "name": null,
    "source": "detected",
    "status": "candidate",
    "confidence": 0.695,
    "hoops": null,
    "surface": null,
    "lit": null,
    "address": null,
    "region": "tennessee",
    "osm_id": null,
    "updated": "2026-10-08"
   }
  },
  {
   "type": "Feature",
   "geometry": {
    "type": "Point",
    "coordinates": [
     -86.249528,
     35.827461
    ]
   },
   "properties": {
    "id": "det-d5836fd4238f",
    "name": null,
    "source": "detected",
    "status": "candidate",
    "confidence": 0.695,
    "hoops": null,
    "surface": null,
    "lit": null,
    "address": null,
    "region": "tennessee",
    "osm_id": null,
    "updated": "2026-10-08"
   }
  },
  {
   "type": "Feature",
   "geometry": {
    "type": "Point",
    "coordinates": [
     -85.518607,
     36.17135
    ]
   },
   "properties": {
    "id": "det-a8f46a670e6b",
    "name": null,
    "source": "detected",
    "status": "candidate",
    "confidence": 0.695,
    "hoops": null,
    "surface": null,
    "lit": null,
    "address": null,
    "region": "tennessee",
    "osm_id": null,
    "updated": "2026-10-08"
   }
  },
  {
   "type": "Feature",
   "geometry": {
    "type": "Point",
    "coordinates": [
     -86.097575,
     35.944898
    ]
   },
   "properties": {
    "id": "det-119041a940d8",
    "name": null,
    "source": "detected",
    "status": "candidate",
    "confidence": 0.695,
    "hoops": null,
    "surface": null,
    "lit": null,
    "address": null,
    "region": "tennessee",
    "osm_id": null,
    "updated": "2026-10-08"
   }
  },
  {
   "type": "Feature",
   "geometry": {
    "type": "Point",
    "coordinates": [
     -83.929647,
     35.759357
    ]
   },
   "properties": {
    "id": "det-369c96f9e5d8",
    "name": null,
    "source": "detected",
    "status": "candidate",
    "confidence": 0.695,
    "hoops": null,
    "surface": null,
    "lit": null,
    "address": null,
    "region": "tennessee",
    "osm_id": null,
    "updated": "2026-10-08"
   }
  },
  {
   "type": "Feature",
   "geometry": {
    "type": "Point",
    "coordinates": [
     -84.277888,
     35.779937
    ]
   },
   "properties": {
    "id": "det-cefc6bea397c",
    "name": null,
    "source": "detected",
    "status": "candidate",
    "confidence": 0.694,
    "hoops": null,
    "surface": null,
    "lit": null,
    "address": null,
    "region": "tennessee",
    "osm_id": null,
    "updated": "2026-10-08"
   }
  },
  {
   "type": "Feature",
   "geometry": {
    "type": "Point",
    "coordinates": [
     -83.93198,
     35.947861
    ]
   },
   "properties": {
    "id": "det-3afe9a87349b",
    "name": null,
    "source": "detected",
    "status": "candidate",
    "confidence": 0.694,
    "hoops": null,
    "surface": null,
    "lit": null,
    "address": null,
    "region": "tennessee",
    "osm_id": null,
    "updated": "2026-10-08"
   }
  },
  {
   "type": "Feature",
   "geometry": {
    "type": "Point",
    "coordinates": [
     -85.15752,
     35.195767
    ]
   },
   "properties": {
    "id": "det-d423f649e0ae",
    "name": null,
    "source": "detected",
    "status": "candidate",
    "confidence": 0.694,
    "hoops": null,
    "surface": null,
    "lit": null,
    "address": null,
    "region": "chattanooga",
    "osm_id": null,
    "updated": "2026-10-08"
   }
  },
  {
   "type": "Feature",
   "geometry": {
    "type": "Point",
    "coordinates": [
     -85.320985,
     35.01796
    ]
   },
   "properties": {
    "id": "det-df126dfdec94",
    "name": null,
    "source": "detected",
    "status": "candidate",
    "confidence": 0.694,
    "hoops": null,
    "surface": null,
    "lit": null,
    "address": null,
    "region": "chattanooga",
    "osm_id": null,
    "updated": "2026-10-08"
   }
  },
  {
   "type": "Feature",
   "geometry": {
    "type": "Point",
    "coordinates": [
     -86.700863,
     35.62262
    ]
   },
   "properties": {
    "id": "det-81d934681e1a",
    "name": null,
    "source": "detected",
    "status": "candidate",
    "confidence": 0.694,
    "hoops": null,
    "surface": null,
    "lit": null,
    "address": null,
    "region": "tennessee",
    "osm_id": null,
    "updated": "2026-10-08"
   }
  },
  {
   "type": "Feature",
   "geometry": {
    "type": "Point",
    "coordinates": [
     -83.565092,
     36.468764
    ]
   },
   "properties": {
    "id": "det-13768430f50e",
    "name": null,
    "source": "detected",
    "status": "candidate",
    "confidence": 0.694,
    "hoops": null,
    "surface": null,
    "lit": null,
    "address": null,
    "region": "tennessee",
    "osm_id": null,
    "updated": "2026-10-08"
   }
  },
  {
   "type": "Feature",
   "geometry": {
    "type": "Point",
    "coordinates": [
     -85.323341,
     35.399179
    ]
   },
   "properties": {
    "id": "det-d98bf1755f7d",
    "name": null,
    "source": "detected",
    "status": "candidate",
    "confidence": 0.693,
    "hoops": null,
    "surface": null,
    "lit": null,
    "address": null,
    "region": "tennessee",
    "osm_id": null,
    "updated": "2026-10-08"
   }
  },
  {
   "type": "Feature",
   "geometry": {
    "type": "Point",
    "coordinates": [
     -85.453756,
     36.176559
    ]
   },
   "properties": {
    "id": "det-523dc261879f",
    "name": null,
    "source": "detected",
    "status": "candidate",
    "confidence": 0.693,
    "hoops": null,
    "surface": null,
    "lit": null,
    "address": null,
    "region": "tennessee",
    "osm_id": null,
    "updated": "2026-10-08"
   }
  },
  {
   "type": "Feature",
   "geometry": {
    "type": "Point",
    "coordinates": [
     -83.519083,
     36.027365
    ]
   },
   "properties": {
    "id": "det-15c08ce26e4e",
    "name": null,
    "source": "detected",
    "status": "candidate",
    "confidence": 0.693,
    "hoops": null,
    "surface": null,
    "lit": null,
    "address": null,
    "region": "tennessee",
    "osm_id": null,
    "updated": "2026-10-08"
   }
  },
  {
   "type": "Feature",
   "geometry": {
    "type": "Point",
    "coordinates": [
     -86.700685,
     36.266822
    ]
   },
   "properties": {
    "id": "det-2b83f0f9eec6",
    "name": null,
    "source": "detected",
    "status": "candidate",
    "confidence": 0.693,
    "hoops": null,
    "surface": null,
    "lit": null,
    "address": null,
    "region": "tennessee",
    "osm_id": null,
    "updated": "2026-10-08"
   }
  },
  {
   "type": "Feature",
   "geometry": {
    "type": "Point",
    "coordinates": [
     -83.935948,
     35.99892
    ]
   },
   "properties": {
    "id": "det-17fab2bcbab2",
    "name": null,
    "source": "detected",
    "status": "candidate",
    "confidence": 0.693,
    "hoops": null,
    "surface": null,
    "lit": null,
    "address": null,
    "region": "tennessee",
    "osm_id": null,
    "updated": "2026-10-08"
   }
  },
  {
   "type": "Feature",
   "geometry": {
    "type": "Point",
    "coordinates": [
     -88.673452,
     35.421568
    ]
   },
   "properties": {
    "id": "det-9dc97d8420e2",
    "name": null,
    "source": "detected",
    "status": "candidate",
    "confidence": 0.692,
    "hoops": null,
    "surface": null,
    "lit": null,
    "address": null,
    "region": "tennessee",
    "osm_id": null,
    "updated": "2026-10-08"
   }
  },
  {
   "type": "Feature",
   "geometry": {
    "type": "Point",
    "coordinates": [
     -84.428879,
     36.025145
    ]
   },
   "properties": {
    "id": "det-d3b4bcf0a606",
    "name": null,
    "source": "detected",
    "status": "candidate",
    "confidence": 0.692,
    "hoops": null,
    "surface": null,
    "lit": null,
    "address": null,
    "region": "tennessee",
    "osm_id": null,
    "updated": "2026-10-08"
   }
  },
  {
   "type": "Feature",
   "geometry": {
    "type": "Point",
    "coordinates": [
     -87.156851,
     35.052829
    ]
   },
   "properties": {
    "id": "det-f3a7e9342d3b",
    "name": null,
    "source": "detected",
    "status": "candidate",
    "confidence": 0.691,
    "hoops": null,
    "surface": null,
    "lit": null,
    "address": null,
    "region": "tennessee",
    "osm_id": null,
    "updated": "2026-10-08"
   }
  },
  {
   "type": "Feature",
   "geometry": {
    "type": "Point",
    "coordinates": [
     -86.701627,
     36.266662
    ]
   },
   "properties": {
    "id": "det-682c9882defb",
    "name": null,
    "source": "detected",
    "status": "candidate",
    "confidence": 0.691,
    "hoops": null,
    "surface": null,
    "lit": null,
    "address": null,
    "region": "tennessee",
    "osm_id": null,
    "updated": "2026-10-08"
   }
  },
  {
   "type": "Feature",
   "geometry": {
    "type": "Point",
    "coordinates": [
     -84.354375,
     35.126056
    ]
   },
   "properties": {
    "id": "det-0f488890bc26",
    "name": null,
    "source": "detected",
    "status": "candidate",
    "confidence": 0.691,
    "hoops": null,
    "surface": null,
    "lit": null,
    "address": null,
    "region": "tennessee",
    "osm_id": null,
    "updated": "2026-10-08"
   }
  },
  {
   "type": "Feature",
   "geometry": {
    "type": "Point",
    "coordinates": [
     -86.78314,
     35.458501
    ]
   },
   "properties": {
    "id": "det-1dca9ff3816e",
    "name": null,
    "source": "detected",
    "status": "candidate",
    "confidence": 0.691,
    "hoops": null,
    "surface": null,
    "lit": null,
    "address": null,
    "region": "tennessee",
    "osm_id": null,
    "updated": "2026-10-08"
   }
  },
  {
   "type": "Feature",
   "geometry": {
    "type": "Point",
    "coordinates": [
     -86.716855,
     36.218572
    ]
   },
   "properties": {
    "id": "det-18d5b0e8b2b3",
    "name": null,
    "source": "detected",
    "status": "candidate",
    "confidence": 0.691,
    "hoops": null,
    "surface": null,
    "lit": null,
    "address": null,
    "region": "tennessee",
    "osm_id": null,
    "updated": "2026-10-08"
   }
  },
  {
   "type": "Feature",
   "geometry": {
    "type": "Point",
    "coordinates": [
     -85.497407,
     35.82603
    ]
   },
   "properties": {
    "id": "det-54a15da7cc7e",
    "name": null,
    "source": "detected",
    "status": "candidate",
    "confidence": 0.69,
    "hoops": null,
    "surface": null,
    "lit": null,
    "address": null,
    "region": "tennessee",
    "osm_id": null,
    "updated": "2026-10-08"
   }
  },
  {
   "type": "Feature",
   "geometry": {
    "type": "Point",
    "coordinates": [
     -86.734502,
     36.166888
    ]
   },
   "properties": {
    "id": "det-706ccaa0961a",
    "name": null,
    "source": "detected",
    "status": "candidate",
    "confidence": 0.69,
    "hoops": null,
    "surface": null,
    "lit": null,
    "address": null,
    "region": "tennessee",
    "osm_id": null,
    "updated": "2026-10-08"
   }
  },
  {
   "type": "Feature",
   "geometry": {
    "type": "Point",
    "coordinates": [
     -87.511649,
     36.544572
    ]
   },
   "properties": {
    "id": "det-a7d97f741ee2",
    "name": null,
    "source": "detected",
    "status": "candidate",
    "confidence": 0.69,
    "hoops": null,
    "surface": null,
    "lit": null,
    "address": null,
    "region": "tennessee",
    "osm_id": null,
    "updated": "2026-10-08"
   }
  },
  {
   "type": "Feature",
   "geometry": {
    "type": "Point",
    "coordinates": [
     -84.936969,
     36.415967
    ]
   },
   "properties": {
    "id": "det-3f853079785f",
    "name": null,
    "source": "detected",
    "status": "candidate",
    "confidence": 0.69,
    "hoops": null,
    "surface": null,
    "lit": null,
    "address": null,
    "region": "tennessee",
    "osm_id": null,
    "updated": "2026-10-08"
   }
  },
  {
   "type": "Feature",
   "geometry": {
    "type": "Point",
    "coordinates": [
     -85.475008,
     35.958204
    ]
   },
   "properties": {
    "id": "det-094f0a8053de",
    "name": null,
    "source": "detected",
    "status": "candidate",
    "confidence": 0.69,
    "hoops": null,
    "surface": null,
    "lit": null,
    "address": null,
    "region": "tennessee",
    "osm_id": null,
    "updated": "2026-10-08"
   }
  },
  {
   "type": "Feature",
   "geometry": {
    "type": "Point",
    "coordinates": [
     -84.124881,
     36.120372
    ]
   },
   "properties": {
    "id": "det-bc838cdd65fd",
    "name": null,
    "source": "detected",
    "status": "candidate",
    "confidence": 0.69,
    "hoops": null,
    "surface": null,
    "lit": null,
    "address": null,
    "region": "tennessee",
    "osm_id": null,
    "updated": "2026-10-08"
   }
  },
  {
   "type": "Feature",
   "geometry": {
    "type": "Point",
    "coordinates": [
     -89.99963,
     35.22147
    ]
   },
   "properties": {
    "id": "det-23ad9ca3b46f",
    "name": null,
    "source": "detected",
    "status": "candidate",
    "confidence": 0.69,
    "hoops": null,
    "surface": null,
    "lit": null,
    "address": null,
    "region": "tennessee",
    "osm_id": null,
    "updated": "2026-10-08"
   }
  },
  {
   "type": "Feature",
   "geometry": {
    "type": "Point",
    "coordinates": [
     -82.350065,
     36.337892
    ]
   },
   "properties": {
    "id": "det-7aa338b85b3b",
    "name": null,
    "source": "detected",
    "status": "candidate",
    "confidence": 0.689,
    "hoops": null,
    "surface": null,
    "lit": null,
    "address": null,
    "region": "tennessee",
    "osm_id": null,
    "updated": "2026-10-08"
   }
  },
  {
   "type": "Feature",
   "geometry": {
    "type": "Point",
    "coordinates": [
     -89.006262,
     35.246306
    ]
   },
   "properties": {
    "id": "det-663a22ad915d",
    "name": null,
    "source": "detected",
    "status": "candidate",
    "confidence": 0.689,
    "hoops": null,
    "surface": null,
    "lit": null,
    "address": null,
    "region": "tennessee",
    "osm_id": null,
    "updated": "2026-10-08"
   }
  },
  {
   "type": "Feature",
   "geometry": {
    "type": "Point",
    "coordinates": [
     -88.988836,
     36.070561
    ]
   },
   "properties": {
    "id": "det-f0add27bd0c4",
    "name": null,
    "source": "detected",
    "status": "candidate",
    "confidence": 0.689,
    "hoops": null,
    "surface": null,
    "lit": null,
    "address": null,
    "region": "tennessee",
    "osm_id": null,
    "updated": "2026-10-08"
   }
  },
  {
   "type": "Feature",
   "geometry": {
    "type": "Point",
    "coordinates": [
     -84.508057,
     36.486373
    ]
   },
   "properties": {
    "id": "det-10ba2ab8465e",
    "name": null,
    "source": "detected",
    "status": "candidate",
    "confidence": 0.689,
    "hoops": null,
    "surface": null,
    "lit": null,
    "address": null,
    "region": "tennessee",
    "osm_id": null,
    "updated": "2026-10-08"
   }
  },
  {
   "type": "Feature",
   "geometry": {
    "type": "Point",
    "coordinates": [
     -86.701609,
     36.266826
    ]
   },
   "properties": {
    "id": "det-b4af3354b365",
    "name": null,
    "source": "detected",
    "status": "candidate",
    "confidence": 0.689,
    "hoops": null,
    "surface": null,
    "lit": null,
    "address": null,
    "region": "tennessee",
    "osm_id": null,
    "updated": "2026-10-08"
   }
  },
  {
   "type": "Feature",
   "geometry": {
    "type": "Point",
    "coordinates": [
     -87.146728,
     35.897936
    ]
   },
   "properties": {
    "id": "det-d99c123ea120",
    "name": null,
    "source": "detected",
    "status": "candidate",
    "confidence": 0.689,
    "hoops": null,
    "surface": null,
    "lit": null,
    "address": null,
    "region": "tennessee",
    "osm_id": null,
    "updated": "2026-10-08"
   }
  },
  {
   "type": "Feature",
   "geometry": {
    "type": "Point",
    "coordinates": [
     -85.310222,
     36.527391
    ]
   },
   "properties": {
    "id": "det-dede50888aa1",
    "name": null,
    "source": "detected",
    "status": "candidate",
    "confidence": 0.688,
    "hoops": null,
    "surface": null,
    "lit": null,
    "address": null,
    "region": "tennessee",
    "osm_id": null,
    "updated": "2026-10-08"
   }
  },
  {
   "type": "Feature",
   "geometry": {
    "type": "Point",
    "coordinates": [
     -85.598092,
     35.112698
    ]
   },
   "properties": {
    "id": "det-f99e2886d88c",
    "name": null,
    "source": "detected",
    "status": "candidate",
    "confidence": 0.687,
    "hoops": null,
    "surface": null,
    "lit": null,
    "address": null,
    "region": "tennessee",
    "osm_id": null,
    "updated": "2026-10-08"
   }
  },
  {
   "type": "Feature",
   "geometry": {
    "type": "Point",
    "coordinates": [
     -88.774841,
     35.801218
    ]
   },
   "properties": {
    "id": "det-02a7ee5918d5",
    "name": null,
    "source": "detected",
    "status": "candidate",
    "confidence": 0.686,
    "hoops": null,
    "surface": null,
    "lit": null,
    "address": null,
    "region": "tennessee",
    "osm_id": null,
    "updated": "2026-10-08"
   }
  },
  {
   "type": "Feature",
   "geometry": {
    "type": "Point",
    "coordinates": [
     -84.797098,
     35.064454
    ]
   },
   "properties": {
    "id": "det-ccfb2cdea748",
    "name": null,
    "source": "detected",
    "status": "candidate",
    "confidence": 0.686,
    "hoops": null,
    "surface": null,
    "lit": null,
    "address": null,
    "region": "tennessee",
    "osm_id": null,
    "updated": "2026-10-08"
   }
  },
  {
   "type": "Feature",
   "geometry": {
    "type": "Point",
    "coordinates": [
     -82.595577,
     36.18435
    ]
   },
   "properties": {
    "id": "det-ef529b8ed01c",
    "name": null,
    "source": "detected",
    "status": "candidate",
    "confidence": 0.686,
    "hoops": null,
    "surface": null,
    "lit": null,
    "address": null,
    "region": "tennessee",
    "osm_id": null,
    "updated": "2026-10-08"
   }
  },
  {
   "type": "Feature",
   "geometry": {
    "type": "Point",
    "coordinates": [
     -88.891029,
     35.703197
    ]
   },
   "properties": {
    "id": "det-1e50473dd4d4",
    "name": null,
    "source": "detected",
    "status": "candidate",
    "confidence": 0.686,
    "hoops": null,
    "surface": null,
    "lit": null,
    "address": null,
    "region": "tennessee",
    "osm_id": null,
    "updated": "2026-10-08"
   }
  },
  {
   "type": "Feature",
   "geometry": {
    "type": "Point",
    "coordinates": [
     -86.211446,
     35.378537
    ]
   },
   "properties": {
    "id": "det-d815b333e73d",
    "name": null,
    "source": "detected",
    "status": "candidate",
    "confidence": 0.686,
    "hoops": null,
    "surface": null,
    "lit": null,
    "address": null,
    "region": "tennessee",
    "osm_id": null,
    "updated": "2026-10-08"
   }
  },
  {
   "type": "Feature",
   "geometry": {
    "type": "Point",
    "coordinates": [
     -84.647369,
     35.508056
    ]
   },
   "properties": {
    "id": "det-bbbb9e33a4c4",
    "name": null,
    "source": "detected",
    "status": "candidate",
    "confidence": 0.686,
    "hoops": null,
    "surface": null,
    "lit": null,
    "address": null,
    "region": "tennessee",
    "osm_id": null,
    "updated": "2026-10-08"
   }
  },
  {
   "type": "Feature",
   "geometry": {
    "type": "Point",
    "coordinates": [
     -89.997508,
     35.051051
    ]
   },
   "properties": {
    "id": "det-3cefcc213857",
    "name": null,
    "source": "detected",
    "status": "candidate",
    "confidence": 0.685,
    "hoops": null,
    "surface": null,
    "lit": null,
    "address": null,
    "region": "tennessee",
    "osm_id": null,
    "updated": "2026-10-08"
   }
  },
  {
   "type": "Feature",
   "geometry": {
    "type": "Point",
    "coordinates": [
     -82.830922,
     36.161408
    ]
   },
   "properties": {
    "id": "det-9d5f649d46aa",
    "name": null,
    "source": "detected",
    "status": "candidate",
    "confidence": 0.685,
    "hoops": null,
    "surface": null,
    "lit": null,
    "address": null,
    "region": "tennessee",
    "osm_id": null,
    "updated": "2026-10-08"
   }
  },
  {
   "type": "Feature",
   "geometry": {
    "type": "Point",
    "coordinates": [
     -84.040142,
     35.933506
    ]
   },
   "properties": {
    "id": "det-dc1a610829dc",
    "name": null,
    "source": "detected",
    "status": "candidate",
    "confidence": 0.685,
    "hoops": null,
    "surface": null,
    "lit": null,
    "address": null,
    "region": "tennessee",
    "osm_id": null,
    "updated": "2026-10-08"
   }
  },
  {
   "type": "Feature",
   "geometry": {
    "type": "Point",
    "coordinates": [
     -82.23431,
     36.574226
    ]
   },
   "properties": {
    "id": "det-afc658fe23d0",
    "name": null,
    "source": "detected",
    "status": "candidate",
    "confidence": 0.685,
    "hoops": null,
    "surface": null,
    "lit": null,
    "address": null,
    "region": "tennessee",
    "osm_id": null,
    "updated": "2026-10-08"
   }
  },
  {
   "type": "Feature",
   "geometry": {
    "type": "Point",
    "coordinates": [
     -85.032938,
     35.940208
    ]
   },
   "properties": {
    "id": "det-5d6bc6879bea",
    "name": null,
    "source": "detected",
    "status": "candidate",
    "confidence": 0.685,
    "hoops": null,
    "surface": null,
    "lit": null,
    "address": null,
    "region": "tennessee",
    "osm_id": null,
    "updated": "2026-10-08"
   }
  },
  {
   "type": "Feature",
   "geometry": {
    "type": "Point",
    "coordinates": [
     -82.411116,
     36.135354
    ]
   },
   "properties": {
    "id": "det-6cd7b9488713",
    "name": null,
    "source": "detected",
    "status": "candidate",
    "confidence": 0.684,
    "hoops": null,
    "surface": null,
    "lit": null,
    "address": null,
    "region": "tennessee",
    "osm_id": null,
    "updated": "2026-10-08"
   }
  },
  {
   "type": "Feature",
   "geometry": {
    "type": "Point",
    "coordinates": [
     -85.660324,
     36.349987
    ]
   },
   "properties": {
    "id": "det-a703ff435996",
    "name": null,
    "source": "detected",
    "status": "candidate",
    "confidence": 0.684,
    "hoops": null,
    "surface": null,
    "lit": null,
    "address": null,
    "region": "tennessee",
    "osm_id": null,
    "updated": "2026-10-08"
   }
  },
  {
   "type": "Feature",
   "geometry": {
    "type": "Point",
    "coordinates": [
     -84.192253,
     35.998868
    ]
   },
   "properties": {
    "id": "det-127ca5074bf2",
    "name": null,
    "source": "detected",
    "status": "candidate",
    "confidence": 0.684,
    "hoops": null,
    "surface": null,
    "lit": null,
    "address": null,
    "region": "tennessee",
    "osm_id": null,
    "updated": "2026-10-08"
   }
  },
  {
   "type": "Feature",
   "geometry": {
    "type": "Point",
    "coordinates": [
     -82.695435,
     36.215131
    ]
   },
   "properties": {
    "id": "det-13f4f1688858",
    "name": null,
    "source": "detected",
    "status": "candidate",
    "confidence": 0.684,
    "hoops": null,
    "surface": null,
    "lit": null,
    "address": null,
    "region": "tennessee",
    "osm_id": null,
    "updated": "2026-10-08"
   }
  },
  {
   "type": "Feature",
   "geometry": {
    "type": "Point",
    "coordinates": [
     -86.399167,
     35.854869
    ]
   },
   "properties": {
    "id": "det-43352812fbe1",
    "name": null,
    "source": "detected",
    "status": "candidate",
    "confidence": 0.684,
    "hoops": null,
    "surface": null,
    "lit": null,
    "address": null,
    "region": "tennessee",
    "osm_id": null,
    "updated": "2026-10-08"
   }
  },
  {
   "type": "Feature",
   "geometry": {
    "type": "Point",
    "coordinates": [
     -85.718018,
     35.26477
    ]
   },
   "properties": {
    "id": "det-0ac1a7959abd",
    "name": null,
    "source": "detected",
    "status": "candidate",
    "confidence": 0.684,
    "hoops": null,
    "surface": null,
    "lit": null,
    "address": null,
    "region": "tennessee",
    "osm_id": null,
    "updated": "2026-10-08"
   }
  },
  {
   "type": "Feature",
   "geometry": {
    "type": "Point",
    "coordinates": [
     -86.574466,
     35.069066
    ]
   },
   "properties": {
    "id": "det-e338ae090a6b",
    "name": null,
    "source": "detected",
    "status": "candidate",
    "confidence": 0.683,
    "hoops": null,
    "surface": null,
    "lit": null,
    "address": null,
    "region": "tennessee",
    "osm_id": null,
    "updated": "2026-10-08"
   }
  },
  {
   "type": "Feature",
   "geometry": {
    "type": "Point",
    "coordinates": [
     -88.644392,
     35.015021
    ]
   },
   "properties": {
    "id": "det-0378c76c090c",
    "name": null,
    "source": "detected",
    "status": "candidate",
    "confidence": 0.683,
    "hoops": null,
    "surface": null,
    "lit": null,
    "address": null,
    "region": "tennessee",
    "osm_id": null,
    "updated": "2026-10-08"
   }
  },
  {
   "type": "Feature",
   "geometry": {
    "type": "Point",
    "coordinates": [
     -87.427418,
     35.084409
    ]
   },
   "properties": {
    "id": "det-538530967767",
    "name": null,
    "source": "detected",
    "status": "candidate",
    "confidence": 0.683,
    "hoops": null,
    "surface": null,
    "lit": null,
    "address": null,
    "region": "tennessee",
    "osm_id": null,
    "updated": "2026-10-08"
   }
  },
  {
   "type": "Feature",
   "geometry": {
    "type": "Point",
    "coordinates": [
     -86.755198,
     36.209408
    ]
   },
   "properties": {
    "id": "det-3356adb72ed7",
    "name": null,
    "source": "detected",
    "status": "candidate",
    "confidence": 0.683,
    "hoops": null,
    "surface": null,
    "lit": null,
    "address": null,
    "region": "tennessee",
    "osm_id": null,
    "updated": "2026-10-08"
   }
  },
  {
   "type": "Feature",
   "geometry": {
    "type": "Point",
    "coordinates": [
     -86.765751,
     36.185802
    ]
   },
   "properties": {
    "id": "det-e26f368926fa",
    "name": null,
    "source": "detected",
    "status": "candidate",
    "confidence": 0.683,
    "hoops": null,
    "surface": null,
    "lit": null,
    "address": null,
    "region": "tennessee",
    "osm_id": null,
    "updated": "2026-10-08"
   }
  },
  {
   "type": "Feature",
   "geometry": {
    "type": "Point",
    "coordinates": [
     -88.247378,
     36.033067
    ]
   },
   "properties": {
    "id": "det-219f988aa9a7",
    "name": null,
    "source": "detected",
    "status": "candidate",
    "confidence": 0.682,
    "hoops": null,
    "surface": null,
    "lit": null,
    "address": null,
    "region": "tennessee",
    "osm_id": null,
    "updated": "2026-10-08"
   }
  },
  {
   "type": "Feature",
   "geometry": {
    "type": "Point",
    "coordinates": [
     -86.89318,
     36.494539
    ]
   },
   "properties": {
    "id": "det-83d3ae8a1dcd",
    "name": null,
    "source": "detected",
    "status": "candidate",
    "confidence": 0.682,
    "hoops": null,
    "surface": null,
    "lit": null,
    "address": null,
    "region": "tennessee",
    "osm_id": null,
    "updated": "2026-10-08"
   }
  },
  {
   "type": "Feature",
   "geometry": {
    "type": "Point",
    "coordinates": [
     -85.974138,
     36.133661
    ]
   },
   "properties": {
    "id": "det-2efa470164b2",
    "name": null,
    "source": "detected",
    "status": "candidate",
    "confidence": 0.682,
    "hoops": null,
    "surface": null,
    "lit": null,
    "address": null,
    "region": "tennessee",
    "osm_id": null,
    "updated": "2026-10-08"
   }
  },
  {
   "type": "Feature",
   "geometry": {
    "type": "Point",
    "coordinates": [
     -84.92159,
     35.126544
    ]
   },
   "properties": {
    "id": "det-ffc4d5e040fd",
    "name": null,
    "source": "detected",
    "status": "candidate",
    "confidence": 0.682,
    "hoops": null,
    "surface": null,
    "lit": null,
    "address": null,
    "region": "tennessee",
    "osm_id": null,
    "updated": "2026-10-08"
   }
  },
  {
   "type": "Feature",
   "geometry": {
    "type": "Point",
    "coordinates": [
     -89.648504,
     35.572637
    ]
   },
   "properties": {
    "id": "det-e52c99f0ba7b",
    "name": null,
    "source": "detected",
    "status": "candidate",
    "confidence": 0.682,
    "hoops": null,
    "surface": null,
    "lit": null,
    "address": null,
    "region": "tennessee",
    "osm_id": null,
    "updated": "2026-10-08"
   }
  },
  {
   "type": "Feature",
   "geometry": {
    "type": "Point",
    "coordinates": [
     -89.92895,
     35.161357
    ]
   },
   "properties": {
    "id": "det-1b93e7a964a4",
    "name": null,
    "source": "detected",
    "status": "candidate",
    "confidence": 0.682,
    "hoops": null,
    "surface": null,
    "lit": null,
    "address": null,
    "region": "tennessee",
    "osm_id": null,
    "updated": "2026-10-08"
   }
  },
  {
   "type": "Feature",
   "geometry": {
    "type": "Point",
    "coordinates": [
     -85.51213,
     36.15138
    ]
   },
   "properties": {
    "id": "det-3a239aab8e1b",
    "name": null,
    "source": "detected",
    "status": "candidate",
    "confidence": 0.682,
    "hoops": null,
    "surface": null,
    "lit": null,
    "address": null,
    "region": "tennessee",
    "osm_id": null,
    "updated": "2026-10-08"
   }
  },
  {
   "type": "Feature",
   "geometry": {
    "type": "Point",
    "coordinates": [
     -84.703361,
     35.832271
    ]
   },
   "properties": {
    "id": "det-57403d66595c",
    "name": null,
    "source": "detected",
    "status": "candidate",
    "confidence": 0.682,
    "hoops": null,
    "surface": null,
    "lit": null,
    "address": null,
    "region": "tennessee",
    "osm_id": null,
    "updated": "2026-10-08"
   }
  },
  {
   "type": "Feature",
   "geometry": {
    "type": "Point",
    "coordinates": [
     -84.504448,
     36.50011
    ]
   },
   "properties": {
    "id": "det-d084c78563be",
    "name": null,
    "source": "detected",
    "status": "candidate",
    "confidence": 0.681,
    "hoops": null,
    "surface": null,
    "lit": null,
    "address": null,
    "region": "tennessee",
    "osm_id": null,
    "updated": "2026-10-08"
   }
  },
  {
   "type": "Feature",
   "geometry": {
    "type": "Point",
    "coordinates": [
     -84.112145,
     35.980446
    ]
   },
   "properties": {
    "id": "det-3535c559cd4e",
    "name": null,
    "source": "detected",
    "status": "candidate",
    "confidence": 0.681,
    "hoops": null,
    "surface": null,
    "lit": null,
    "address": null,
    "region": "tennessee",
    "osm_id": null,
    "updated": "2026-10-08"
   }
  },
  {
   "type": "Feature",
   "geometry": {
    "type": "Point",
    "coordinates": [
     -85.844951,
     35.8741
    ]
   },
   "properties": {
    "id": "det-c91fd7d80096",
    "name": null,
    "source": "detected",
    "status": "candidate",
    "confidence": 0.681,
    "hoops": null,
    "surface": null,
    "lit": null,
    "address": null,
    "region": "tennessee",
    "osm_id": null,
    "updated": "2026-10-08"
   }
  },
  {
   "type": "Feature",
   "geometry": {
    "type": "Point",
    "coordinates": [
     -85.301247,
     36.497265
    ]
   },
   "properties": {
    "id": "det-4c7acf88ffc0",
    "name": null,
    "source": "detected",
    "status": "candidate",
    "confidence": 0.681,
    "hoops": null,
    "surface": null,
    "lit": null,
    "address": null,
    "region": "tennessee",
    "osm_id": null,
    "updated": "2026-10-08"
   }
  },
  {
   "type": "Feature",
   "geometry": {
    "type": "Point",
    "coordinates": [
     -85.032873,
     35.962268
    ]
   },
   "properties": {
    "id": "det-f2015a404710",
    "name": null,
    "source": "detected",
    "status": "candidate",
    "confidence": 0.681,
    "hoops": null,
    "surface": null,
    "lit": null,
    "address": null,
    "region": "tennessee",
    "osm_id": null,
    "updated": "2026-10-08"
   }
  },
  {
   "type": "Feature",
   "geometry": {
    "type": "Point",
    "coordinates": [
     -82.297709,
     36.298509
    ]
   },
   "properties": {
    "id": "det-4b2b81ce42d1",
    "name": null,
    "source": "detected",
    "status": "candidate",
    "confidence": 0.679,
    "hoops": null,
    "surface": null,
    "lit": null,
    "address": null,
    "region": "tennessee",
    "osm_id": null,
    "updated": "2026-10-08"
   }
  },
  {
   "type": "Feature",
   "geometry": {
    "type": "Point",
    "coordinates": [
     -84.455105,
     36.540376
    ]
   },
   "properties": {
    "id": "det-1a7eae053ddf",
    "name": null,
    "source": "detected",
    "status": "candidate",
    "confidence": 0.679,
    "hoops": null,
    "surface": null,
    "lit": null,
    "address": null,
    "region": "tennessee",
    "osm_id": null,
    "updated": "2026-10-08"
   }
  },
  {
   "type": "Feature",
   "geometry": {
    "type": "Point",
    "coordinates": [
     -90.024224,
     35.205952
    ]
   },
   "properties": {
    "id": "det-95a2fc3e70db",
    "name": null,
    "source": "detected",
    "status": "candidate",
    "confidence": 0.679,
    "hoops": null,
    "surface": null,
    "lit": null,
    "address": null,
    "region": "tennessee",
    "osm_id": null,
    "updated": "2026-10-08"
   }
  },
  {
   "type": "Feature",
   "geometry": {
    "type": "Point",
    "coordinates": [
     -83.941261,
     35.827919
    ]
   },
   "properties": {
    "id": "det-d420f18deeee",
    "name": null,
    "source": "detected",
    "status": "candidate",
    "confidence": 0.679,
    "hoops": null,
    "surface": null,
    "lit": null,
    "address": null,
    "region": "tennessee",
    "osm_id": null,
    "updated": "2026-10-08"
   }
  },
  {
   "type": "Feature",
   "geometry": {
    "type": "Point",
    "coordinates": [
     -84.123052,
     36.58797
    ]
   },
   "properties": {
    "id": "det-853f887f46c6",
    "name": null,
    "source": "detected",
    "status": "candidate",
    "confidence": 0.679,
    "hoops": null,
    "surface": null,
    "lit": null,
    "address": null,
    "region": "tennessee",
    "osm_id": null,
    "updated": "2026-10-08"
   }
  },
  {
   "type": "Feature",
   "geometry": {
    "type": "Point",
    "coordinates": [
     -82.381252,
     36.280823
    ]
   },
   "properties": {
    "id": "det-33ad22abf181",
    "name": null,
    "source": "detected",
    "status": "candidate",
    "confidence": 0.679,
    "hoops": null,
    "surface": null,
    "lit": null,
    "address": null,
    "region": "tennessee",
    "osm_id": null,
    "updated": "2026-10-08"
   }
  },
  {
   "type": "Feature",
   "geometry": {
    "type": "Point",
    "coordinates": [
     -84.198821,
     35.875357
    ]
   },
   "properties": {
    "id": "det-3eab25cba590",
    "name": null,
    "source": "detected",
    "status": "candidate",
    "confidence": 0.679,
    "hoops": null,
    "surface": null,
    "lit": null,
    "address": null,
    "region": "tennessee",
    "osm_id": null,
    "updated": "2026-10-08"
   }
  },
  {
   "type": "Feature",
   "geometry": {
    "type": "Point",
    "coordinates": [
     -82.385213,
     36.342795
    ]
   },
   "properties": {
    "id": "det-a3e407dc0d8d",
    "name": null,
    "source": "detected",
    "status": "candidate",
    "confidence": 0.678,
    "hoops": null,
    "surface": null,
    "lit": null,
    "address": null,
    "region": "tennessee",
    "osm_id": null,
    "updated": "2026-10-08"
   }
  },
  {
   "type": "Feature",
   "geometry": {
    "type": "Point",
    "coordinates": [
     -84.112929,
     36.04212
    ]
   },
   "properties": {
    "id": "det-cc69accbcccb",
    "name": null,
    "source": "detected",
    "status": "candidate",
    "confidence": 0.678,
    "hoops": null,
    "surface": null,
    "lit": null,
    "address": null,
    "region": "tennessee",
    "osm_id": null,
    "updated": "2026-10-08"
   }
  },
  {
   "type": "Feature",
   "geometry": {
    "type": "Point",
    "coordinates": [
     -87.015859,
     35.615173
    ]
   },
   "properties": {
    "id": "det-fbcf8e2eb324",
    "name": null,
    "source": "detected",
    "status": "candidate",
    "confidence": 0.678,
    "hoops": null,
    "surface": null,
    "lit": null,
    "address": null,
    "region": "tennessee",
    "osm_id": null,
    "updated": "2026-10-08"
   }
  },
  {
   "type": "Feature",
   "geometry": {
    "type": "Point",
    "coordinates": [
     -84.805264,
     35.050628
    ]
   },
   "properties": {
    "id": "det-2083b942f8cd",
    "name": null,
    "source": "detected",
    "status": "candidate",
    "confidence": 0.678,
    "hoops": null,
    "surface": null,
    "lit": null,
    "address": null,
    "region": "tennessee",
    "osm_id": null,
    "updated": "2026-10-08"
   }
  },
  {
   "type": "Feature",
   "geometry": {
    "type": "Point",
    "coordinates": [
     -85.124163,
     35.5712
    ]
   },
   "properties": {
    "id": "det-6bad28f700e7",
    "name": null,
    "source": "detected",
    "status": "candidate",
    "confidence": 0.677,
    "hoops": null,
    "surface": null,
    "lit": null,
    "address": null,
    "region": "tennessee",
    "osm_id": null,
    "updated": "2026-10-08"
   }
  },
  {
   "type": "Feature",
   "geometry": {
    "type": "Point",
    "coordinates": [
     -86.845633,
     36.022932
    ]
   },
   "properties": {
    "id": "det-683d3d173548",
    "name": null,
    "source": "detected",
    "status": "candidate",
    "confidence": 0.677,
    "hoops": null,
    "surface": null,
    "lit": null,
    "address": null,
    "region": "tennessee",
    "osm_id": null,
    "updated": "2026-10-08"
   }
  },
  {
   "type": "Feature",
   "geometry": {
    "type": "Point",
    "coordinates": [
     -89.64849,
     35.572462
    ]
   },
   "properties": {
    "id": "det-f8d549ab0773",
    "name": null,
    "source": "detected",
    "status": "candidate",
    "confidence": 0.676,
    "hoops": null,
    "surface": null,
    "lit": null,
    "address": null,
    "region": "tennessee",
    "osm_id": null,
    "updated": "2026-10-08"
   }
  },
  {
   "type": "Feature",
   "geometry": {
    "type": "Point",
    "coordinates": [
     -86.885187,
     35.952446
    ]
   },
   "properties": {
    "id": "det-15b611f877c9",
    "name": null,
    "source": "detected",
    "status": "candidate",
    "confidence": 0.676,
    "hoops": null,
    "surface": null,
    "lit": null,
    "address": null,
    "region": "tennessee",
    "osm_id": null,
    "updated": "2026-10-08"
   }
  },
  {
   "type": "Feature",
   "geometry": {
    "type": "Point",
    "coordinates": [
     -88.607927,
     35.233794
    ]
   },
   "properties": {
    "id": "det-7143d9ab063a",
    "name": null,
    "source": "detected",
    "status": "candidate",
    "confidence": 0.676,
    "hoops": null,
    "surface": null,
    "lit": null,
    "address": null,
    "region": "tennessee",
    "osm_id": null,
    "updated": "2026-10-08"
   }
  },
  {
   "type": "Feature",
   "geometry": {
    "type": "Point",
    "coordinates": [
     -89.994383,
     35.079044
    ]
   },
   "properties": {
    "id": "det-8b37ccc6e617",
    "name": null,
    "source": "detected",
    "status": "candidate",
    "confidence": 0.676,
    "hoops": null,
    "surface": null,
    "lit": null,
    "address": null,
    "region": "tennessee",
    "osm_id": null,
    "updated": "2026-10-08"
   }
  },
  {
   "type": "Feature",
   "geometry": {
    "type": "Point",
    "coordinates": [
     -86.833248,
     36.54094
    ]
   },
   "properties": {
    "id": "det-4face74c39f4",
    "name": null,
    "source": "detected",
    "status": "candidate",
    "confidence": 0.676,
    "hoops": null,
    "surface": null,
    "lit": null,
    "address": null,
    "region": "tennessee",
    "osm_id": null,
    "updated": "2026-10-08"
   }
  },
  {
   "type": "Feature",
   "geometry": {
    "type": "Point",
    "coordinates": [
     -82.383988,
     36.29928
    ]
   },
   "properties": {
    "id": "det-238af10b2a98",
    "name": null,
    "source": "detected",
    "status": "candidate",
    "confidence": 0.675,
    "hoops": null,
    "surface": null,
    "lit": null,
    "address": null,
    "region": "tennessee",
    "osm_id": null,
    "updated": "2026-10-08"
   }
  },
  {
   "type": "Feature",
   "geometry": {
    "type": "Point",
    "coordinates": [
     -88.291163,
     35.707428
    ]
   },
   "properties": {
    "id": "det-2b3bc3691bb3",
    "name": null,
    "source": "detected",
    "status": "candidate",
    "confidence": 0.675,
    "hoops": null,
    "surface": null,
    "lit": null,
    "address": null,
    "region": "tennessee",
    "osm_id": null,
    "updated": "2026-10-08"
   }
  },
  {
   "type": "Feature",
   "geometry": {
    "type": "Point",
    "coordinates": [
     -86.356257,
     35.841373
    ]
   },
   "properties": {
    "id": "det-d64e6bac7656",
    "name": null,
    "source": "detected",
    "status": "candidate",
    "confidence": 0.675,
    "hoops": null,
    "surface": null,
    "lit": null,
    "address": null,
    "region": "tennessee",
    "osm_id": null,
    "updated": "2026-10-08"
   }
  },
  {
   "type": "Feature",
   "geometry": {
    "type": "Point",
    "coordinates": [
     -86.799745,
     36.166116
    ]
   },
   "properties": {
    "id": "det-ee6df177a97d",
    "name": null,
    "source": "detected",
    "status": "candidate",
    "confidence": 0.675,
    "hoops": null,
    "surface": null,
    "lit": null,
    "address": null,
    "region": "tennessee",
    "osm_id": null,
    "updated": "2026-10-08"
   }
  },
  {
   "type": "Feature",
   "geometry": {
    "type": "Point",
    "coordinates": [
     -86.80879,
     36.124862
    ]
   },
   "properties": {
    "id": "det-9ad52ce9f4c2",
    "name": null,
    "source": "detected",
    "status": "candidate",
    "confidence": 0.674,
    "hoops": null,
    "surface": null,
    "lit": null,
    "address": null,
    "region": "tennessee",
    "osm_id": null,
    "updated": "2026-10-08"
   }
  },
  {
   "type": "Feature",
   "geometry": {
    "type": "Point",
    "coordinates": [
     -85.134538,
     35.211373
    ]
   },
   "properties": {
    "id": "det-e55e3e33fbaf",
    "name": null,
    "source": "detected",
    "status": "candidate",
    "confidence": 0.674,
    "hoops": null,
    "surface": null,
    "lit": null,
    "address": null,
    "region": "chattanooga",
    "osm_id": null,
    "updated": "2026-10-08"
   }
  },
  {
   "type": "Feature",
   "geometry": {
    "type": "Point",
    "coordinates": [
     -83.245941,
     36.223031
    ]
   },
   "properties": {
    "id": "det-8424e6390d37",
    "name": null,
    "source": "detected",
    "status": "candidate",
    "confidence": 0.673,
    "hoops": null,
    "surface": null,
    "lit": null,
    "address": null,
    "region": "tennessee",
    "osm_id": null,
    "updated": "2026-10-08"
   }
  },
  {
   "type": "Feature",
   "geometry": {
    "type": "Point",
    "coordinates": [
     -84.296683,
     35.881808
    ]
   },
   "properties": {
    "id": "det-4b2d39dcecce",
    "name": null,
    "source": "detected",
    "status": "candidate",
    "confidence": 0.673,
    "hoops": null,
    "surface": null,
    "lit": null,
    "address": null,
    "region": "tennessee",
    "osm_id": null,
    "updated": "2026-10-08"
   }
  },
  {
   "type": "Feature",
   "geometry": {
    "type": "Point",
    "coordinates": [
     -83.979335,
     35.778564
    ]
   },
   "properties": {
    "id": "det-d955cb48ca9e",
    "name": null,
    "source": "detected",
    "status": "candidate",
    "confidence": 0.673,
    "hoops": null,
    "surface": null,
    "lit": null,
    "address": null,
    "region": "tennessee",
    "osm_id": null,
    "updated": "2026-10-08"
   }
  },
  {
   "type": "Feature",
   "geometry": {
    "type": "Point",
    "coordinates": [
     -82.848073,
     36.160056
    ]
   },
   "properties": {
    "id": "det-36c24d58d3c1",
    "name": null,
    "source": "detected",
    "status": "candidate",
    "confidence": 0.673,
    "hoops": null,
    "surface": null,
    "lit": null,
    "address": null,
    "region": "tennessee",
    "osm_id": null,
    "updated": "2026-10-08"
   }
  },
  {
   "type": "Feature",
   "geometry": {
    "type": "Point",
    "coordinates": [
     -82.763295,
     36.060981
    ]
   },
   "properties": {
    "id": "det-7c073dafe4b4",
    "name": null,
    "source": "detected",
    "status": "candidate",
    "confidence": 0.673,
    "hoops": null,
    "surface": null,
    "lit": null,
    "address": null,
    "region": "tennessee",
    "osm_id": null,
    "updated": "2026-10-08"
   }
  },
  {
   "type": "Feature",
   "geometry": {
    "type": "Point",
    "coordinates": [
     -86.489704,
     36.009034
    ]
   },
   "properties": {
    "id": "det-c22b0b4c4645",
    "name": null,
    "source": "detected",
    "status": "candidate",
    "confidence": 0.672,
    "hoops": null,
    "surface": null,
    "lit": null,
    "address": null,
    "region": "tennessee",
    "osm_id": null,
    "updated": "2026-10-08"
   }
  },
  {
   "type": "Feature",
   "geometry": {
    "type": "Point",
    "coordinates": [
     -86.079746,
     35.209638
    ]
   },
   "properties": {
    "id": "det-5c1f7dc88d37",
    "name": null,
    "source": "detected",
    "status": "candidate",
    "confidence": 0.671,
    "hoops": null,
    "surface": null,
    "lit": null,
    "address": null,
    "region": "tennessee",
    "osm_id": null,
    "updated": "2026-10-08"
   }
  },
  {
   "type": "Feature",
   "geometry": {
    "type": "Point",
    "coordinates": [
     -88.809568,
     35.629136
    ]
   },
   "properties": {
    "id": "det-db3177170630",
    "name": null,
    "source": "detected",
    "status": "candidate",
    "confidence": 0.671,
    "hoops": null,
    "surface": null,
    "lit": null,
    "address": null,
    "region": "tennessee",
    "osm_id": null,
    "updated": "2026-10-08"
   }
  },
  {
   "type": "Feature",
   "geometry": {
    "type": "Point",
    "coordinates": [
     -83.867695,
     35.765266
    ]
   },
   "properties": {
    "id": "det-4475c1f8ed82",
    "name": null,
    "source": "detected",
    "status": "candidate",
    "confidence": 0.671,
    "hoops": null,
    "surface": null,
    "lit": null,
    "address": null,
    "region": "tennessee",
    "osm_id": null,
    "updated": "2026-10-08"
   }
  },
  {
   "type": "Feature",
   "geometry": {
    "type": "Point",
    "coordinates": [
     -83.336502,
     36.208631
    ]
   },
   "properties": {
    "id": "det-7d0c5e1c33da",
    "name": null,
    "source": "detected",
    "status": "candidate",
    "confidence": 0.67,
    "hoops": null,
    "surface": null,
    "lit": null,
    "address": null,
    "region": "tennessee",
    "osm_id": null,
    "updated": "2026-10-08"
   }
  },
  {
   "type": "Feature",
   "geometry": {
    "type": "Point",
    "coordinates": [
     -85.074282,
     35.548389
    ]
   },
   "properties": {
    "id": "det-f8b8ae3f9a81",
    "name": null,
    "source": "detected",
    "status": "candidate",
    "confidence": 0.67,
    "hoops": null,
    "surface": null,
    "lit": null,
    "address": null,
    "region": "tennessee",
    "osm_id": null,
    "updated": "2026-10-08"
   }
  },
  {
   "type": "Feature",
   "geometry": {
    "type": "Point",
    "coordinates": [
     -86.704401,
     36.274529
    ]
   },
   "properties": {
    "id": "det-17cc53b16b8c",
    "name": null,
    "source": "detected",
    "status": "candidate",
    "confidence": 0.67,
    "hoops": null,
    "surface": null,
    "lit": null,
    "address": null,
    "region": "tennessee",
    "osm_id": null,
    "updated": "2026-10-08"
   }
  },
  {
   "type": "Feature",
   "geometry": {
    "type": "Point",
    "coordinates": [
     -84.506567,
     35.863551
    ]
   },
   "properties": {
    "id": "det-76024af14678",
    "name": null,
    "source": "detected",
    "status": "candidate",
    "confidence": 0.67,
    "hoops": null,
    "surface": null,
    "lit": null,
    "address": null,
    "region": "tennessee",
    "osm_id": null,
    "updated": "2026-10-08"
   }
  },
  {
   "type": "Feature",
   "geometry": {
    "type": "Point",
    "coordinates": [
     -88.938929,
     35.970404
    ]
   },
   "properties": {
    "id": "det-6dd6384d95b6",
    "name": null,
    "source": "detected",
    "status": "candidate",
    "confidence": 0.669,
    "hoops": null,
    "surface": null,
    "lit": null,
    "address": null,
    "region": "tennessee",
    "osm_id": null,
    "updated": "2026-10-08"
   }
  },
  {
   "type": "Feature",
   "geometry": {
    "type": "Point",
    "coordinates": [
     -88.052892,
     35.041203
    ]
   },
   "properties": {
    "id": "det-daaefaa0687a",
    "name": null,
    "source": "detected",
    "status": "candidate",
    "confidence": 0.669,
    "hoops": null,
    "surface": null,
    "lit": null,
    "address": null,
    "region": "tennessee",
    "osm_id": null,
    "updated": "2026-10-08"
   }
  },
  {
   "type": "Feature",
   "geometry": {
    "type": "Point",
    "coordinates": [
     -88.21669,
     35.379532
    ]
   },
   "properties": {
    "id": "det-fa560a73d5d7",
    "name": null,
    "source": "detected",
    "status": "candidate",
    "confidence": 0.669,
    "hoops": null,
    "surface": null,
    "lit": null,
    "address": null,
    "region": "tennessee",
    "osm_id": null,
    "updated": "2026-10-08"
   }
  },
  {
   "type": "Feature",
   "geometry": {
    "type": "Point",
    "coordinates": [
     -85.312519,
     36.38596
    ]
   },
   "properties": {
    "id": "det-446fa75b76e3",
    "name": null,
    "source": "detected",
    "status": "candidate",
    "confidence": 0.668,
    "hoops": null,
    "surface": null,
    "lit": null,
    "address": null,
    "region": "tennessee",
    "osm_id": null,
    "updated": "2026-10-08"
   }
  },
  {
   "type": "Feature",
   "geometry": {
    "type": "Point",
    "coordinates": [
     -83.952282,
     35.749647
    ]
   },
   "properties": {
    "id": "det-4b7b8f0794c6",
    "name": null,
    "source": "detected",
    "status": "candidate",
    "confidence": 0.668,
    "hoops": null,
    "surface": null,
    "lit": null,
    "address": null,
    "region": "tennessee",
    "osm_id": null,
    "updated": "2026-10-08"
   }
  },
  {
   "type": "Feature",
   "geometry": {
    "type": "Point",
    "coordinates": [
     -89.344122,
     35.43105
    ]
   },
   "properties": {
    "id": "det-ab9e38add4e7",
    "name": null,
    "source": "detected",
    "status": "candidate",
    "confidence": 0.668,
    "hoops": null,
    "surface": null,
    "lit": null,
    "address": null,
    "region": "tennessee",
    "osm_id": null,
    "updated": "2026-10-08"
   }
  },
  {
   "type": "Feature",
   "geometry": {
    "type": "Point",
    "coordinates": [
     -86.904737,
     36.049689
    ]
   },
   "properties": {
    "id": "det-0c8e7fd30fb6",
    "name": null,
    "source": "detected",
    "status": "candidate",
    "confidence": 0.668,
    "hoops": null,
    "surface": null,
    "lit": null,
    "address": null,
    "region": "tennessee",
    "osm_id": null,
    "updated": "2026-10-08"
   }
  },
  {
   "type": "Feature",
   "geometry": {
    "type": "Point",
    "coordinates": [
     -85.944748,
     35.843427
    ]
   },
   "properties": {
    "id": "det-ea73c19131c9",
    "name": null,
    "source": "detected",
    "status": "candidate",
    "confidence": 0.668,
    "hoops": null,
    "surface": null,
    "lit": null,
    "address": null,
    "region": "tennessee",
    "osm_id": null,
    "updated": "2026-10-08"
   }
  },
  {
   "type": "Feature",
   "geometry": {
    "type": "Point",
    "coordinates": [
     -83.749742,
     35.863393
    ]
   },
   "properties": {
    "id": "det-628a19695ec1",
    "name": null,
    "source": "detected",
    "status": "candidate",
    "confidence": 0.667,
    "hoops": null,
    "surface": null,
    "lit": null,
    "address": null,
    "region": "tennessee",
    "osm_id": null,
    "updated": "2026-10-08"
   }
  },
  {
   "type": "Feature",
   "geometry": {
    "type": "Point",
    "coordinates": [
     -86.632895,
     36.077887
    ]
   },
   "properties": {
    "id": "det-53e99e45629b",
    "name": null,
    "source": "detected",
    "status": "candidate",
    "confidence": 0.667,
    "hoops": null,
    "surface": null,
    "lit": null,
    "address": null,
    "region": "tennessee",
    "osm_id": null,
    "updated": "2026-10-08"
   }
  },
  {
   "type": "Feature",
   "geometry": {
    "type": "Point",
    "coordinates": [
     -86.707397,
     36.109706
    ]
   },
   "properties": {
    "id": "det-253e6cb92586",
    "name": null,
    "source": "detected",
    "status": "candidate",
    "confidence": 0.666,
    "hoops": null,
    "surface": null,
    "lit": null,
    "address": null,
    "region": "tennessee",
    "osm_id": null,
    "updated": "2026-10-08"
   }
  },
  {
   "type": "Feature",
   "geometry": {
    "type": "Point",
    "coordinates": [
     -90.059523,
     35.110345
    ]
   },
   "properties": {
    "id": "det-bc89fe9736a2",
    "name": null,
    "source": "detected",
    "status": "candidate",
    "confidence": 0.666,
    "hoops": null,
    "surface": null,
    "lit": null,
    "address": null,
    "region": "tennessee",
    "osm_id": null,
    "updated": "2026-10-08"
   }
  },
  {
   "type": "Feature",
   "geometry": {
    "type": "Point",
    "coordinates": [
     -84.306814,
     35.382541
    ]
   },
   "properties": {
    "id": "det-b3e1b2eb406d",
    "name": null,
    "source": "detected",
    "status": "candidate",
    "confidence": 0.666,
    "hoops": null,
    "surface": null,
    "lit": null,
    "address": null,
    "region": "tennessee",
    "osm_id": null,
    "updated": "2026-10-08"
   }
  },
  {
   "type": "Feature",
   "geometry": {
    "type": "Point",
    "coordinates": [
     -83.894299,
     35.966761
    ]
   },
   "properties": {
    "id": "det-b1d62dc5b900",
    "name": null,
    "source": "detected",
    "status": "candidate",
    "confidence": 0.666,
    "hoops": null,
    "surface": null,
    "lit": null,
    "address": null,
    "region": "tennessee",
    "osm_id": null,
    "updated": "2026-10-08"
   }
  },
  {
   "type": "Feature",
   "geometry": {
    "type": "Point",
    "coordinates": [
     -84.96322,
     36.542077
    ]
   },
   "properties": {
    "id": "det-95df42dfe047",
    "name": null,
    "source": "detected",
    "status": "candidate",
    "confidence": 0.666,
    "hoops": null,
    "surface": null,
    "lit": null,
    "address": null,
    "region": "tennessee",
    "osm_id": null,
    "updated": "2026-10-08"
   }
  },
  {
   "type": "Feature",
   "geometry": {
    "type": "Point",
    "coordinates": [
     -89.994373,
     35.079213
    ]
   },
   "properties": {
    "id": "det-140d9afcd39b",
    "name": null,
    "source": "detected",
    "status": "candidate",
    "confidence": 0.666,
    "hoops": null,
    "surface": null,
    "lit": null,
    "address": null,
    "region": "tennessee",
    "osm_id": null,
    "updated": "2026-10-08"
   }
  },
  {
   "type": "Feature",
   "geometry": {
    "type": "Point",
    "coordinates": [
     -82.877124,
     36.112934
    ]
   },
   "properties": {
    "id": "det-fc6f131a80e4",
    "name": null,
    "source": "detected",
    "status": "candidate",
    "confidence": 0.665,
    "hoops": null,
    "surface": null,
    "lit": null,
    "address": null,
    "region": "tennessee",
    "osm_id": null,
    "updated": "2026-10-08"
   }
  },
  {
   "type": "Feature",
   "geometry": {
    "type": "Point",
    "coordinates": [
     -86.66125,
     36.470803
    ]
   },
   "properties": {
    "id": "det-f28fcc0e7db0",
    "name": null,
    "source": "detected",
    "status": "candidate",
    "confidence": 0.665,
    "hoops": null,
    "surface": null,
    "lit": null,
    "address": null,
    "region": "tennessee",
    "osm_id": null,
    "updated": "2026-10-08"
   }
  },
  {
   "type": "Feature",
   "geometry": {
    "type": "Point",
    "coordinates": [
     -84.140016,
     36.028315
    ]
   },
   "properties": {
    "id": "det-543bd4a9c5eb",
    "name": null,
    "source": "detected",
    "status": "candidate",
    "confidence": 0.665,
    "hoops": null,
    "surface": null,
    "lit": null,
    "address": null,
    "region": "tennessee",
    "osm_id": null,
    "updated": "2026-10-08"
   }
  },
  {
   "type": "Feature",
   "geometry": {
    "type": "Point",
    "coordinates": [
     -84.937412,
     36.259357
    ]
   },
   "properties": {
    "id": "det-dd5dcf89ea70",
    "name": null,
    "source": "detected",
    "status": "candidate",
    "confidence": 0.665,
    "hoops": null,
    "surface": null,
    "lit": null,
    "address": null,
    "region": "tennessee",
    "osm_id": null,
    "updated": "2026-10-08"
   }
  },
  {
   "type": "Feature",
   "geometry": {
    "type": "Point",
    "coordinates": [
     -89.515583,
     35.226483
    ]
   },
   "properties": {
    "id": "det-b64d71e8c694",
    "name": null,
    "source": "detected",
    "status": "candidate",
    "confidence": 0.664,
    "hoops": null,
    "surface": null,
    "lit": null,
    "address": null,
    "region": "tennessee",
    "osm_id": null,
    "updated": "2026-10-08"
   }
  },
  {
   "type": "Feature",
   "geometry": {
    "type": "Point",
    "coordinates": [
     -85.938596,
     36.251607
    ]
   },
   "properties": {
    "id": "det-4edb4ca5b388",
    "name": null,
    "source": "detected",
    "status": "candidate",
    "confidence": 0.664,
    "hoops": null,
    "surface": null,
    "lit": null,
    "address": null,
    "region": "tennessee",
    "osm_id": null,
    "updated": "2026-10-08"
   }
  },
  {
   "type": "Feature",
   "geometry": {
    "type": "Point",
    "coordinates": [
     -88.121804,
     35.612225
    ]
   },
   "properties": {
    "id": "det-499641dc974f",
    "name": null,
    "source": "detected",
    "status": "candidate",
    "confidence": 0.664,
    "hoops": null,
    "surface": null,
    "lit": null,
    "address": null,
    "region": "tennessee",
    "osm_id": null,
    "updated": "2026-10-08"
   }
  },
  {
   "type": "Feature",
   "geometry": {
    "type": "Point",
    "coordinates": [
     -86.816505,
     35.456141
    ]
   },
   "properties": {
    "id": "det-e0769c1c0a82",
    "name": null,
    "source": "detected",
    "status": "candidate",
    "confidence": 0.663,
    "hoops": null,
    "surface": null,
    "lit": null,
    "address": null,
    "region": "tennessee",
    "osm_id": null,
    "updated": "2026-10-08"
   }
  },
  {
   "type": "Feature",
   "geometry": {
    "type": "Point",
    "coordinates": [
     -84.484089,
     35.858047
    ]
   },
   "properties": {
    "id": "det-abcdcd33214d",
    "name": null,
    "source": "detected",
    "status": "candidate",
    "confidence": 0.663,
    "hoops": null,
    "surface": null,
    "lit": null,
    "address": null,
    "region": "tennessee",
    "osm_id": null,
    "updated": "2026-10-08"
   }
  },
  {
   "type": "Feature",
   "geometry": {
    "type": "Point",
    "coordinates": [
     -83.982353,
     35.781907
    ]
   },
   "properties": {
    "id": "det-fb6b08b5fda3",
    "name": null,
    "source": "detected",
    "status": "candidate",
    "confidence": 0.663,
    "hoops": null,
    "surface": null,
    "lit": null,
    "address": null,
    "region": "tennessee",
    "osm_id": null,
    "updated": "2026-10-08"
   }
  },
  {
   "type": "Feature",
   "geometry": {
    "type": "Point",
    "coordinates": [
     -83.971076,
     35.932293
    ]
   },
   "properties": {
    "id": "det-429e23a25751",
    "name": null,
    "source": "detected",
    "status": "candidate",
    "confidence": 0.663,
    "hoops": null,
    "surface": null,
    "lit": null,
    "address": null,
    "region": "tennessee",
    "osm_id": null,
    "updated": "2026-10-08"
   }
  },
  {
   "type": "Feature",
   "geometry": {
    "type": "Point",
    "coordinates": [
     -84.096656,
     35.933269
    ]
   },
   "properties": {
    "id": "det-5440a1dd4719",
    "name": null,
    "source": "detected",
    "status": "candidate",
    "confidence": 0.663,
    "hoops": null,
    "surface": null,
    "lit": null,
    "address": null,
    "region": "tennessee",
    "osm_id": null,
    "updated": "2026-10-08"
   }
  },
  {
   "type": "Feature",
   "geometry": {
    "type": "Point",
    "coordinates": [
     -81.7978,
     36.431164
    ]
   },
   "properties": {
    "id": "det-8a611b0a4019",
    "name": null,
    "source": "detected",
    "status": "candidate",
    "confidence": 0.661,
    "hoops": null,
    "surface": null,
    "lit": null,
    "address": null,
    "region": "tennessee",
    "osm_id": null,
    "updated": "2026-10-08"
   }
  },
  {
   "type": "Feature",
   "geometry": {
    "type": "Point",
    "coordinates": [
     -84.098575,
     35.932853
    ]
   },
   "properties": {
    "id": "det-d8badab3c15d",
    "name": null,
    "source": "detected",
    "status": "candidate",
    "confidence": 0.661,
    "hoops": null,
    "surface": null,
    "lit": null,
    "address": null,
    "region": "tennessee",
    "osm_id": null,
    "updated": "2026-10-08"
   }
  },
  {
   "type": "Feature",
   "geometry": {
    "type": "Point",
    "coordinates": [
     -87.019441,
     35.190314
    ]
   },
   "properties": {
    "id": "det-b22a51944bf1",
    "name": null,
    "source": "detected",
    "status": "candidate",
    "confidence": 0.661,
    "hoops": null,
    "surface": null,
    "lit": null,
    "address": null,
    "region": "tennessee",
    "osm_id": null,
    "updated": "2026-10-08"
   }
  },
  {
   "type": "Feature",
   "geometry": {
    "type": "Point",
    "coordinates": [
     -85.418997,
     36.472209
    ]
   },
   "properties": {
    "id": "det-98ffb287188d",
    "name": null,
    "source": "detected",
    "status": "candidate",
    "confidence": 0.661,
    "hoops": null,
    "surface": null,
    "lit": null,
    "address": null,
    "region": "tennessee",
    "osm_id": null,
    "updated": "2026-10-08"
   }
  },
  {
   "type": "Feature",
   "geometry": {
    "type": "Point",
    "coordinates": [
     -89.937093,
     35.114973
    ]
   },
   "properties": {
    "id": "det-aa3ae905b0fc",
    "name": null,
    "source": "detected",
    "status": "candidate",
    "confidence": 0.661,
    "hoops": null,
    "surface": null,
    "lit": null,
    "address": null,
    "region": "tennessee",
    "osm_id": null,
    "updated": "2026-10-08"
   }
  },
  {
   "type": "Feature",
   "geometry": {
    "type": "Point",
    "coordinates": [
     -85.993423,
     35.78575
    ]
   },
   "properties": {
    "id": "det-3895e2ce1909",
    "name": null,
    "source": "detected",
    "status": "candidate",
    "confidence": 0.66,
    "hoops": null,
    "surface": null,
    "lit": null,
    "address": null,
    "region": "tennessee",
    "osm_id": null,
    "updated": "2026-10-08"
   }
  },
  {
   "type": "Feature",
   "geometry": {
    "type": "Point",
    "coordinates": [
     -84.782523,
     35.121396
    ]
   },
   "properties": {
    "id": "det-acfeded97936",
    "name": null,
    "source": "detected",
    "status": "candidate",
    "confidence": 0.66,
    "hoops": null,
    "surface": null,
    "lit": null,
    "address": null,
    "region": "tennessee",
    "osm_id": null,
    "updated": "2026-10-08"
   }
  },
  {
   "type": "Feature",
   "geometry": {
    "type": "Point",
    "coordinates": [
     -83.342548,
     36.342373
    ]
   },
   "properties": {
    "id": "det-b5330d582fe3",
    "name": null,
    "source": "detected",
    "status": "candidate",
    "confidence": 0.66,
    "hoops": null,
    "surface": null,
    "lit": null,
    "address": null,
    "region": "tennessee",
    "osm_id": null,
    "updated": "2026-10-08"
   }
  },
  {
   "type": "Feature",
   "geometry": {
    "type": "Point",
    "coordinates": [
     -86.838341,
     36.037893
    ]
   },
   "properties": {
    "id": "det-6fa1edb36ab7",
    "name": null,
    "source": "detected",
    "status": "candidate",
    "confidence": 0.66,
    "hoops": null,
    "surface": null,
    "lit": null,
    "address": null,
    "region": "tennessee",
    "osm_id": null,
    "updated": "2026-10-08"
   }
  },
  {
   "type": "Feature",
   "geometry": {
    "type": "Point",
    "coordinates": [
     -86.558991,
     36.57636
    ]
   },
   "properties": {
    "id": "det-3645f7aee7fd",
    "name": null,
    "source": "detected",
    "status": "candidate",
    "confidence": 0.66,
    "hoops": null,
    "surface": null,
    "lit": null,
    "address": null,
    "region": "tennessee",
    "osm_id": null,
    "updated": "2026-10-08"
   }
  },
  {
   "type": "Feature",
   "geometry": {
    "type": "Point",
    "coordinates": [
     -82.865953,
     36.46286
    ]
   },
   "properties": {
    "id": "det-7c497d8840c0",
    "name": null,
    "source": "detected",
    "status": "candidate",
    "confidence": 0.66,
    "hoops": null,
    "surface": null,
    "lit": null,
    "address": null,
    "region": "tennessee",
    "osm_id": null,
    "updated": "2026-10-08"
   }
  },
  {
   "type": "Feature",
   "geometry": {
    "type": "Point",
    "coordinates": [
     -86.200517,
     35.365315
    ]
   },
   "properties": {
    "id": "det-c466b76e335f",
    "name": null,
    "source": "detected",
    "status": "candidate",
    "confidence": 0.659,
    "hoops": null,
    "surface": null,
    "lit": null,
    "address": null,
    "region": "tennessee",
    "osm_id": null,
    "updated": "2026-10-08"
   }
  },
  {
   "type": "Feature",
   "geometry": {
    "type": "Point",
    "coordinates": [
     -89.885924,
     35.227761
    ]
   },
   "properties": {
    "id": "det-d94f28db6766",
    "name": null,
    "source": "detected",
    "status": "candidate",
    "confidence": 0.658,
    "hoops": null,
    "surface": null,
    "lit": null,
    "address": null,
    "region": "tennessee",
    "osm_id": null,
    "updated": "2026-10-08"
   }
  },
  {
   "type": "Feature",
   "geometry": {
    "type": "Point",
    "coordinates": [
     -88.391824,
     35.241109
    ]
   },
   "properties": {
    "id": "det-47406cb54dc4",
    "name": null,
    "source": "detected",
    "status": "candidate",
    "confidence": 0.658,
    "hoops": null,
    "surface": null,
    "lit": null,
    "address": null,
    "region": "tennessee",
    "osm_id": null,
    "updated": "2026-10-08"
   }
  },
  {
   "type": "Feature",
   "geometry": {
    "type": "Point",
    "coordinates": [
     -88.535493,
     35.556044
    ]
   },
   "properties": {
    "id": "det-60b5118eaceb",
    "name": null,
    "source": "detected",
    "status": "candidate",
    "confidence": 0.657,
    "hoops": null,
    "surface": null,
    "lit": null,
    "address": null,
    "region": "tennessee",
    "osm_id": null,
    "updated": "2026-10-08"
   }
  },
  {
   "type": "Feature",
   "geometry": {
    "type": "Point",
    "coordinates": [
     -83.916028,
     35.93363
    ]
   },
   "properties": {
    "id": "det-c08c03fc76f5",
    "name": null,
    "source": "detected",
    "status": "candidate",
    "confidence": 0.657,
    "hoops": null,
    "surface": null,
    "lit": null,
    "address": null,
    "region": "tennessee",
    "osm_id": null,
    "updated": "2026-10-08"
   }
  },
  {
   "type": "Feature",
   "geometry": {
    "type": "Point",
    "coordinates": [
     -89.949979,
     35.048345
    ]
   },
   "properties": {
    "id": "det-edf6e63f8695",
    "name": null,
    "source": "detected",
    "status": "candidate",
    "confidence": 0.656,
    "hoops": null,
    "surface": null,
    "lit": null,
    "address": null,
    "region": "tennessee",
    "osm_id": null,
    "updated": "2026-10-08"
   }
  },
  {
   "type": "Feature",
   "geometry": {
    "type": "Point",
    "coordinates": [
     -85.745308,
     35.087311
    ]
   },
   "properties": {
    "id": "det-781b65aa4378",
    "name": null,
    "source": "detected",
    "status": "candidate",
    "confidence": 0.656,
    "hoops": null,
    "surface": null,
    "lit": null,
    "address": null,
    "region": "tennessee",
    "osm_id": null,
    "updated": "2026-10-08"
   }
  },
  {
   "type": "Feature",
   "geometry": {
    "type": "Point",
    "coordinates": [
     -83.30361,
     36.22284
    ]
   },
   "properties": {
    "id": "det-7e594057d293",
    "name": null,
    "source": "detected",
    "status": "candidate",
    "confidence": 0.656,
    "hoops": null,
    "surface": null,
    "lit": null,
    "address": null,
    "region": "tennessee",
    "osm_id": null,
    "updated": "2026-10-08"
   }
  },
  {
   "type": "Feature",
   "geometry": {
    "type": "Point",
    "coordinates": [
     -84.420194,
     35.96393
    ]
   },
   "properties": {
    "id": "det-f5824590cb7b",
    "name": null,
    "source": "detected",
    "status": "candidate",
    "confidence": 0.655,
    "hoops": null,
    "surface": null,
    "lit": null,
    "address": null,
    "region": "tennessee",
    "osm_id": null,
    "updated": "2026-10-08"
   }
  },
  {
   "type": "Feature",
   "geometry": {
    "type": "Point",
    "coordinates": [
     -87.757602,
     35.328748
    ]
   },
   "properties": {
    "id": "det-ea7cf252a4f3",
    "name": null,
    "source": "detected",
    "status": "candidate",
    "confidence": 0.655,
    "hoops": null,
    "surface": null,
    "lit": null,
    "address": null,
    "region": "tennessee",
    "osm_id": null,
    "updated": "2026-10-08"
   }
  },
  {
   "type": "Feature",
   "geometry": {
    "type": "Point",
    "coordinates": [
     -82.555806,
     36.550872
    ]
   },
   "properties": {
    "id": "det-3fe442bd22f5",
    "name": null,
    "source": "detected",
    "status": "candidate",
    "confidence": 0.654,
    "hoops": null,
    "surface": null,
    "lit": null,
    "address": null,
    "region": "tennessee",
    "osm_id": null,
    "updated": "2026-10-08"
   }
  },
  {
   "type": "Feature",
   "geometry": {
    "type": "Point",
    "coordinates": [
     -86.144768,
     35.269304
    ]
   },
   "properties": {
    "id": "det-8200a124aa22",
    "name": null,
    "source": "detected",
    "status": "candidate",
    "confidence": 0.654,
    "hoops": null,
    "surface": null,
    "lit": null,
    "address": null,
    "region": "tennessee",
    "osm_id": null,
    "updated": "2026-10-08"
   }
  },
  {
   "type": "Feature",
   "geometry": {
    "type": "Point",
    "coordinates": [
     -85.813098,
     35.644595
    ]
   },
   "properties": {
    "id": "det-194a76cda1d1",
    "name": null,
    "source": "detected",
    "status": "candidate",
    "confidence": 0.654,
    "hoops": null,
    "surface": null,
    "lit": null,
    "address": null,
    "region": "tennessee",
    "osm_id": null,
    "updated": "2026-10-08"
   }
  },
  {
   "type": "Feature",
   "geometry": {
    "type": "Point",
    "coordinates": [
     -83.893744,
     35.883144
    ]
   },
   "properties": {
    "id": "det-e0f9ab0df3b6",
    "name": null,
    "source": "detected",
    "status": "candidate",
    "confidence": 0.654,
    "hoops": null,
    "surface": null,
    "lit": null,
    "address": null,
    "region": "tennessee",
    "osm_id": null,
    "updated": "2026-10-08"
   }
  },
  {
   "type": "Feature",
   "geometry": {
    "type": "Point",
    "coordinates": [
     -84.184316,
     35.9334
    ]
   },
   "properties": {
    "id": "det-54ec5a23c1cd",
    "name": null,
    "source": "detected",
    "status": "candidate",
    "confidence": 0.654,
    "hoops": null,
    "surface": null,
    "lit": null,
    "address": null,
    "region": "tennessee",
    "osm_id": null,
    "updated": "2026-10-08"
   }
  },
  {
   "type": "Feature",
   "geometry": {
    "type": "Point",
    "coordinates": [
     -85.018303,
     35.489237
    ]
   },
   "properties": {
    "id": "det-6d646e3adf65",
    "name": null,
    "source": "detected",
    "status": "candidate",
    "confidence": 0.654,
    "hoops": null,
    "surface": null,
    "lit": null,
    "address": null,
    "region": "tennessee",
    "osm_id": null,
    "updated": "2026-10-08"
   }
  },
  {
   "type": "Feature",
   "geometry": {
    "type": "Point",
    "coordinates": [
     -86.602145,
     36.328938
    ]
   },
   "properties": {
    "id": "det-33679d279a7c",
    "name": null,
    "source": "detected",
    "status": "candidate",
    "confidence": 0.653,
    "hoops": null,
    "surface": null,
    "lit": null,
    "address": null,
    "region": "tennessee",
    "osm_id": null,
    "updated": "2026-10-08"
   }
  },
  {
   "type": "Feature",
   "geometry": {
    "type": "Point",
    "coordinates": [
     -89.935032,
     35.117224
    ]
   },
   "properties": {
    "id": "det-b709aea9673c",
    "name": null,
    "source": "detected",
    "status": "candidate",
    "confidence": 0.653,
    "hoops": null,
    "surface": null,
    "lit": null,
    "address": null,
    "region": "tennessee",
    "osm_id": null,
    "updated": "2026-10-08"
   }
  },
  {
   "type": "Feature",
   "geometry": {
    "type": "Point",
    "coordinates": [
     -83.982526,
     35.781992
    ]
   },
   "properties": {
    "id": "det-afbf166beee2",
    "name": null,
    "source": "detected",
    "status": "candidate",
    "confidence": 0.652,
    "hoops": null,
    "surface": null,
    "lit": null,
    "address": null,
    "region": "tennessee",
    "osm_id": null,
    "updated": "2026-10-08"
   }
  },
  {
   "type": "Feature",
   "geometry": {
    "type": "Point",
    "coordinates": [
     -88.721977,
     35.678177
    ]
   },
   "properties": {
    "id": "det-8bdfe32d2982",
    "name": null,
    "source": "detected",
    "status": "candidate",
    "confidence": 0.652,
    "hoops": null,
    "surface": null,
    "lit": null,
    "address": null,
    "region": "tennessee",
    "osm_id": null,
    "updated": "2026-10-08"
   }
  },
  {
   "type": "Feature",
   "geometry": {
    "type": "Point",
    "coordinates": [
     -85.794865,
     36.236495
    ]
   },
   "properties": {
    "id": "det-9247c5da87ed",
    "name": null,
    "source": "detected",
    "status": "candidate",
    "confidence": 0.652,
    "hoops": null,
    "surface": null,
    "lit": null,
    "address": null,
    "region": "tennessee",
    "osm_id": null,
    "updated": "2026-10-08"
   }
  },
  {
   "type": "Feature",
   "geometry": {
    "type": "Point",
    "coordinates": [
     -87.344902,
     36.513837
    ]
   },
   "properties": {
    "id": "det-23e5c72037da",
    "name": null,
    "source": "detected",
    "status": "candidate",
    "confidence": 0.652,
    "hoops": null,
    "surface": null,
    "lit": null,
    "address": null,
    "region": "tennessee",
    "osm_id": null,
    "updated": "2026-10-08"
   }
  },
  {
   "type": "Feature",
   "geometry": {
    "type": "Point",
    "coordinates": [
     -89.533118,
     35.732498
    ]
   },
   "properties": {
    "id": "det-f3ee0f752cd7",
    "name": null,
    "source": "detected",
    "status": "candidate",
    "confidence": 0.651,
    "hoops": null,
    "surface": null,
    "lit": null,
    "address": null,
    "region": "tennessee",
    "osm_id": null,
    "updated": "2026-10-08"
   }
  },
  {
   "type": "Feature",
   "geometry": {
    "type": "Point",
    "coordinates": [
     -87.480423,
     36.006852
    ]
   },
   "properties": {
    "id": "det-ed995cd33fa9",
    "name": null,
    "source": "detected",
    "status": "candidate",
    "confidence": 0.651,
    "hoops": null,
    "surface": null,
    "lit": null,
    "address": null,
    "region": "tennessee",
    "osm_id": null,
    "updated": "2026-10-08"
   }
  },
  {
   "type": "Feature",
   "geometry": {
    "type": "Point",
    "coordinates": [
     -82.735016,
     36.574466
    ]
   },
   "properties": {
    "id": "det-db5061d79e1c",
    "name": null,
    "source": "detected",
    "status": "candidate",
    "confidence": 0.65,
    "hoops": null,
    "surface": null,
    "lit": null,
    "address": null,
    "region": "tennessee",
    "osm_id": null,
    "updated": "2026-10-08"
   }
  },
  {
   "type": "Feature",
   "geometry": {
    "type": "Point",
    "coordinates": [
     -86.502916,
     36.184952
    ]
   },
   "properties": {
    "id": "det-a16bc7410706",
    "name": null,
    "source": "detected",
    "status": "candidate",
    "confidence": 0.65,
    "hoops": null,
    "surface": null,
    "lit": null,
    "address": null,
    "region": "tennessee",
    "osm_id": null,
    "updated": "2026-10-08"
   }
  },
  {
   "type": "Feature",
   "geometry": {
    "type": "Point",
    "coordinates": [
     -86.707231,
     36.109678
    ]
   },
   "properties": {
    "id": "det-6512c61e602e",
    "name": null,
    "source": "detected",
    "status": "candidate",
    "confidence": 0.65,
    "hoops": null,
    "surface": null,
    "lit": null,
    "address": null,
    "region": "tennessee",
    "osm_id": null,
    "updated": "2026-10-08"
   }
  },
  {
   "type": "Feature",
   "geometry": {
    "type": "Point",
    "coordinates": [
     -84.253014,
     36.482706
    ]
   },
   "properties": {
    "id": "det-5e479d135b7c",
    "name": null,
    "source": "detected",
    "status": "candidate",
    "confidence": 0.65,
    "hoops": null,
    "surface": null,
    "lit": null,
    "address": null,
    "region": "tennessee",
    "osm_id": null,
    "updated": "2026-10-08"
   }
  }
 ]
}
